1,æ0bə0hə0li1mə0,a/bo/ha/li/ma/
1,æ0dmaɪ1ə0,a/dmi/re/
1,æ0dmɪ1ʃə0n,a/dmi/ssio/n
1,æ0dvæ1ntɪ0dʒ,a/dva/nta/ge
1,æ0dvaɪ1s,a/dvi/ce
1,æ0dvaɪ1z,a/dvi/se
1,æ0dvɛ1ntʃə0ɹ,a/dve/ntu/re
1,æ0dvɜ1ɹtə0zmə0nt,a/dve/rti/seme/nt
1,æ0ksɛ1pt,a/cce/pt
1,æ0ksɛ1ptə0bl,a/cce/pta/ble
2,æ0ktɪ1vɪ0tɪ0,a/cti/vi/ty/
2,æ0ktɪ1vɪ0tɪ0z,a/cti/vi/tie/s
1,æ0lɡoʊ1mə0,a/lgo/ma/
1,æ0mbɪ1ʃə0n,a/mbi/tio/n
1,æ0mbɪ1ʃə0s,a/mbi/tiou/s
2,æ0næ1lɪ0sɪ0s,a/na/ly/si/s
1,æ0ŋzaɪ1ə0tɪ0,a/nxi/e/ty/
1,æ1bsə0lu2t,a/bso/lu/te
1,æ1bsə0ns,a/bse/nce
1,æ1bsə0nt,a/bse/nt
1,æ1bə0ɹt,a/be/rt
2,æ1d,a/dd
1,æ1dvə0ɹb,a/dve/rb
1,æ1dvə0ɹsɛ2ɹɪ0z,a/dve/rsa/rie/s
1,æ1dvə0ɹtaɪ2z,a/dve/rti/se
2,æ1dɪ0d,a/dde/d
1,æ1də0ms#taʊ2n,a/da/ms#tow/n
1,æ1dʒɪ0ktɪ0v,a/dje/cti/ve
2,æ1dɹɛ2s,a/ddre/ss
2,æ1ftə0ɹ,a/fte/r
1,æ1ftə0ɹwə0ɹdz,a/fte/rwa/rds
1,æ1fɹɪ0kə0,a/fri/ca/
1,æ1ks,a/x
1,æ1ks,a/xe
1,æ1ksə0də0nt,a/cci/de/nt
1,æ1ksɛ2s,a/cce/ss
1,æ1kt,a/ct
2,æ1ktɪ0v,a/cti/ve
1,æ1ktə0ɹ,a/cto/r
1,æ1ktʃu2ə0lɪ0,a/ctu/a/lly/
1,æ1ktɹə0s,a/ctre/ss
1,æ1ktʃə0wə0l,a/ctu/a/l
1,æ1ktʃʊ0wə0l,a/ctu/a/l
1,æ1kʃə0n,a/ctio/n
1,æ1lbə0m,a/lbu/m
1,æ1lbə0ɹn,a/lbe/rn
1,æ1lfə0,a/lpha/
1,æ1lfə0bɛ2t,a/lpha/be/t
1,æ1lkə0hɑ2l,a/lco/ho/l
1,æ1m,a/m
1,æ1mɹə0,a/mre/
1,æ1n,a/n
1,æ1nd,a/nd
1,æ1nsə0ɹ,a/nswe/r
1,æ1nt,a/nt
1,æ1nt,au/nt
2,æ1nyu0ə0l,a/nnu/a/l
1,æ1nə0mə0l,a/ni/ma/l
1,æ1nə0mə0lz,a/ni/ma/ls
1,æ1pl,a/pple
1,æ1plz,a/pples
1,æ1plɪ0ŋ,a/ppli/ng
1,æ1pə0ɹtʃə0ɹ,a/pe/rtu/re
2,æ1sk,a/sk
1,æ1skt,a/sked
1,æ1skɪ0ŋ,a/ski/ng
1,æ1sɪ0d,a/ci/d
2,æ1t,a/t
1,æ1tə0m,a/to/m
1,æ1və0nu2,a/ve/nue/
1,æ1vɛ0ɹɪ0dʒ,a/ve/ra/ge
1,a1wə0ɹz,ou/r/s
1,a1wə0ɹɡlæ2sɪ0z,hou/r#gla/sse/s
2,æ1z,a/s
1,æ1ʃ,a/sh
1,æ1ŋkl,a/nkle
1,æ1ŋkʃə0s,a/nxiou/s
1,æ1ʃlaɪ2n,a/shli/ne
1,æ1ŋɡl,a/ngle
1,æ1ɹəʊ0,a/rrow/
1,æ1ɡɹɪ0kʌ2ltʃə0ɹ,a/gri/cu/ltu/re
1,æ1ŋɡə0ɹ,a/nge/r
1,æ1ŋɡɹɪ0,a/ngry/
1,æ2bsə0lu1tlɪ0,a/bso/lu/tely/
1,æ2dmə0ɹeɪ1ʃə0n,a/dmi/ra/tio/n
1,æ2ftə0ɹ#nu1n,a/fte/r#noo/n
1,æ2lu1vɪ0ə0m,a/llu/vi/u/m
1,æ2nti2fʌ1ŋɡə0l,a/nti/fu/nga/l
2,æ2plə0keɪ1ʃə0n,a/ppli/ca/tio/n
2,æ2plə0keɪ1ʃə0nz,a/ppli/ca/tio/ns
1,æ2pə0ɹæ1tə0s,a/ppa/ra/tu/s
1,aɪ0di1ə0,i/de/a/
1,aɪ0di1ə0z,i/de/a/s
1,aɪ0dɛ1ntə0faɪ2,i/de/nti/fy/
1,aɪ0dɪ1ə0l,i/de/a/l
1,aʊ0t#ɹeɪ1dʒə0s,ou/t#ra/geou/s
1,aɪ0tɪ1nə0ɹɛ2ɹɪ0z,i/ti/ne/ra/rie/s
1,aʊ0ə0ɹ#sɛ1lvz,ou/r/#se/lves
1,aɪ1,eye/
1,aɪ1,i/
1,aɪ1dl,i/dle
2,aɪ1lə0nd,i/sla/nd
1,aɪ1lə0ndz,i/sla/nds
1,aɪ1lɪ0ts,i/sle/ts
1,aɪ1lɪ2d,eye/li/d
1,aɪ1m,i/'m
1,aʊ1ns,ou/nce
1,aʊ1nsɪ0z,ou/nce/s
1,aɪ1s,i/ce
1,aɪ1sɪ0,i/cy/
1,aɪ1sə0l,ei/se/l
1,aʊ1t#dɔ1ɹz,ou/t#doo/rs
1,aʊ1t#dɔ2ɹ,ou/t#doo/r
1,aʊ1t#saɪ1d,ou/t#si/de
1,aʊ1t#wə0ɹd,ou/t#wa/rd
1,aʊ1t,ou/t
1,aʊ1tlaɪ2n,ou/tli/ne
1,aʊ1tʃ,ou/ch
1,aɪ1tə0m,i/te/m
1,aʊ1tə0ɹ,ou/te/r
1,aɪ1v,i/'ve
1,aɪ1z,eye/s
1,aɪ1zə0nbə0ɹɡ,i/se/nbe/rg
1,aɪ1ə0mz,i/a/ms
1,aɪ1ə0n,i/ro/n
1,aʊ1ə0ɹ,hou/r/
1,aʊ1ə0ɹ,ou/r/
1,aʊ1ə0ɹz,hou/r/s
1,aʊ1ɹlɪ0,hou/rly/
1,aɪ1əʊ0s,i/o/s
1,aɪ2dɪ0ɑ1lə0dʒə0st,i/de/o/lo/gi/st
1,aɪ2s#læ0ndɛ1ə0,i/ce#la/ndai/r/
1,bæ0kti1ɹɪ0ə0,ba/cte/ri/a/
1,bæ1d,ba/d
1,bæ1d#nə0s,ba/d#ne/ss
1,bæ1k#slæ2pɪ0ŋ,ba/ck#sla/ppi/ng
1,bæ1k#wə0ɹd,ba/ck#wa/rd
1,bæ1k#wə0ɹdz,ba/ck#wa/rds
1,bæ1k#ɡɹaʊ2nd,ba/ck#grou/nd
2,bæ1k,ba/ck
1,bæ1lə0ns,ba/la/nce
2,bæ1nd,ba/nd
1,bæ1nə0stə0ɹ,ba/nni/ste/r
1,bæ1nɪ0ʃ#mə0nt,ba/ni/sh#me/nt
1,bæ1skɛ0t,ba/ske/t
1,bæ1tl,ba/ttle
1,bæ1ɡ,ba/g
1,bæ1θ,ba/th
2,bæ1ŋk,ba/nk
1,bæ1ɡɪ0dʒ,ba/gga/ge
1,bæ1ɹə0l,ba/rre/l
1,bæ1ɹə0n,ba/rre/n
1,bæ1ɹɪ0ɡə0ɹ,ba/rri/ge/r
1,bæ2ŋk#ə0mɛ1ɹɪ0kə0,ba/nk#a/me/ri/ca/
1,baɪ0æ1ksɪ0ə0l,bi#a/xi/a/l
1,baɪ0ɑ1lə0dʒɪ0,bi/o/lo/gy/
1,baʊ1,bow/
1,baɪ1,buy/
1,baɪ1,by/
1,baɪ1nd,bi/nd
1,baʊ1nd,bou/nd
1,baʊ1ndə0ɹɪ0,bou/nda/ry/
1,baɪ1sɪ0kə0l,bi/cy/c/le
1,baɪ1t,bi/te
1,baɪ1tlə0ɹ,bei/tle/r
1,baʊ1ə0lz,bow/e/ls
1,baɪ2poʊ1lə0ɹ,bi/po/la/r
1,beɪ1,bay/
1,beɪ1,bay/h
1,beɪ1bɪ0,ba/by/
1,beɪ1k,ba/ke
1,beɪ1lvə0,be/lva/
2,beɪ1s,ba/se
2,beɪ1st,ba/sed
1,beɪ1sɪ0k,ba/si/c
1,beɪ1sɪ0kə0lɪ0,ba/si/ca/lly/
1,beɪ1sɪ0n,ba/si/n
1,beɪ1sɪ0nz,ba/si/ns
1,beɪ1sɪ0s,ba/si/s
1,beɪ1sɪ0ɹ,ba/se/r
1,beɪ1ð,ba/the
1,beɪ1ðɪ0ŋ,ba/thi/ng
1,beɪ1ʒ,bei/ge
1,beɪ1ə0nɛ2ts,ba/yo/ne/ts
2,bi1,be/
1,bi1,bee/
1,bi1k,bea/k
1,bi1m,bea/m
1,bi1n,bea/n
1,bi1st,bea/st
1,bi1t,bea/t
1,bi1tl,bea/tle
1,bi1tɔ2vɛ0n,bee/tho/ve/n
1,bi1ɪ0ŋ,be/i/ng
1,blæ1k,bla/ck
1,blæ1khə0m,bla/ckha/m
1,blæ1st,bla/st
1,blaɪ1nd#saɪ2dɪ0d,bli/nd#si/de/d
1,blaɪ1nd,bli/nd
1,bleɪ1d,bla/de
1,bleɪ1m,bla/me
1,bli1d,blee/d
1,bli1m,blea/m
1,bloʊ1,blow/
1,blu1,blue/
1,blu1mə0n#θɔ2l,blu/me/n#tha/l
1,blu1θ,blu/th
1,blʌ1d,bloo/d
1,blɑ1k,blo/ck
1,blɛ1s,ble/ss
1,blɔɪ1ə0ɹ,bloy/e/r
1,boʊ1æ0z,bo/a/z
1,boʊ1dɪ0,bo/dey/
1,boʊ1l,bow/l
1,boʊ1ld,bo/ld
1,boʊ1lt,bo/ldt
1,boʊ1n,bo/ne
1,boʊ1st,boa/st
1,boʊ1t,boa/t
1,boʊ1θ,bo/th
1,bu1n,boo/ne
1,bu1t,boo/t
1,byu1tɪ0,beau/ty/
1,byu1tɪ0fə0l,beau/ti/fu/l
1,byu1ɡlz,bu/gles
1,byɜ1ɹk,bje/rke
2,bɪ0fɔ1ɹ,be/fo/re
1,bɪ0haɪ1nd,be/hi/nd
1,bɪ0heɪ1v,be/ha/ve
1,bɪ0heɪ1vyə0ɹ,be/ha/vio/r
1,bɪ0keɪ1m,be/ca/me
2,bɪ0kʌ1m,be/co/me
1,bɪ0kʌ1mz,be/co/mes
1,bɪ0kɛ1t,be/que/tte
2,bɪ0kɔ1z,be/cau/se
1,bɪ0laɪ1ɪ0ŋ,be/ly/i/ng
1,bɪ0li1f,be/lie/f
1,bɪ0li1v,be/lie/ve
2,bɪ0loʊ1,be/low/
1,bɪ0lɔ1ŋ,be/lo/ng
1,bə0næ1nə0,ba/na/na/
1,bɪ0ni1θ,be/nea/th
1,bɪ0saɪ1d,be/si/de
1,bɪ0saɪ1dz,be/si/des
2,bɪ0twi1n,be/twee/n
1,bɪ0yɑ1nd,be/yo/nd
1,bɪ0ɡæ1n,be/ga/n
1,bɪ0ɡɪ1n,be/gi/n
1,bɪ0ɡɪ1nɪ0ŋ,be/gi/nni/ng
1,bɛ1d#ɹu2m,be/d#roo/m
1,bɛ1d,be/d
1,bɛ1du0ɪ2nz,be/dou/i/ns
1,bɑ1dɪ0,bo/dy/
1,bʌ1dʒɪ0tə0d,bu/dge/te/d
2,bʊ1k,boo/k
1,bɑ1ks,bo/x
1,bʊ1ks,boo/ks
1,bʌ1kv0t,bu/cke/t
1,bʊ1kə0ɹz,boo/ke/r's
1,bʊ1l#faɪ2tə0ɹ,bu/ll#fi/ghte/r
1,bɔ1l,ba/ll
1,bɛ1l,be/ll
2,bɪ1l,bi/ll
1,bɪ1ld,bui/ld
1,bʊ1ldoʊ2z,bu/lldo/ze
1,bɪ1ldɪ0ŋ,bui/ldi/ng
1,bɛ1lt,be/lt
1,bɪ1lt,bui/lt
1,bʊ1lə0t,bu/lle/t
1,bɪ1lɪ0ə0n,bi/lli/o/n
1,bɛ1ləʊ0z,be/llow/s
1,bɑ1m,bo/mb
1,bʌ1mz,bu/ms
1,bɪ1n,bee/n
1,bɛ1nd,be/nd
2,bʌ1ndl,bu/ndle
1,bʌ1ntʃ,bu/nch
1,bɛ1nə0fɪ0t,be/ne/fi/t
2,bɛ1nə0fɪ0ts,be/ne/fi/ts
1,bɪ1nə0m,by/nu/m
1,bʌ1s,bu/s
1,bɛ1st,be/st
1,bɪ1t,bi/t
1,bʌ1t,bu/t
1,bɑ1tl,bo/ttle
1,bɑ1tə0m,bo/tto/m
1,bʌ1tə0n,bu/tto/n
1,bɛ1tə0ɹ,be/tte/r
1,bɪ1tə0ɹ,bi/tte/r
1,bʌ1tə0ɹ,bu/tte/r
1,bʌ1tə0ɹɪ0ks,bu/tte/ri/ck's
1,bɪ1znɪ0s#laɪ2k,bu/sine/ss#li/ke
1,bɪ1znə0s#mæ2n,bu/sine/ss#ma/n
1,bɪ1zɪ0,bu/sy/
1,bɪ1zɪ0nɛ0s#laɪ2k,bu/si/ne/ss#li/ke
1,bɪ1zɪ0nɛ0s#mæ2n,bu/si/ne/ss#ma/n
1,bɪ1zɪ0nə0s,bu/si/ne/ss
1,bɑ1ɹ,ba/r
1,bɛ1ɡ,be/g
1,bɛ1θ,be/th
2,bɪ1ɡ,bi/g
1,bʊ1ʃ,bu/sh
1,bɛ1ə0,ba/re/
1,bɛ1ə0,bea/r/
1,bɪ1ə0,bee/r/
1,bɑ1ɹbə0ɹ,ba/rbe/r
1,bɪ1ɹd,bea/rd
1,bɜ1ɹd,bi/rd
2,bɔ1ɹd,boa/rd
1,bʌ1ɡd,bu/gged
1,bɜ1ɹdɪ0,bi/rdy/
1,bɔ1ɹdə0ɹ,bo/rde/r
1,bɑ1ɹkəʊ0z,ba/rco/'s
1,bɜ1ɹlæ0k,be/rla/ck
1,bɔ1ɹn,bo/rn
1,bɜ1ɹn,bu/rn
1,bɜ1ɹnt#sə0n,be/rnt#se/n
1,bɜ1ɹnz,by/rne's
1,bɑ1ɹnɪ0kə0l,ba/rni/c/le
1,bɑ1ɹnɪ0ʃ,ba/rni/sh
1,bɑ1ɹoʊ2,bo/rrow/
1,bɜ1ɹst,bu/rst
1,bɜ1ɹtɹə0nd,be/rtra/nd
1,bɔ1ɹz,bo/rs
1,bɜ1ɹθ#deɪ2,bi/rth#day/
1,bɜ1ɹθ,bi/rth
1,bɛ1ɹɪ0,be/rry/
1,bɜ1ɹɪ0,beu/ry/
1,bɛ1ɹɪ0,bu/ry/
1,bɪ1ɡɛ0st,bi/gge/st
1,bɪ1ɡə0ɹ,bi/gge/r
1,bɛ1ɹɪ0ə0l,bu/ri/a/l
1,bɜ1ɹɡlə0ɹ,bu/rgla/r
1,bɑ1ɹɡɛ0n,ba/rgai/n
1,bɛ2nzəʊ0dɪ0æ1zə0pɪ0n,be/nzo/di/a/ze/pi/ne
1,bɹæ1f,bra/ff
1,bɹæ1nd,bra/nd
1,bɹæ1ntʃ,bra/nch
1,bɹæ1s,bra/ss
1,bɹæ1ɡd,bra/gged
1,bɹaɪ1b,bri/be
1,bɹaɪ1bə0ɹɪ0,bri/be/ry/
1,bɹaʊ1n,brow/n
1,bɹaɪ1t,bri/ght
1,bɹaɪ1tn,bri/ghten
1,bɹaɪ1tə0lɪ0ŋ,brei/t/li/ng
1,bɹaʊ1zə0ɹz,brow/se/rs
1,bɹeɪ1k#θɹu2,brea/k#throu/gh
1,bɹeɪ1k,brea/k
1,bɹeɪ1ks,bra/kes
1,bɹeɪ1n,brai/n
1,bɹeɪ1v,bra/ve
1,bɹeɪ1və0ɹɪ0,bra/ve/ry/
1,bɹi1d,bree/d
1,bɹi1ð,brea/the
1,bɹu1də0ɹ,bru/de/r
1,bɹɪ0si1,bre/see/
1,bɔɪ1,boy/
1,bɹɔ1d#kæ2st,broa/d#ca/st
1,bɹɛ1d,brea/d
1,bɹɔ1d,broa/d
1,bɹɛ1dθ,brea/dth
1,bɹɪ1dʒ,bri/dge
1,bɹɪ1k,bri/ck
1,bɹɛ1kfə0st,brea/kfa/st
1,bɔɪ1l,boi/l
1,bɹɔ1n,braw/n
1,bɹɛ1sləʊ0,bre/slow/
1,bɹɛ1st,brea/st
2,bɹɔ1t,brou/ght
2,bɹɪ1tɪ0ʃ,bri/ti/sh
1,bɹʌ1ðə0ɹ,bro/the/r
1,bɹɛ1θ,brea/th
1,bɹɪ1ŋ,bri/ng
1,bɹʌ1ʃ,bru/sh
1,bɹɪ2ɡə0dɪ1ə0,bri/ga/dee/r/
1,bɹɔɪ1,broy/
1,dæ1leɪ2,da/lai/
1,dæ1mp,da/mp
1,dæ1mə0dʒ,da/ma/ge
1,dæ1ns,da/nce
1,dæ1tə0m,da/tu/m
1,dæ1ɹɪ0n,da/re/n
1,daɪ0vɜ1ɹdʒd,di/ve/rged
1,daɪ0ɹɛ1kt#nə0s,di/re/ct#ne/ss
2,daɪ0ɹɛ1ktə0ɹɪ0z,di/re/cto/rie/s
1,daɪ1,die/
1,daɪ1d,di/ed
1,daɪ1d,die/d
1,daɪ1kəʊ0,dy/co/
1,daɪ1mə0nd,di/amo/nd
1,daɪ1mə0nd,dia/mo/nd
1,daʊ1n#saɪ2d,dow/n#si/de
1,daɪ1n,di/ne
1,daʊ1n,dow/n
1,daɪ1nə0ɹz,di/na/rs
1,daɪ1oʊ2d,di/o/de
1,daʊ1t,dou/bt
1,daɪ1v,di/ve
1,daɪ1ə0ɹi0,di/a/ry/
1,daɪ1ə0ɡnoʊ1z,di/a/gno/se
1,daɪ1ə0ɡnoʊ1zd,di/a/gno/sed
1,daʊ1ɡə0n,dou/ga/n
1,daɪ2ʌ1mɪ0tə0ɹ,di/a/me/te/r
1,deɪ1,day/
1,deɪ1laɪ2t,day/li/ght
2,deɪ1lɪ0,dai/ly/
1,deɪ1mɪ0nt,de/mi/nt
1,deɪ1ndʒə0ɹ,da/nge/r
1,deɪ1ndʒə0ɹə0s,da/nge/rou/s
2,deɪ1t,da/te
1,deɪ1tə0,da/ta/
2,deɪ1vɪ0d,da/vi/d
1,deɪ1z,day/s
1,di1d,dee/d
1,di1l,dea/l
1,di1p,dee/p
1,di1pn,dee/pen
1,di2fɔ0ɹmeɪ1ʃə0n,de/fo/rma/tio/n
1,doʊ1nə0ɹz,do/no/rs
1,doʊ1sə0dʒ,do/sa/ge
1,du1,do/
2,du1,due/
1,du1s,doo/se
1,du1tɪ0,du/ty/
1,du1ə0bl,do/a/ble
1,du1ɪ0ŋ,do/i/ng
1,dwɛ1lɪ0ŋ,dwe/lli/ng
1,dɪ0faɪ1n,de/fi/ne
1,dɪ0fi1t,de/fea/t
1,dɪ0fɛ1nd,de/fe/nd
1,dɪ0fɛ1ndə0nt,de/fe/nda/nt
1,dɪ0fɛ1ns,de/fe/nse
1,dɪ0kæ1fə0neɪ2t,de/ca/ffei/na/te
1,dɪ0keɪ1,de/cay/
1,dɪ0klɛ1ə0,de/cla/re/
1,dɪ0kɹi1s,de/crea/se
1,dɪ0laɪ1t,de/li/ght
1,dɪ0leɪ1,de/lay/
1,dɪ0lɪ1nɪ0eɪ2ts,de/li/ne/a/tes
1,dɛ0lɪ1və0ɹ,de/li/ve/r
1,dɪ0lɪ1və0ɹɪ0,de/li/ve/ry/
1,dɪ0lɪ1ŋkwə0nts,de/li/nque/nts
1,dɪ0mæ1nd,de/ma/nd
1,dɪ0mɑ1kɹə0sɪ0,de/mo/cra/cy/
1,dɪ0naɪ1,de/ny/
1,dɪ0pɪ1kts,de/pi/cts
1,dɪ0pɛ1nd,de/pe/nd
1,dɪ0pɛ1ndz,de/pe/nds
1,dɪ0pɛ1ndə0ns,de/pe/nde/nce
1,dɪ0pɛ1ndə0nt,de/pe/nde/nt
2,dɪ0pɑ1ɹtmə0nt,de/pa/rtme/nt
1,dɪ0pɑ2pyə0leɪ1ʃə0n,de/po/pu/la/tio/n
1,dɪ0pɹɛ1s,de/pre/ss
1,dɪ0pɹɛ1ʃə0n,de/pre/ssio/n
1,dɪ0sæ1tə0sfaɪ2,di/ssa/ti/sfy/
1,dɪ0saɪ1sɪ0v,de/ci/si/ve
1,dɪ0seɪ2lɪ0neɪ1ʃə0n,de/sa/li/na/tio/n
1,dɪ0si1t,de/cei/t
1,dɪ0si1v,de/cei/ve
1,dɪ0skə0ntɛ1nt,di/sco/nte/nt
1,dɪ0skʌ1mfə0ɹt,di/sco/mfo/rt
1,dɪ0skʌ1s,di/scu/ss
1,dɪ0skʌ1və0ɹ,di/sco/ve/r
1,dɪ0skʌ1və0ɹd,di/sco/ve/red
1,dɪ0skʌ1və0ɹɪ0,di/sco/ve/ry/
1,dɪ0skɜ1ɹɪ0dʒ,di/scou/ra/ge
1,dɪ0skɜ1ɹɪ0dʒmə0nt,di/scou/ra/geme/nt
1,dɪ0skɹaɪ1b,de/scri/be
2,dɪ0skɹaɪ1bd,de/scri/bed
1,dɪ0skɹɪ1ptɪ0v,de/scri/pti/ve
1,dɪ0skɹɪ1pʃə0n,de/scri/ptio/n
1,dɪ0smɪ1s,di/smi/ss
2,dɪ0spaɪ1t,de/spi/te
2,dɪ0spleɪ1,di/splay/
1,dɪ0spyu1t,di/spu/te
1,dɪ0spɛ1ə0,de/spai/r/
1,dɪ0stɪ1lə0ɹz,di/sti/ller/'s
1,dɪ0stɜ1ɹb,di/stu/rb
1,dɪ0stɪ1ŋɡwɪ0ʃ,di/sti/ngui/sh
1,dɪ0stɹʌ1ktɪ0v,de/stru/cti/ve
1,dɪ0stɹʌ1kʃə0n,de/stru/ctio/n
1,dɪ0stɹɔɪ1,de/stroy/
1,dɪ0sɪ0nfɛ1kt,di/si/nfe/ct
1,dɪ0sə0ɡɹi1,di/sa/gree/
2,dɪ0sɛ1mbə0ɹ,de/ce/mbe/r
1,dɪ0sɛ1nd,de/sce/nd
1,dɪ0sɛ1ndə0nt,de/sce/nda/nt
1,dɪ0sɛ1nt,de/sce/nt
2,dɪ0sɪ1ʒə0n,de/ci/sio/n
1,dɪ0sɡʌ1st,di/sgu/st
1,dɪ0teɪ1l,de/tai/l
2,dɪ0teɪ1lz,de/tai/ls
1,də0tɜ1ɹmɪ0n,de/te/rmi/ne
1,də0tɜ1ɹmə0nd#lɪ0,de/te/rmi/ned#ly/
1,dɪ0tɜ1ɹmə0nd,de/te/rmi/ned
1,dɪ0tɜ1ɹmə0nə0bl,de/te/rmi/na/ble
1,dɪ0tɜ2ɹmə0neɪ1ʃə0n,de/te/rmi/na/tio/n
1,dɪ0vaɪ1d,di/vi/de
1,dɪ0vaɪ1s,de/vi/ce
1,dɪ0vɛ1lə0p,de/ve/lo/p
1,dɪ0vɛ1lə0pmə0nt,de/ve/lo/pme/nt
2,dɪ0vɛ1lə0pt,de/ve/lo/ped
1,dɪ0vɛ1lə0pɪ0ŋ,de/ve/lo/pi/ng
1,dɪ0vɪ1ʒə0n,di/vi/sio/n
1,dɛ0wʊ1lf,de/wo/lf
1,dɪ0zaɪ1n,de/si/gn
2,dɪ0zaɪ1nd,de/si/gned
1,dɪ0zaɪ1ə0,de/si/re/
1,dɪ0zaɪ1ɹə0bl,de/si/ra/ble
1,dɪ0zi1z,di/sea/se
1,dɪ0zɜ1ɹv,de/se/rve
1,də0ɹɛ1kt,di/re/ct
1,dɪ0ɹɛ1kt,di/re/ct
2,də0ɹɛ1ktlɪ0,di/re/ctly/
1,də0ɹɛ1ktə0ɹ,di/re/cto/r
2,dɪ0ɹɛ1ktə0ɹ,di/re/cto/r
1,dɪ0ɹɛ1ktə0ɹɪ0,di/re/cto/ry/
1,dɪ0ɹɛ1kʃə0n,di/re/ctio/n
1,dɪ0ɡɹi1,de/gree/
1,dɔ1#nɪ0,dau/gh#ney/
1,dʌ1bl,dou/ble
1,dɛ1d,dea/d
1,dɪ1d,di/d
1,dɪ1dnt,di/dn't
1,dɪ1dʒə0tə0l,di/gi/ta/l
1,dɛ1f,dea/f
1,dɛ1fn,dea/fen
1,dɪ1fə0kə0lt,di/ffi/cu/lt
1,dɪ1fə0kə0ltɪ0,di/ffi/cu/lty/
1,dɪ1fɪ0kʌ2ltɪ0z,di/ffi/cu/ltie/s
1,dɪ1fə0ɹɛ0ns,di/ffe/re/nce
1,dɪ1fə0ɹɛ0nt,di/ffe/re/nt
1,dʌ1k,du/ck
1,dɑ1ktə0ɹ,do/cto/r
1,dɑ1kyə0mɛ0nt,do/cu/me/nt
1,dɑ1kyə0mɛ2nə0d,do/cu/me/nte/d
1,dɛ1kə0ɹeɪ2t,de/co/ra/te
1,dɪ1kʃə0nɛ2ɹɪ0,di/ctio/na/ry/
1,dʌ1l,du/ll
1,dɪ1lɡ,di/lg
1,dɛ1lə0kɛ0t,de/li/ca/te
1,dɑ1lə0ɹ,do/lla/r
1,dɔ1lə0ɹz,do/lla/r's
1,dɑ1lə0ɹz,do/lla/rs
1,dʌ1n,do/ne
1,dɔ1nt,do/n't
1,dɪ1nə0ɹ,di/nne/r
1,dɪ1p,di/p
1,dɛ1pyu0tɪ0z,de/pu/tie/s
1,dɛ1pθ,de/pth
1,dɛ1sk,de/sk
1,dɑ1st,do/st
1,dʌ1st,du/st
1,dɪ1stə0ns,di/sta/nce
1,dɪ1stə0nt,di/sta/nt
2,dɪ1stɹɪ0kt,di/stri/ct
1,dɛ1sə0mə0l,de/ci/ma/l
1,dɪ1sə0plə0n,di/sci/pli/ne
1,dɛ1t,de/bt
1,dɑ1t,do/t
1,dɪ1tʃ,di/tch
1,dɔ1tə0ɹ,dau/ghte/r
1,dʌ1tə0ɹ,du/tte/r
1,dɛ1və0l,de/vi/l
1,dɛ1vɪ0nɪ0,de/ve/ney/
1,dʌ1z,doe/s
1,dʌ1zn,do/zen
1,dʌ1znt,doe/sn't
1,dɛ1zə0ɹt,de/se/rt
1,dɔ1ɹ#weɪ2,doo/r#way/
1,dɛ1θ,dea/th
1,dɪ1ɡ,di/g
1,dɪ1ʃ,di/sh
1,dɔ1ɡ,do/g
1,dɔ1ɹ,doo/r
1,dʌ1ɡ,du/g
1,dɛ1ə0,da/re/
1,dɪ1ə0,dea/r/
1,dɪ1ə0,dee/r/
1,dɜ1ɹfə0lɪ0ŋə0ɹ,de/rf/li/nge/r
1,dɑ1ɹk,da/rk
1,dɑ1ɹkn,da/rken
1,dɑ1ŋkɪ0,do/nkey/
1,dɜ1ɹt,di/rt
1,dɜ1ɹtɪ0,di/rty/
1,dɑ1ɹtə0ɹ,da/rte/r
1,dɛ1ʃɔ0,de/shaw/
1,dɛ1ɹɪ0bɛ2ɹɪ0,de/rry/be/rry/
1,dɔ1ɹɪ0s,do/ri/s
1,dɛ1ɹɪ0ŋ,da/ri/ng
1,dʊ1ɹɪ0ŋ,du/ri/ng
1,dɛ2klə0ɹeɪ1ʃə0n,de/cla/ra/tio/n
1,dɛ2kə0ɹeɪ1ʃə0n,de/co/ra/tio/n
1,dɪ2s#kə0ntɛ1ntɪ0dlɪ0,di/s#co/nte/nte/dly/
1,dɪ2s#kə0ntɪ2nyu0eɪ1ʃə0n,di/s#co/nti/nu/a/tio/n
1,dɪ2s#ə0dvæ1ntɪ0dʒd,di/s#a/dva/nta/ged
1,dɪ2s#ɹɪ0spɛ1kt,di/s#re/spe/ct
1,dɪ2s#ɹɪ0ɡɑ1ɹd,di/s#re/ga/rd
1,dɪ2sæ0tɪ0sfæ1kʃə0n,di/ssa/ti/sfa/ctio/n
1,dɪ2saɪ1d,de/ci/de
2,dɪ2saɪ1dɪ0d,de/ci/de/d
1,dɪ2skʌ1ʃə0n,di/scu/ssio/n
1,dɪ2sɪ0plɪ0nɛ1ɹɪ0ə0nz,di/sci/pli/na/ri/a/ns
1,dɪ2sə0pɪ1ə0,di/sa/ppea/r/
1,dɪ2sə0pɪ1ə0ɹə0ns,di/sa/ppe/a/ra/nce
1,dɪ2sə0pɹu1v,di/sa/ppro/ve
1,dɪ2sə0pɔɪ1nt,di/sa/ppoi/nt
1,dɪ2sə0pɔɪ1ntɪ0d,di/sa/ppoi/nte/d
1,dɪ2sə0soʊ1ʃɪ0əɪ0tə0d,di/sa/sso/ci/a/te/d
1,dɛ2zɪ0ɡni1z,de/si/gnee/s
1,dɑ2ɹ#dʒi1lɪ0ŋ,da/r#jee/li/ng
1,dʒæ1kɪ0,ja/cky/
2,dʒæ1nyu0ɛ2ɹɪ0,ja/nu/a/ry/
1,dɹæ1ɡ,dra/g
1,dɹaɪ1,dry/
1,dɹaɪ1lɪ0,dry/ly/
1,dɹaʊ1n,drow/n
1,dɹaɪ1v,dri/ve
1,dɹaɪ1vz,dri/ve's
1,dɹaɪ1vz,dri/ves
2,dʒeɪ1mz,ja/mes
1,dʒeɪ1mɪ0sə0n,ja/mi/so/n
1,dɹi1m,drea/m
1,dʒi1nz,ge/ne's
1,dʒi1nz,ge/nes
1,dʒi1zʌ0s,je/su/s
2,dʒi2ə0mɑ1ti2,gi/a/ma/tti/
1,dʒi2əʊ0pə0lɪ1tɪ0kə0lɪ0,ge/o/po/li/ti/ca/lly/
1,dʒoʊ1k,jo/ke
1,dʒu1dɪ0ɪ2zm,ju/da/i/sm
1,dʒu1dɪ0ɪ2zə0m,ju/da/i/s/m
1,dʒu1fɹɪ0də0,giu/ffri/da/
2,dʒu1n,ju/ne
1,dʒu1s,jui/ce
1,dʒu1z,jew/s'
1,dʒu1ə0l#ɹɪ0,jew/e/l#ry/
1,dʒu1ə0l,jew/e/l
2,dʒu2laɪ1,ju/ly/
1,dɹə0koʊ1nɪ0ə0n,dra/co/ni/a/n
1,dʒɛ0nɑ1dɪ0,ge/nna/di/
1,dʒə0ɹɑ1ɹd,ge/ra/rd
1,dɹɔ1,draw/
1,dʒɔ1,jaw/
1,dʒɑ1b,jo/b
1,dʒɑ1bz,jo/bs
1,dɹɔ1daʊ2n,draw/dow/n
1,dʒʌ1dʒ#mə0nt,ju/dg#me/nt
1,dʒʌ1dʒ,ju/dge
1,dʒɛ1lɪ0,je/lly/
1,dʒɑ1lɪ0,jo/lley/
1,dʒɛ1lə0s,jea/lou/s
1,dʒɛ1lə0sɪ0,jea/lou/sy/
1,dɹʌ1m,dru/m
1,dʒʌ1mp,ju/mp
2,dʒɑ1n,joh/n
2,dʒɛ1ntl#mə0n,ge/ntle#ma/n
2,dʒɛ1ntl,ge/ntle
1,dʒɛ1nɛ0ɹə0l,ge/ne/ra/l
1,dʒɑ1nə0θə0n,jo/na/tha/n
1,dʒɛ1nə0ɹə0s,ge/ne/rou/s
1,dɹɑ1p,dro/p
1,dɹɛ1s,dre/ss
1,dʒʌ1st,ju/st
1,dʒʌ1stɪ0faɪ0,ju/sti/fy/
1,dʒʌ1stə0s,ju/sti/ce
1,dɹɪ1vn,dri/ven
1,dɹɔ1ɹ,draw/er
1,dɹʌ1ɡ,dru/g
1,dʒɔ1ʃ,jo/sh
1,dɹɪ1ŋk,dri/nk
1,dɹʌ1ŋk,dru/nk
1,dʒʌ1ŋkɪ0ə0st,ju/nki/e/st
1,dʒʌ1ɡlz,ju/ggles
1,dʒɜ1ɹnɪ0,jou/rney/
1,dʒɜ1ɹnə0l,jou/rna/l
1,dɹʌ1ɡz,dru/gs
1,dʒɔ1ʃʊ0ə0,jo/shu/a/
1,dʒɛ2nɛ0ɹeɪ1ʃə0n,ge/ne/ra/tio/n
1,dʒɛ2ɹə0ntɑ1lə0dʒɪ0,ge/ro/nto/lo/gy/
1,dʒɔɪ1,joy/
1,dʒɔɪ1n,joi/n
1,dʒɔɪ1nt,joi/nt
1,dʒɔɪ1z,joy/s
1,eɪ1bl,a/ble
1,eɪ1dʒ,a/ge
1,eɪ1də0n,ai/da/n
1,eɪ1də0ɹ,a/de/r
1,eɪ1dʒɛ0nsɪ0,a/ge/ncy/
1,eɪ1dʒə0nt,a/ge/nt
1,eɪ1k,a/che
1,eɪ1kɪ0n,a/ki/n
1,eɪ1kɔ0ɹn,a/co/rn
1,eɪ1m,ai/m
1,eɪ1ntʃə0nt,a/ncie/nt
2,eɪ1pɹə0l,a/pri/l
1,eɪ1t,ei/ght
1,eɪ1tθ,ei/ghth
1,fæ1kt,fa/ct
1,fæ1ktə0ɹ,fa/cto/r
1,fæ1ktə0ɹɪ0,fa/cto/ry/
1,fæ1mə0lɪ0,fa/mi/ly/
2,fæ1mə0lɪ0z,fa/mi/lie/s
1,fæ1n,fa/n
1,fæ1nsɪ0,fa/ncy/
1,fæ1nsɪ0ə0ɹz,fa/nci/e/rs
1,fæ1s,fah/s
1,fæ1st,fa/st
1,fæ1stə0ɹ,fa/ste/r
1,fæ1sə0n,fa/ste/n
1,fæ1sə0nə0ɹ,fa/s/tene/r
1,fæ1t,fa/t
1,fæ1tn,fa/tten
1,fæ1ʃə0n,fa/shio/n
1,fæ1ʃə0nə0bl,fa/shio/na/ble
1,faʊ0ndeɪ1ʃə0n,fou/nda/tio/n
1,faɪ1,fye/
2,faɪ1l,fi/le
2,faɪ1n,fi/ne
1,faɪ1nd,fi/nd
1,faʊ1nd,fou/nd
2,faɪ1nə0l,fi/na/l
1,faɪ1nə0lɪ0,fi/na/lly/
1,faɪ1t,fi/ght
1,faɪ1v,fi/ve
2,faɪ1ə0ɹ,fi/re/
1,faɪ1ə0ɹpleɪ2s,fi/re/pla/ce
1,feɪ1d,fa/de
1,feɪ1l,fai/l
1,feɪ1lyə0ɹ,fai/lu/re
1,feɪ1m,fa/me
1,feɪ1mə0s,fa/mou/s
1,feɪ1nt,fai/nt
1,feɪ1s,fa/ce
1,feɪ1t,fa/te
1,feɪ1və0ɹ,fa/vo/r
1,feɪ1və0ɹz,fa/vor/s
1,feɪ1və0ɹə0bl,fa/vo/ra/ble
1,feɪ1və0ɹɪ0t,fa/vo/ri/te
1,feɪ1θ#fə0l,fai/th#fu/l
1,feɪ1θ,fai/th
1,fi1d,fee/d
1,fi1l,fee/l
1,fi1ld,fie/ld
1,fi1lɪ0ŋ,fee/li/ng
1,fi1lɪ0ŋz,fee/li/ngs
1,fi1meɪ2l,fe/ma/le
1,fi1si2z,fe/ce/s
1,fi1st,fea/st
1,fi1t,fee/t
1,fi1tʃə0ɹ,fea/tu/re
2,fi1tʃə0ɹz,fea/tu/res
1,fi1və0ɹ,fe/ve/r
1,flæ0mbɔɪ1ə0nt,fla/mboy/a/nt
1,flæ1nə0lz,fla/nne/ls
1,flæ1t,fla/t
1,flæ1tn,fla/tten
1,flæ1tə0n,fla/tte/n
2,fla1wə0ɹ,flo/u/r
2,fla1wə0ɹ,flo/we/r
1,flæ1ɡ#ʃɪ2p,fla/g#shi/p
1,flæ1ɡ,fla/g
1,flæ1ʃ,fla/sh
1,flaɪ1,fly/
1,flaʊ1ndə0ɹ,flou/nde/r
1,flaɪ1t,fli/ght
1,fleɪ1m,fla/me
1,fleɪ1və0ɹ,fla/vo/r
1,floʊ1,flow/
1,floʊ1t,floa/t
1,flə0mɪ1ŋɡəʊ0z,fla/mi/ngo/s
1,flɔ1d,flawe/d
1,flʌ1d,floo/d
1,flɛ1ʃ,fle/sh
1,flɔ1ɹ,floo/r
1,flɜ1ɹɪ0ʃ,flou/ri/sh
1,flʌ1ɹɪ0ʃ,flou/ri/sh
1,flɔɪ1,floy/
1,foʊ1kstoʊ2n,fo/lksto/ne
1,foʊ1kə0s,fo/cu/s
1,foʊ1kə0st,fo/cu/sed
1,foʊ1ld,fo/ld
1,foʊ1n,pho/ne
1,foʊ1toʊ2,pho/to/
1,foʊ1tə0ɡɹæ2f,pho/to/gra/ph
1,fu1d,foo/d
1,fu1l,foo/l
1,fu1lɪ0ʃ,foo/li/sh
1,fyu1,few/
1,fyu1nə0ɹə0l,fu/ne/ra/l
1,fyu1tʃə0ɹ,fu/tu/re
1,fɪ0fti1n,fi/ftee/n
1,fʊ0lfɪ1l,fu/lfi/ll
1,fə0mɪ1lyə0ɹ,fa/mi/lia/r
2,fə0næ1nʃə0l,fi/na/ncia/l
1,fə0sɪ1lɪ0tɪ0,fa/ci/li/ty/
1,fə0tɑ1ɡɹə0fɪ0,pho/to/gra/phy/
1,fɔ0ɹ#teɪ1st,fo/re#ta/ste
1,fɔ0ɹbɪ1d,fo/rbi/d
1,fɔ0ɹtu1ɪ0tə0s,fo/rtu/i/tou/s
1,fɛ0ɹʌ1ɹi2,fe/rra/ri/
1,fɪ0ɡɜ1ɹskɪ0,fi/gu/rski/
1,fɔ0ɹɡɛ1t,fo/rge/t
1,fɔ0ɹɡɪ1v,fo/rgi/ve
2,fɛ1byə0wɛ2ɹɪ0,fe/bru/a/ry/
1,fɛ1də0ɹə0l,fe/de/ra/l
1,fɛ1dɛ0ɹə0l,fe/de/ra/l
1,fɛ1dɹə0lɪ2zm,fe/dera/li/sm
1,fɛ1dɹə0lɪ2zə0m,fe/dera/li/s/m
1,fɪ1ftɪ0,fi/fty/
1,fɪ1fθ,fi/fth
1,fɪ1ks,fi/x
1,fɑ1ks,fo/x
1,fʊ1l#nɛ0s,fu/ll#ne/ss
1,fɔ1l,fa/ll
1,fɪ1l,fi/ll
1,fʊ1l,fu/ll
1,fɛ1ld,fe/ld
1,fɔ1ldz,fau/lds
1,fɪ1lm,fi/lm
2,fɔ1ls,fa/lse
1,fɔ1lt,fau/lt
1,fɛ1lt,fe/lt
1,fɛ1ləʊ0,fe/llow/
1,fɑ1ləʊ0,fo/llow/
2,fɑ1ləʊ0ɪ0ŋ,fo/llow/i/ng
1,fɛ1ləʊ0ʃɪ2p,fe/llow/shi/p
1,fʌ1n,fu/n
1,fɑ1nd,fo/nd
1,fʌ1nd,fu/nd
1,fɛ1ns,fe/nce
1,fʌ1nɪ0,fu/nny/
1,fɪ1nɪ0ʃ,fi/ni/sh
1,fʊ1t#bɔ2l,foo/t#ba/ll
1,fʊ1t#pæ2θ,foo/t#pa/th
1,fʊ1t#stɛ2p,foo/t#ste/p
1,fɪ1t,fi/t
1,fʊ1t,foo/t
1,fɑ1tə0,fa/ta/
1,fɪ1tɪ0d,fi/tte/d
1,fɪ1zɪ0kə0l,phy/si/ca/l
1,fɛ1zə0nt,phea/sa/nt
1,fɑ1ðə0ɹ,fa/the/r
1,fɛ1ðə0ɹ,fea/the/r
1,fɑ1ðə0ɹz,fa/the/rs
1,fɔ1ɹ#hɛ0d,fo/re#hea/d
1,fɑ1ɹ,fa/r
1,fɪ1ʃ,fi/sh
1,fɔ1ɹ,fo/r
1,fɔ1ɹ,fou/r
1,fɜ1ɹ,fu/r
1,fɛ1ə0,fai/r/
1,fɛ1ə0,fe/rre/
1,fɪ1ə0,fea/r/
1,fɜ1ɹbɪ0ʃɪ0ŋ,fu/rbi/shi/ng
1,fɔ1ɹk,fo/rk
1,fɔ1ɹkə0ɹ,fo/rke/r
2,fʌ1ŋkʃə0n,fu/nctio/n
1,fɑ1ɹm#yɑ2ɹd,fa/rm#ya/rd
1,fɑ1ɹm,fa/rm
1,fɜ1ɹm,fi/rm
1,fɔ1ɹm,fo/rm
1,fɔ1ɹmə0l,fo/rma/l
1,fɑ1ɹmə0ɹ,fa/rme/r
2,fɔ1ɹmə0ɹ,fo/rme/r
1,fɔ1ɹmə0ɹlɪ0,fo/rme/rly/
1,fɜ1ɹnɪ0tʃə0ɹ,fu/rni/tu/re
1,fɜ1ɹnɪ0ʃ,fu/rni/sh
1,fɪ1ɹs,fi/erce
1,fɔ1ɹs,fo/rce
1,fɜ1ɹst,fi/rst
1,fɜ1ɹsə0n,phe/rso/n
1,fɔ1ɹt,fo/rt
1,fɔ1ɹtʃu0nə0t,fo/rtu/na/te
1,fɔ1ɹtʃʊ0n,fo/rtu/ne
1,fɑ1ɹveɪ2,fa/rve/
1,fɔ1ɹwə0ɹd,fo/rwa/rd
1,fɔ1ɹwə0ɹdz,fo/rwa/rds
1,fɪ1ɡyʊ0ɹ,fi/gu/re
1,fɑ1ɹðə0ɹ,fa/the/r
1,fɜ1ɹðə0ɹ,fu/rthe/r
1,fɔ1ɹθ,fo/rth
1,fɔ1ɹθ,fou/rth
1,fɛ1ɹɪ0,fai/ry/
1,fɛ1ɹɪ0,fe/ry/
1,fɔ1ɹɪ0d,fo/rehea/d
1,fɛ1ɹɪ0k,fe/rri/ck
1,fɔ1ɹə0n,fo/rei/gn
1,fɔ1ɹɪ0n,fo/rei/gn
1,fɔ1ɹɪ0nə0ɹ,fo/rei/gne/r
1,fɔ1ɹə0st,fo/re/st
1,fɪ1ʃə0ɹ#mæ2n,fi/she/r#ma/n
1,fɪ1ŋɡə0ɹ,fi/nge/r
1,fɛ2mə0nɪ1nə0tɪ0,fe/mi/ni/ni/ty/
1,fɔ2ɹtə0fə0keɪ1ʃə0nz,fo/rti/fi/ca/tio/ns
1,fɹæ1nsɪ0s,fra/nci/s
1,fɹæ1ŋklɪ0n,fra/nckli/n
1,fɹæ1ŋkə0faɪ2l,fra/nco/phi/le
1,fɹæ2nsɪ1skoʊ0,fra/nci/sco/
1,fɹaɪ1,fry/
1,fɹaɪ1t,fri/ght
1,fɹaɪ1tn,fri/ghten
1,fɹaɪ1tə0nɪ0ŋ,fri/ghte/ni/ng
1,fɹaɪ1ə0ɹ,fri/ar/
1,fɹeɪ1m#wɜ2ɹk,fra/me#wo/rk
1,fɹeɪ1m,fra/me
1,fɹeɪ1z,phra/se
1,fɹi1,free/
1,fɹi1də0m,free/do/m
1,fɹi1də0mz,free#do/m's
1,fɹi1kwə0nsɪ0,fre/que/ncy/
1,fɹi1kwə0nt,fre/que/nt
1,fɹi1z,free/ze
1,fɹi1ə0,frei/a/
1,fɹu1t#lɛ0s,frui/t#le/ss
1,fɹu1t,frui/t
1,fɹʌ1m,fro/m
1,fɹɛ1nd,frie/nd
1,fɹɛ1ndlɪ0,frie/ndly/
1,fɹɛ1ndz,frie/nds
1,fɹɛ1ndʃɪ0p,frie/ndshi/p
1,fɹʌ1nt,fro/nt
2,fɹɛ1ntʃ,fre/nch
1,fɹɛ1ʃ,fre/sh
1,fɹɪ1ɡɪ0ŋ,fri/ggi/ng
1,gaɪ1ɛ0tɪ0,gai/e/ty/
1,gɔ1,go/gh
1,gɑ1ɹdnə0ɹ,ga/rdne/r
1,gɑ1ɹtnə0ɹ,ga/rtne/r
1,hæ0phæ1zə0ɹd,ha/pha/za/rd
1,hæ1bə0t,ha/bi/t
1,hæ1d,ha/d
1,hæ1f,ha/lf
1,hæ1lpə0ɹ,ha/lper/
1,hæ1mdə0n,ha/mda/n
1,hæ1mə0ɹ,ha/mme/r
1,hæ1nd#ɹaɪ2tɪ0ŋ,ha/nd#wri/ti/ng
1,hæ1nd#ʃeɪ2k,ha/nd#sha/ke
1,hæ1nd,ha/nd
2,hæ1ndl,ha/ndle
1,hæ1ndz,ha/nds
1,hæ1pn,ha/ppen
1,hæ1pɪ0,ha/ppy/
1,hæ1pə0nd,ha/ppe/ned
1,hæ1pə0nz,ha/ppe/ns
1,hæ1pɪ0nə0s,ha/ppi/ne/ss
1,hæ1pə0nɪ0ŋ,ha/ppe/ni/ng
1,hæ1t,ha/t
1,hæ1v,ha/ve
1,hæ1vɪ0ŋ,ha/vi/ng
1,hæ1z,ha/s
1,hæ1ŋ,ha/ng
2,hæ1ŋkə0ɹtʃɪ0f,ha/ndke/rchie/f
3,haɪ1,hi/gh
1,haʊ1,how/
1,haɪ1d,hi/de
1,haɪ1kɪ0lə0,hei/kki/la/
2,haɪ1lɪ0,hi/ghly/
1,haʊ1s,hou/se
1,haɪ1stə0ɹ,hei/ste/r
1,haɪ1t,hei/ght
1,haɪ1tn,hei/ghten
1,haɪ1weɪ2,hi/ghway/
2,haɪ1ə0ɹ,hi/ghe/r
1,haɪ1ə0ɹ,hi/re/
1,haʊ1ɪ0ŋtə0n,how/i/ngto/n
1,haɪ2bɜ1ɹ#nɪ0ə0z,hi/be/r#ni/a/'s
1,haɪ2pə0mæ1nɪ0k,hy/po/ma/ni/c
1,haɪ2pə0meɪ1nɪ0ə0,hy/po/ma/ni/a/
2,haʊ2ɛ1və0ɹ,how/e/ve/r
1,heɪ1,hay/
1,heɪ1sn,ha/sten
1,heɪ1st,ha/ste
1,heɪ1stɪ0,ha/sty/
1,heɪ1t,ha/te
1,heɪ1tɹɪ0d,ha/tre/d
1,heɪ1wʊ2d,hay/woo/d
1,hi1,he/
1,hi1l,hea/l
1,hi1l,hee/l
1,hi1p,hea/p
1,hi1t,hea/t
1,hi1ə0,he/re/
1,hi1ə0,hea/r/
1,ho0ɹaɪ1zn,ho/ri/zon
1,ho0ɹaɪ1zə0n,ho/ri/zo/n
1,hoʊ1l#daʊ2t,ho/l#dou/t
1,hoʊ1l#seɪ2lə0ɹz,who/le#sa/le/r's
1,hoʊ1l,ho/le
1,hoʊ1l,who/le
1,hoʊ1ld,ho/ld
1,hoʊ1lɪ0,ho/ly/
1,hoʊ1m#kʌ2mɪ0ŋ,ho/me#co/mi/ng
1,hoʊ1m#meɪ1d,ho/me#ma/de
1,hoʊ1m#wɜ2ɹk,ho/me#wo/rk
1,hoʊ1m,ho/me
1,hoʊ1p,ho/pe
1,hoʊ1pfə0l,ho/pefu/l
1,hoʊ1plə0s,ho/pele/ss
1,hoʊ1st,ho/st
1,hoʊ2məʊ0sɛ1kʃʊ0ə0l,ho/mo#se/xu/a/l
1,hoʊ2məʊ0sɛ2kʃʊ0æ1lə0ti2,ho/mo/se/xu/a/li/ty/
1,hu0ɛ1və0ɹ,who/e/ve/r
1,hu1,who/
1,hu1də0,hu/da/
1,hu1m,who/m
2,hu1z,who/se
1,hwaɪ1,why/
1,hwaɪ1l,whi/le
1,hwaɪ1t#hɛ1ə0,whi/te#hai/r/
1,hwaɪ1t#lɑ2k,whi/te#lo/ck
1,hwɛ1n,whe/n
1,hwɪ1skt,whi/sked
1,hwʌ1t,wha/t
1,hwɪ1tʃ,whi/ch
1,hwɛ1ðə0ɹ,whe/the/r
1,hwɛ1ə0,whe/re/
1,hwɜ1ɹlɪ0ŋ,whi/rli/ng
1,hwʌ2tɛ1və0ɹ,wha/te/ve/r
1,hyu1dʒ,hu/ge
1,hyu1mə0n,hu/ma/n
1,hyu1mə0nz,hu/ma/ns
1,hyu1mɔ0ɹ,hu/mo/r
1,hyu1mə0ɹə0s,hu/mo/rou/s
1,hə0bi1bɪ0,ha/bi/bi/
1,hə0bɪ1tʃʊ0ə0l,ha/bi/tu/a/l
1,hə0loʊ1,he/llo/
2,hɪ0msɛ1lf,hi/mse/lf
1,hɪ0stɔ1ɹɪ0kə0l,hi/sto/ri/ca/l
1,hə0ɹsɛ1lf,he/rse/lf
1,hə0ɹz,he/rs
1,hɪ0ɡɪ0n#bɑ1θə0m,hi/ggi/n#bo/tha/m
1,hʊ0ɹɑ1,hu/rrah/
1,hɛ1d,hea/d
1,hɛ1deɪ2k,hea/da/che
1,hʌ1dl,hu/ddle
1,hɛ1dz,hea/d's
1,hɛ1dɹɛ2s,hea/ddre/ss
1,hɑ1flə0ɹ,ho/fle/r
1,hʌ1fɪ0,hu/ffy/
1,hʊ1k,hoo/k
1,ɪ1l#nə0s,i/ll#ne/ss
1,hɔ1l,ha/ll
1,hɪ1l,hi/ll
2,hɛ1ld,he/ld
1,hɛ1lp,he/lp
1,hɛ1lpfə0l,he/lpfu/l
1,hɛ1lθ,hea/lth
1,hɑ1lɪ0deɪ2,ho/li/day/
1,hɛ1lθɪ0,hea/lthy/
1,hɑ1ləʊ0,ho/llow/
1,hɛ1m,he/mme
1,hɪ1m,hi/m
1,hʌ1m,hu/mm
2,hʌ1mbl,hu/mble
1,hʌ1mfɹɪ0,hu/mfrey/
1,hɛ1n,he/n
1,hɪ1ndə0ɹ,hi/nde/r
1,hʌ1ndɹɛ0d,hu/ndre/d
1,hʌ1ndɹɛ0dz,hu/ndre/ds
1,hʌ1ndɹɛ0dθ,hu/ndre/dth
1,hɪ1ndɹə0ns,hi/ndra/nce
1,hʌ1nt,hu/nt
1,hɑ1ps,ho/ps
1,hɑ1spɪ2tə0l,ho/spi/ta/l
1,hɪ1stə0ɹɪ0,hi/sto/ry/
1,hɪ1t,hi/t
1,hɑ1t,ho/t
1,hʌ1t,hu/t
1,hɑ1twaɪ2ə0ɹd,ho/twi/re/d
1,hɛ1tɹɪ0k,he/ttri/ck
1,hɛ1vn#lɪ0,hea/ven#ly/
1,hɛ1vn,hea/ven
1,hɛ1vɪ0,hea/vy/
1,hɛ1və0n#lɪ0,hea/ve/n#ly/
1,hɛ1və0n,hea/ve/n
1,hɪ1z,hi/s
1,hʌ1zbə0nd,hu/sba/nd
1,hɛ1zə0teɪ2t,he/si/ta/te
1,hɜ1ɹ,he/r
1,hɛ1ə0,hai/r/
1,hɑ1ɹbə0ɹ,ha/rbo/r
1,hɑ1ɹd#ʃɪ0p,ha/rd#shi/p
1,hɑ1ɹd,ha/rd
1,hɜ1ɹd,hea/rd
1,hɑ1ɹdlɪ0,ha/rdly/
1,hɑ1ɹdn,ha/rden
1,hɑ1ɹdə0n,ha/rde/n
1,hʌ1ŋk,hu/nk
1,hɑ1ɹm,ha/rm
1,hɑ1ɹmfə0l,ha/rmfu/l
1,hɑ1ɹmlə0s,ha/rmle/ss
1,hɔ1ɹn,ho/rn
1,hɜ1ɹnɪ0,hu/rney/
1,hɑ1ɹpə0ɹz,ha/rpe/rs
1,hɔ1ɹs,ho/rse
1,hɔ1ɹsɪ0z,ho/rse/s
1,hɑ1ɹt,hea/rt
1,hɜ1ɹt,hu/rt
1,hɜ1ɹtlɪ0ŋ,hur/tli/ng
1,hɑ1ɹvə0st,ha/rve/st
1,hɛ1ɹɪ0,hai/ry/
1,hʌ1ɡɪ0,hu/ghey/
1,hɜ1ɹɪ0,hu/rry/
1,hɛ1ɹɪ0sə0nz,ha/rri/so/n's
1,hɛ1ɹɪ0tɪ0dʒ,he/ri/ta/ge
1,hɜ1ɹɪ0ŋ,heu/ri/ng
1,hʌ1ŋɡə0ɹ,hu/nge/r
1,hʌ1ŋɡɹɪ0,hu/ngry/
1,hɑ2nə0lu1lu0z,ho/no/lu/lu/'s
1,hɛ2zə0teɪ1ʃə0n,he/si/ta/tio/n
1,hɔ2ɹə0zɑ1ntə0l,ho/ri/zo/nta/l
2,həʊ0tɛ1l,ho/te/l
1,i1kwɔ0l,e/qua/l
1,i1st,ea/st
1,i1stə0ɹn,ea/ste/rn
1,i1t,ea/t
1,i1tʃ,ea/ch
1,i1tə0n,ea/te/n
1,i1vn,e/ven
1,i1vnɪ0ŋ,e/veni/ng
1,i1və0l,e/vi/l
1,i1z,ea/se
1,i1zɪ0,ea/sy/
2,i1zə0lɪ0,ea/si/ly/
1,i1ðə0ɹ,ei/the/r
1,i1ə0,ea/r/
1,i1ɡə0ɹ,ea/ge/r
1,ju1ɹ,you/'re
1,jʊ1noʊ0,y'/know/
2,kæ0mpeɪ1n,ca/mpai/gn
1,kæ0ɹɪ1ə0,ca/ree/r/
1,kæ1lkyə0leɪ2t,ca/lcu/la/te
1,kæ1lkyə0leɪ2tə0ɹ,ca/lcu/la/to/r
1,kæ1lə0maɪ2nz,ca/la/mi/ne's
1,kæ1mbɛ0l,ca/mpbe/ll
1,kæ1mp,ca/mp
1,kæ1mɛ0ɹə0,ca/me/ra/
1,kæ1n,ca/n
1,kæ1ndl,ca/ndle
1,kæ1nsə0ɹ,ca/nce/r
1,kæ1nt,ca/n't
1,kæ1nt,ka/ndt
1,kæ1nə0də0,ca/na/da/
1,kæ1p,ca/p
1,kæ1ptɛ0n,ca/ptai/n
2,kæ1pɪ0tə0l,ca/pi/ta/l
1,kæ1sl,ca/stle
1,kæ1sɪ0s,ka/ssi/s
1,kæ1t,ca/t
1,kæ1tl,ca/ttle
1,kæ1tʃ,ca/tch
1,ka1wə0ɹdə0s,co/wa/rdi/ce
1,kæ1ɹæ0ktə0ɹ,cha/ra/cte/r
1,kæ1ɹɪ0,ca/rry/
1,kæ2lkyʊ0leɪ1ʃə0n,ca/lcu/la/tio/n
1,kaʊ1,cow/
1,kaɪ1nd,ki/nd
1,kaɪ1ndz,ki/nds
2,kaʊ1nsə0l,cou/nci/l
1,kaʊ1nt,cou/nt
2,kaʊ1ntɪ0,cou/nty/
1,kaʊ1ntə0ɹ#fɪ2tə0ɹz,cou/nte/r#fei/te/rs
1,kaʊ1nə0ɹ#tʃɑ2ɹdʒɪ0z,cou/nte/r#cha/rge/s
1,kaɪ1nə0ɹ,ki/ne/r
1,keɪ1,kay/
1,keɪ1,quai/
1,keɪ1dʒ,ca/ge
1,keɪ1k,ca/ke
1,keɪ1m,ca/me
1,keɪ1nz,key/nes
1,keɪ1p,ca/pe
1,keɪ1s,ca/se
2,keɪ1sɪ0z,ca/se/s
1,keɪ1v,ca/ve
1,keɪ1zə0ɹ,kay/se/r
1,ki1,key/
1,ki1n,kee/n
1,ki1p,kee/p
1,ki1z,kee/'s
1,klæ1s,cla/ss
1,klæ1sp,cla/sp
1,klæ1sə0faɪ2,cla/ssi/fy/
1,klæ2sə0fə0keɪ1ʃə0n,cla/ssi/fi/ca/tio/n
1,klaʊ1d,clou/d
1,klaɪ1m,cli/mb
1,klaɪ1mə0t,cli/ma/te
1,klaɪ1ə0nt,cli/e/nt
1,kleɪ1,clay/
1,kleɪ1m,clai/m
1,kli1n,clea/n
1,kli2ʃeɪ1d,cli/che/d
1,kloʊ1s,clo/se
1,kloʊ1ð,clo/the
1,kloʊ1ðz,clo/thes
1,kloʊ1ðɪ0ŋ,clo/thi/ng
2,klʌ1b,clu/b
1,klɪ1f,cli/ff
1,klɑ1k#wɜ2ɹk,clo/ck#wo/rk
2,klɪ1k,cli/ck
1,klɑ1k,clo/ck
1,klʌ1kɪ0ŋ,clu/cki/ng
1,klɛ1və0ɹ,cle/ve/r
1,klɔ1θ,clo/th
1,klɪ1ə0,clea/r/
1,klɜ1ɹk,cle/rk
1,klʌ1ŋkə0ɹz,clu/nke/rs
1,koʊ1bɔ2lt,co/ba/lt
1,koʊ1d,co/de
1,koʊ1l,coa/l
1,koʊ1ld,co/ld
1,koʊ1lt,co/lt
1,koʊ1m,co/mb
1,koʊ1n,coh/n
1,koʊ1nə0n,koh/ne/n
1,koʊ1st,coa/st
1,koʊ1t,coa/t
1,koʊ2ə0lɛ1sɪ0z,co/a/le/sce/s
1,koʊ2ə0lɪ1ʃə0nz,co/a/li/tio/ns
1,ku1l,coo/l
1,ku1lz,coo/ls
1,kwaɪ1t,qui/te
1,kwaɪ1ɛ0t,qui/e/t
1,kweɪ1zaɪ0,qua/si/
1,kwi1n,quee/n
1,kwɪ1k#lɪ0,qui/ck#ly/
1,kwɪ1k,qui/ck
1,kwɑ1lə0faɪ2,qua/li/fy/
1,kwɑ1lə0faɪ2ɪ0ŋ,qua/li/fy/i/ng
1,kwɑ1lə0tɪ0,qua/li/ty/
1,kwɑ1n,kua/n
1,kwɑ1ntə0tɪ0,qua/nti/ty/
1,kwɛ1stʃə0n,que/stio/n
1,kwɛ1stʃə0nz,que/stio/ns
1,kwɑ1sɪ0,qua/si/
1,kwɔ1ɹt,qua/rt
1,kwɔ1ɹtə0ɹ,qua/rte/r
1,kwɔ1ɹtə0ɹbæ2k,qua/rte/rba/ck
1,kwɔ1ɹə0l,qua/rre/l
1,kwɑ2lə0fə0keɪ1ʃə0n,qua/li/fi/ca/tio/n
1,kwɑ2lɪ0teɪ1tɪ0vlɪ0,qua/li/ta/ti/vely/
1,kyu1səʊ0,cu/so/
1,kyʊ1ə0,cu/re/
1,kyʊ1ɹɪ0ə0s,cu/ri/ou/s
1,kə0lɛ1kt,co/lle/ct
1,kə0lɛ1ktə0ɹ,co/lle/cto/r
2,kə0lɛ1kʃə0n,co/lle/ctio/n
1,kə0lɑ1mbʌ0s,co/lu/mbu/s
1,kə0lɑ1mə0tə0ɹ,ki/lo/me/te/r
1,kə0lɪ1ɡɹə0fɪ0,ca/lli/gra/phy/
1,kə0mæ1nd,co/mma/nd
1,kə0mbaɪ1nə0bl,co/mbi/na/ble
1,kə0mpæ1nyə0nʃɪ2p,co/mpa/nio/nshi/p
1,kə0mpæ1nɪ0ə0n,co/mpa/ni/o/n
1,kə0mpæ1ʃə0n,co/mpa/ssio/n
1,kə0mpi1t,co/mpe/te
1,kə0mpleɪ1n,co/mplai/n
1,kə0mpleɪ1nt,co/mplai/nt
2,kə0mpli1t,co/mple/te
1,kə0mpli1tlɪ0,co/mple/tely/
1,kə0mpli1ʃə0n,co/mple/tio/n
1,kə0mpoʊ1z,co/mpo/se
1,kə0mpyu1tə0ɹ,co/mpu/te/r
1,kə0mpyu1tə0ɹz,co/mpu/te/rs
1,kə0mpɛ1tə0tə0ɹ,co/mpe/ti/to/r
1,kə0mpɛ1ə0,co/mpa/re/
1,kə0mpɛ1ɹə0sə0n,co/mpa/ri/so/n
1,kə0myu1nə0tɪ0,co/mmu/ni/ty/
1,kə0myu2nə0keɪ1ʃə0n,co/mmu/ni/ca/tio/n
1,kə0mɪ1t,co/mmi/t
2,kə0mɪ1tɪ0,co/mmi/ttee/
1,kə0mɪ1tɪ0d,co/mmi/tte/d
1,kə0mɪ1tɪ0ŋ,co/mmi/tti/ng
1,kə0mɪ1ʃə0n,co/mmi/ssio/n
1,kə0mɜ1ɹʃə0l,co/mme/rcia/l
1,kə0mɛ2mə0ɹeɪ1ʃə0n,co/mme/mo/ra/tio/n
1,kə0næ1l,ca/na/l
1,kə0ndʌ1kts,co/ndu/cts
1,kə0ndɪ1ʃə0n,co/ndi/tio/n
2,kə0ndɪ1ʃə0nz,co/ndi/tio/ns
1,kə0ndɪ1ʃə0nə0lɪ0,co/ndi/tio/na/lly/
1,kə0nfyu1z,co/nfu/se
1,kə0nfyu1ʒə0n,co/nfu/sio/n
1,kə0nfɛ1s,co/nfe/ss
1,kə0nfɛ1ʃə0n,co/nfe/ssio/n
1,kə0nkɑ1kʃə0nz,co/nco/ctio/ns
2,kə0nstɹʌ1kʃə0n,co/nstru/ctio/n
2,kə0nsɪ1də0ɹ,co/nsi/de/r
2,kə0nsɪ1də0ɹd,co/nsi/de/red
1,kə0nsɪ1st,co/nsi/st
1,kə0nsɜ1ɹn,co/nce/rn
1,kə0nsɜ1ɹnɪ0ŋ,co/nce/rni/ng
1,kə0nsɛ2psɪ0oʊ1n,co/nce/pci/o/n
1,kə0ntæ2mə0neɪ1ʃə0n,co/nta/mi/na/tio/n
1,kə0nteɪ1n,co/ntai/n
1,kə0ntɪ1nyu0,co/nti/nue/
1,kə0ntɪ1nyu0ə0s,co/nti/nu/ou/s
1,kə0ntɹoʊ1l,co/ntro/l
1,kə0ntɹoʊ1lə0ɹz,co/ntro/lle/rs
1,kə0nvi1nɪ0ɛ0ns,co/nve/ni/e/nce
1,kə0nvi1nɪ0ɛ0nt,co/nve/ni/e/nt
1,kə0nɛ1kt,co/nne/ct
1,kə0nɛ1ktɪ0d,co/nne/cte/d
1,kə0nɛ1kʃə0n,co/nne/ctio/n
1,kə0nɡɹæ1tʃə0leɪ2t,co/ngra/tu/la/te
1,kə0nɡɹæ2tʃə0leɪ1ʃə0n,co/ngra/tu/la/tio/n
1,kɪ0sɪ1mɪ0,ki/ssi/mmee/
1,kɔ0ɹni1lyɪ0s,co/rne/liou/s
1,kə0ɹteɪ1lmə0nts,cu/rtai/lme/nts
1,kə0ɹɛ1kt,co/rre/ct
1,kə0ɹɪ1kyə0lɜ2ɹ,cu/rri/cu/la/r
1,kə0ɹɛ1kʃə0n,co/rre/ctio/n
1,kə0ɹɪ1ə0,ca/ree/r
1,kʌ1bə0ɹd,cu/pboa/rd
1,kʊ1d,cou/ld
1,kʌ1d,cu/dd
1,kɪ1d,ki/d
1,kɪ1dz,ki/ds
1,kɑ1f,cou/gh
1,kɑ1fɪ0,co/ffee/
1,kʊ1k#bʊ2k,coo/k#boo/k
1,kʊ1k,coo/k
1,kɪ1k,ki/ck
1,kɔ1l,ca/ll
1,kɪ1l,ki/ll
2,kɔ1ld,ca/lled
1,kɪ1ld,ki/lled
1,kɪ1loʊ2,ki/lo/
1,kʌ1ltə0veɪ2t,cu/lti/va/te
1,kʌ1ltɪ0veɪ2tə0ɹ,cu/lti/va/to/r
1,kʌ1ltʃə0ɹ,cu/ltu/re
1,kɑ1lɪ0dʒ,co/lle/ge
1,kɑ1lə0nɪ0,co/lo/ny/
1,kɑ1lə0ɹ,co/lla/r
1,kɑ1lɪ0ɡ,co/llea/gue
1,kʌ1lə0ɹ,co/lo/r
1,kʌ1lə0ɹ,co/lou/r
1,kɪ1lə0ɡɹæ2m,ki/lo/gra/m
1,kɑ1ləʊ0,ca/lo/
1,kɑ1m,cal/m
1,kʌ1m,co/me
1,kɑ1mbaɪ0n,co/mbi/ne
1,kʌ1mfɪ0,co/mfy/
1,kʌ1mfə0ɹt,co/mfo/rt
1,kʌ1mfə0ɹtə0bl,co/mfo/rta/ble
1,kɛ1mp,ke/mpe
1,kɑ1mpaʊ0nd,co/mpou/nd
1,kɑ1mplə0keɪ2t,co/mpli/ca/te
1,kɑ1mplə0keɪ2tə0d,co/mpli/ca/te/d
1,kɑ1mplɛ0ks,co/mple/x
1,kʌ1mpə0ni2,co/mpa/ny/
1,kʌ1mpə0ni2z,co/mpa/nie/s
1,kɑ1mpɹɛ0sə0z,co/mpre/sse/s
1,kʌ1mz,co/mes
1,kɑ1mə0,co/mma/
1,kɛ1mɪ0kə0l,che/mi/ca/l
1,kɑ1mə0n,co/mmo/n
1,kɑ1mɛ0nt,co/mme/nt
1,kɛ1mɪ0stɹɪ0,che/mi/stry/
1,kɑ1mɪ0z,co/mmie/s
1,kʌ1mɪ0ŋ,co/mi/ng
1,kɑ1mə0ɹs,co/mme/rce
1,kɑ1ndə0kt,co/ndu/ct
1,kɑ1nfə0dɛ0ns,co/nfi/de/nce
1,kɑ1nfə0də0nt,co/nfi/de/nt
1,kɑ1nfə0dɛ2nsɪ0z,co/nfi/de/nce/s
1,kɑ1nfə0ɹə0ns,co/nfe/re/nce
1,kɑ1nfə0ɹɛ0ns,co/nfe/re/nce
1,kɑ1nstɑ2ɹ,co/nsta/r
1,kɑ1nsə0nə0nt,co/nso/na/nt
1,kɑ1nsə0ɹt,co/nce/rt
2,kɑ1ntæ2kt,co/nta/ct
2,kɑ1ntɛ0nt,co/nte/nt
1,kɑ1ntɛ0nts,co/nte/nts
1,kɑ1ntɹæ0st,co/ntra/st
1,kɑ1ntɹæ2kt,co/ntra/ct
1,kʌ1ntɹɪ0,cou/ntry/
1,kʌ1ntɹɪ0z,cou/ntrie/s
1,kɪ1nə0,ky/na/
1,kɑ1nʃə0ns,co/nscie/nce
1,kɑ1nʃə0s,co/nsciou/s
1,kʌ1p,cu/p
1,kʌ1pl,cou/ple
1,kɑ1pɪ0,co/py/
1,kɑ1pə0ɹ,co/ppe/r
1,kɑ1pə0ɹz,co/ppe/r's
1,kɪ1s,ki/ss
1,kɑ1st,co/st
2,kɑ1sts,co/sts
1,kʌ1stə0m,cu/sto/m
1,kʌ1stə0mə0ɹ,cu/sto/me/r
2,kʌ1stə0mə0ɹz,cu/sto/me/rs
1,kʌ1stə0mɛ2ɹɪ0,cu/sto/ma/ry/
1,kʌ1t,cu/t
1,kɑ1tə0dʒ,co/tta/ge
1,kɑ1tɪ0dʒɪ0z,co/tta/ge/s
1,kɑ1tə0n,co/tto/n
1,kʌ1tɪ0ŋ,cu/tti/ng
1,kɪ1tʃə0n,ki/tche/n
2,kʌ1və0ɹ,co/ve/r
1,kʌ1wə0ɹd,co/wa/rd
1,kʌ1wə0ɹdlɪ0,co/wa/rdly/
1,kɑ1z,cau/se
1,kɔ1zd,cau/sed
1,kʌ1zn,cou/sin
1,kʌ1zə0n,cou/si/n
1,kɛ1ɹ#fə0l,ca/re#fu/l
1,kɑ1ɹ#lɪ0,ca/r#ly/
1,kɛ1ɹ#lɛ0s,ca/re#le/ss
1,kɑ1ɹ,ca/r
2,kɪ1ŋ,ki/ng
1,kɛ1ə0,ca/re/
2,kɔ1ɪ0,cau/ghey/
1,kɑ1ɹbə0n,ca/rbo/n
2,kɑ1ɹd,ca/rd
1,kɔ1ɹd,co/rd
1,kɑ1ɹdbɔ2ɹd,ca/rdboa/rd
1,kɪ1ŋdə0m,ki/ngdo/m
1,kɔ1ɹk,co/rk
1,kɑ1ŋkwɛ0st,co/nque/st
1,kɑ1ŋkə0ɹ,co/nque/r
1,kɑ1ŋkə0ɹə0ɹ,co/nque/ro/r
1,kɜ1ɹl,cu/rl
1,kɑ1ɹmə0n,ca/rme/n
1,kɔ1ɹn,co/rn
1,kɔ1ɹn#kɹɪ2b,co/rn#cri/b
1,kɜ1ɹnz,ke/rns
1,kɔ1ɹnə0ɹ,co/rne/r
1,kɔ1ɹpsə0z,co/rpse/s
1,kɔ1ɹs,co/rse
1,kɔ1ɹs,coa/rse
1,kɔ1ɹs,cou/rse
1,kɜ1ɹs,cu/rse
1,kɑ1ɹt,ca/rt
2,kɔ1ɹt,cou/rt
1,kɜ1ɹtɛ0n,cu/rtai/n
1,kɜ1ɹv,cu/rve
1,kɑ1ɹz,ca/rs
1,kɛ1ɹɪ0,ca/rrey/
1,kɛ1ɹə0dʒ,ca/rria/ge
1,kʌ1ɹɛ0dʒ,cou/ra/ge
1,kɛ1ɹɪ0ktə0ɹ,cha/ra/cte/r
1,kɔ1ɹə0lz,cho/ra/ls
1,kɑ1ʃə0n,cau/tio/n
1,kʊ1ʃə0n,cu/shio/n
1,kɜ1ɹə0nt,cu/rre/nt
1,kʌ1ɹɛ0nt,cu/rre/nt
2,kɜ1ɹə0ntlɪ0,cu/rre/ntly/
1,kɔ1ʃə0s,cau/tiou/s
1,kɛ1ɹə0vɛ2l,ca/ra/ve/lle
1,kʌ2ltɪ0veɪ1ʃə0n,cu/lti/va/tio/n
1,kɑ2mbə0neɪ1ʃə0n,co/mbi/na/tio/n
1,kɑ2mplə0keɪ1ʃə0n,co/mpli/ca/tio/n
2,kɑ2mpə0tɪ1ʃə0n,co/mpe/ti/tio/n
1,kɑ2mpə0zɪ1ʃə0n,co/mpo/si/tio/n
1,kɑ2mpɹɪ0hɛ1nsɪ0v,co/mpre/he/nsi/ve
1,kɑ2nfə0dɛ1nʃə0l,co/nfi/de/ntia/l
1,kɑ2nstæ0ntə0noʊ1pl,co/nsta/nti/no/ple
1,kɑ2nsə0lteɪ1ʃə0n,co/nsu/lta/tio/n
2,kɑ2nvə0ɹseɪ1ʃə0n,co/nve/rsa/tio/n
1,kɑ2ɹbəʊ0haɪ1dɹəɪ0ts,ca/rbo/hy/dra/tes
1,kɔ2ɹpə0ɹeɪ1ʃə0nz,co/rpo/ra/tio/n's
1,kɹæ1k,cra/ck
1,kɹæ1ʃ,cra/sh
1,kɹaɪ0tɪ1ɹɪ0ə0,cri/te/ri/a/
1,kɹaɪ1,cry/
1,kɹaʊ1d,crow/d
1,kɹaɪ1m,cri/me
1,kɹaʊ1n,crow/n
1,kɹaɪ1st,chri/st
1,kɹeɪ1zɪ0,cra/zy/
1,kɹeɪ1zɪ0jɜ0ɹ,cra/zi/e/r
1,kɹi1m,crea/m
1,kɹi1p,cree/p
1,kɹi1tʃə0ɹ,crea/tu/re
1,kɹi1ʃnə0,kri/shna/
1,kɹoʊ1ki2pə0ɹz,crow/kee/pe/rs
1,kɹoʊ1lɪ0,cro/ley/
1,kɹoʊ1nɪ0ɪ2zə0m,cro/ny/i/s/m
1,kɹu1ɛ0l,cru/e/l
1,kɹu1ɛ0ltɪ0,cru/e/lty/
1,kɹɪ0eɪ1t,cre/a/te
2,kɹɪ0eɪ1tə0d,cre/a/te/d
1,kɹɪ0eɪ1tɪ0v,cre/a/ti/ve
1,kɹɪ0eɪ1tɪ0ŋ,cre/a/ti/ng
1,kəʊ0lməɪ0nɛ1ɹəʊ0,co/lme/ne/ro/
1,kəʊ0mɔ1ɹɪ0,ko/mo/ri/
1,kəʊ0mɪ1ŋɡld,co/mmi/ngled
1,kəʊ0ɜ1ɹsɪ0v,co/e/rci/ve
2,kɹɛ1də0t,cre/di/t
1,kɹɪ1kɛ0t,cri/cke/t
1,kɹɔ1l,cra/ll
1,kɹɛ1l,kre/ll
1,kɹɪ1mə0nə0l,cri/mi/na/l
1,kɔɪ1n,coi/n
1,kɹʌ1ntʃ,cru/nch
1,kɹɑ1p,cro/p
1,kɹɔ1s,cro/ss
1,kɹɪ1smə0s,chri/stma/s
1,kɹɪ1stɑ0fɜ0ɹ,chri/sto/phe/r
1,kɹɪ1stʃə0n,chri/stia/n
1,kɹɪ1tɪ0k,cri/ti/c
1,kɹɪ1tɪ0saɪ2zɪ0z,cri/ti/ci/ze/s
1,kɹʌ1ʃ,cru/sh
1,læ1b,la/b
1,læ1də0ɹ,la/dde/r
1,læ1k,la/ck
1,læ1m,la/mb
1,læ1mdə0,la/mbda/
1,læ1mp,la/mp
1,læ1nd#lɔ2ɹd,la/nd#lo/rd
1,læ1nd#skeɪ2pɪ0ŋ,la/nd#sca/pi/ng
1,læ1nd,la/nd
1,læ1st,la/st
1,læ1tə0ɹ,la/tte/r
1,læ1ŋɡwə0dʒ,la/ngua/ge
1,laɪ0bɹɛ1ɹi2ə0n,li/bra/ri/a/n
1,laɪ1,lie/
2,laɪ1bɹɛ0ɹi2,li/bra/ry/
1,laʊ1d,lou/d
1,laɪ1f,li/fe
1,laɪ1k,li/ke
1,laɪ1klɪ0,li/kely/
1,laɪ1l,li/sle
1,laɪ1n,li/ne
2,laɪ1nz,li/nes
1,laʊ1nə0ɹ,law/ne/r
1,laɪ1sɪ0ŋ,lei/si/ng
3,laɪ1t,li/ght
1,laɪ1tl,ly/tle
1,laɪ1tn,li/ghten
1,laɪ1tnɪ0ŋ,li/ghtni/ng
1,laɪ1v,li/ve
1,laɪ1ə0n,li/o/n
1,laɪ1ə0ɹ,li/a/r
1,leɪ1,lay/
1,leɪ1bə0ɹ,la/bo/r
1,leɪ1dɪ0,la/dy/
1,leɪ1k,la/ke
1,leɪ1mə0n,lay/me/n
1,leɪ1t#lɪ0,la/te#ly/
2,leɪ1t,la/te
2,leɪ1tə0st,la/te/st
1,leɪ1tə0ɹ,la/te/r
1,leɪ1zɪ0,la/zy/
1,li1b,lee/b
1,li1də0ɹ#ʃɪ2p,lea/de/r#shi/p
1,li1də0ɹ,lea/de/r
2,li1dɪ0ŋ,lea/di/ng
1,li1f,lea/f
1,li1kəʊ0,lee/co/
1,li1n,lea/n
1,li1st,lea/st
1,li1tə0ɹ,li/te/r
1,li1v,lea/ve
2,li1ɡə0l,le/ga/l
2,lo1wə0ɹ,low/e/r
1,loʊ1,low/
1,loʊ1d,loa/d
1,loʊ1f,loa/f
1,loʊ1keɪ2t,lo/ca/te
2,loʊ1keɪ2tə0d,lo/ca/te/d
1,loʊ1kə0l,lo/ca/l
1,loʊ1n#lɪ0,lo/ne#ly/
1,loʊ1n,loa/n
1,lu1s,loo/se
1,lu1sn,loo/sen
1,lu1z,lo/se
1,lə0ɹi1nə0,la/ri/na/
1,lɔ1,law/
1,lɪ1bə0ɹti2,li/be/rty/
1,lɛ1d,le/d
2,lɛ1d,lea/d
1,lɪ1d,li/d
1,lɛ1dloʊ1,le/dlow/
1,lɑ1dʒ,lo/dge
1,lɑ1dʒɪ0ŋ,lo/dgi/ng
1,lɑ1dʒɪ0ŋz,lo/dgi/ngs
1,lʌ1f,lau/gh
1,lɛ1ft,le/ft
1,lɪ1ft,li/ft
1,lʌ1ftə0ɹ,lau/ghte/r
1,lɛ1fə0ɹt,le/fo/rt
1,lɑ1k,lo/ck
1,lʊ1k,loo/k
1,lʌ1k,lu/ck
1,lʌ1ki0,lu/cky/
1,lʊ1ks,loo/ks
2,lʊ1kt,loo/ked
1,lɪ1kwɪ0d,li/qui/d
1,lʊ1kɪ0ŋ,loo/ki/ng
1,lɪ1m,li/mb
1,lʌ1mp,lu/mp
1,lɪ1mə0t,li/mi/t
2,lɪ1mə0tə0d,li/mi/te/d
1,lɛ1nd,le/nd
2,lʌ1ndə0n,lo/ndo/n
1,lɔ1ntʃ,lau/nch
1,lʌ1ntʃ,lu/nch
1,lɪ1p#stɪ2k,li/p#sti/ck
1,lɪ1p,li/p
1,lɛ1s,le/ss
2,lɔ1s,lo/ss
1,lɛ1sn,le/ssen
1,lɛ1sn,le/sson
1,lɪ1sn,li/sten
2,lɪ1st,li/st
1,lɔ1st,lo/st
1,lɪ1sɪ0,li/ssy/
1,lɛ1sə0n,le/sso/n
1,lɛ1t,le/t
1,lɑ1t,lo/t
2,lɪ1tl,li/ttle
1,lɑ1ts,lo/ts
1,lɛ1tə0ɹ,le/tte/r
1,lɪ1tɪ0ɡeɪ2tɪ0d,li/ti/ga/te/d
1,lɪ1tɛ0ɹə0lɪ0,li/te/ra/lly/
1,lɪ1tə0ɹə0tʃə0ɹ,li/te/ra/tu/re
1,lɪ1tə0ɹɛ2ɹɪ0,l/ite/ra/ry/
1,lʌ1v#lɪ0,lo/ve#ly/
1,lʌ1v,lo/ve
1,lɪ1vd,li/ved
1,lɪ1vz,li/ves
1,lɛ1vɛ0l,le/ve/l
1,lɛ1və0lz,le/ve/ls
1,lɛ1vɛ0lz,le/ve/ls
1,lɪ1vɪ0ŋ,li/vi/ng
1,lɔ1yə0ɹ,law/ye/r
1,lɛ1ðə0ɹ,lea/the/r
1,lɛ1ɡ,le/g
1,lɔ1ɡ,lo/g
1,lɔ1ŋ,lo/ng
1,lʌ1ŋ,lu/ng
1,lɔ1ɹd,lo/rd
1,lɑ1ɹdʒ#lɪ0,la/rge#ly/
1,lɑ1ɹdʒ,la/rge
1,lɛ1ŋg#θ,le/ng#th
2,lɪ1ŋk,li/nk
1,lɪ1ŋks,li/nk's
1,lɜ1ɹn,lea/rn
1,lɜ1ɹnd,lea/rned
1,lɜ1ɹnɪ0ŋ,lea/rni/ng
1,lɑ1ɹə0,la/ra/
1,lɔ1ɹə0ns,low/ra/nce
1,lɑ1ŋɡlɪ0,lo/ngley/
1,lɛ1ŋθn,le/ngthen
1,lɛ1ŋθə0n,le/ngthe/n
1,lɔ1ŋɡə0ɹ,lo/nge/r
1,lɔ2ŋ#di1stə0ns,lo/ng#di/sta/nce
2,ləʊ0keɪ1ʃə0n,lo/ca/tio/n
1,ləʊ0kweɪ1ʃə0s,lo/qua/ciou/s
1,lɔɪ1ə0l,loy/a/l
1,lɔɪ1ə0ltɪ0,loy/a/lty/
1,mæ1d,ma/d
1,mæ1dn,ma/dden
1,mæ1dʒɪ0k,ma/gi/c
1,mæ1məʊ0ɡɹæ2m,ma/mmo/gra/m
1,mæ1n#kaɪ1nd,ma/n#ki/nd
1,mæ1n,ma/n
1,mæ1ndeɪ2ts,ma/nda/tes
1,mæ1ndə0ɹə0nz,ma/nda/ri/ns
1,mæ1nə0dʒ,ma/na/ge
2,mæ1nə0dʒmə0nt,ma/na/geme/nt
1,mæ1nə0dʒə0ɹ,ma/na/ge/r
1,mæ1nɛ0dʒə0ɹ,ma/na/ge/r
1,mæ1nɪ0k,ma/ni/c
1,mæ1nə0ɹ,ma/nne/r
1,mæ1p,ma/p
1,mæ1s,ma/ss
1,mæ1stə0ɹ,ma/ste/r
1,mæ1stə0ɹbeɪ2tɪ0ŋ,ma/ste/rba/ti/ng
1,mæ1t,ma/t
1,mæ1tʃ,ma/tch
1,mæ1tə0ɹ,ma/tte/r
1,mæ1ɡnə0m,ma/gnu/m
1,mæ1ɹɪ0,ma/rry/
1,mæ1ɹɪ0dʒ,ma/rria/ge
1,mæ1ɡə0zi2n,ma/ga/zi/ne
1,mæ2ksɪ0mɪ1lɪ0ə0n,ma/xi/mi/li/a/n
1,mæ2nyə0fæ1ktʃə0ɹ,ma/nu/fa/ctu/re
1,mæ2sə0doʊ1nɪ0ə0n,ma/ce/do/ni/a/n
1,maɪ1,my/
1,maɪ1kɹoʊ2kə0mpyu1tə0ɹz,mi/cro/co/mpu/ter/s
1,maɪ1kɹə0skoʊ2p,mi/cro/sco/pe
1,maɪ1l,mi/le
1,maɪ1ld,mi/ld
1,maɪ1lz,mi/les
1,maɪ1n,mi/ne
1,maɪ1nd,mi/nd
1,maʊ1ntn,mou/ntain
1,maʊ1ntɛ0n,mou/ntai/n
1,maɪ1nz,mi/nds
1,maʊ1s,mou/se
3,maɪ1t,mi/ght
1,maʊ1θ,mou/th
1,maɪ2kɹəʊ0bɪ0ɑ1lə0dʒɪ0sts,mi/cro/bi/o/lo/gi/sts
1,maɪ2sɛ1lf,my/se/lf
1,meɪ1,may/
1,meɪ1bɪ0,may/be/
1,meɪ1d,ma/de
1,meɪ1dʒə0ɹ,ma/jo/r
1,meɪ1k,ma/ke
1,meɪ1ks,ma/kes
1,meɪ1kɪ0ŋ,ma/ki/ng
1,meɪ1l,ma/le
1,meɪ1l,mai/l
1,meɪ1n,mai/n
1,meɪ2hæ1ɹɪ0,me/ha/rry/
1,mi1,me/
1,mi1dɪ0ə0,me/di/a/
1,mi1dɪ0ə0m,me/di/u/m
1,mi1l,mea/l
1,mi1l,mie/le
1,mi1n#taɪ2m,mea/n#ti/me
1,mi1n#waɪ2l,mea/n#whi/le
1,mi1n,mea/n
1,mi1nz,mea/ns
1,mi1nɪ0ŋ,mea/ni/ng
1,mi1t,mea/t
1,mi1t,mee/t
1,mi1tə0ɹ,me/te/r
2,mi1tɪ0ŋ,mee/ti/ng
1,mi1tə0ɹd,me/te/red
1,moʊ1də0ɹ,mo/de/r
1,moʊ1mə0nt,mo/me/nt
1,moʊ1mə0ntɛ2ɹɪ0,mo/me/nta/ry/
1,moʊ1nz,moa/ns
1,moʊ1nə0s,mo/nu/s
1,moʊ1st,mo/st
1,moʊ1tə0ɹ,mo/to/r
1,moʊ1ʃə0n,mo/tio/n
1,moʊ2hi1kə0nz,mo/hi/ca/ns
1,mu1n#laɪ2t,moo/n#li/ght
1,mu1n,moo/n
1,mu1v,mo/ve
2,mu1vd,mo/ved
1,mu1vmə0nt,mo/veme/nt
1,mu1vɪ0,mo/vie/
1,mu1vɪ0ŋ,mo/vi/ng
1,mu2dʒə0hɛ0di1n,mu/ja/he/dee/n
1,myu0zɪ1ʃə0n,mu/si/cia/n
1,myu1zɪ0k,mu/si/c
1,myu1zɪ0ə0m,mu/se/u/m
1,myu2nɪ0sə0pæ1lə0tɪ0,mu/ni/ci/pa/li/ty/
1,myu2zɪ0kæ1lə0tɪ0,mu/si/ca/li/ty/
1,mɪ0æ1ndə0ɹd,me/a/nde/red
1,mə0dʒɪ1ʃə0n,ma/gi/cia/n
1,mʊ0hɑ1mɛ0dz,mu/ha/me/d's
1,mə0k#du1ɡə0lz,m/c#dou/ga/ls
1,mɛ0kæ1nɪ0k,me/cha/ni/c
1,mə0kaʊ1ə0n,m/ccow/e/n
1,mə0kfi1,m/cfee/
1,mə0ki1,m/ckey/
1,mə0kni1l,ma/cnei/ll
1,mə0kɑ1nə0lz,m/cco/nne/ll's
1,mə0nu1və0ɹɪ0ŋz,ma/neu/ve/ri/ngs
1,mɪ0s#teɪ1ts,mi/s#sta/tes
1,mɪ0steɪ1k,mi/sta/ke
1,mɪ0stɪ1ɹɪ0ə0s,my/ste/ri/ou/s
1,mə0ti1ə0s,ma/thi/a/s
1,mə0tɪ1ɹɪ0ə0l,ma/te/ri/a/l
1,mə0tɪ1ɹɪ0ə0lz,ma/te/ri/a/ls
1,mə0ʃi1n,ma/chi/ne
1,mə0ʃi1nə0ɹɪ0,ma/chi/ne/ry/
1,mɔ0ɹoʊ1və0ɹ,mo/reo/ve/r
1,mʌ1d,mu/d
1,mɪ1dl,mi/ddle
1,mɛ1də0kə0l,me/di/ca/l
1,mɑ1dɛ0l,mo/de/l
1,mɛ1də0lɪ0ŋ,me/dd/li/ng
1,mɑ1də0st,mo/de/st
1,mɑ1də0stɪ0,mo/de/sty/
1,mɛ1də0sə0n,me/di/ci/ne
1,mɑ1də0ɹn,mo/de/rn
1,mɑ1də0ɹə0t,mo/de/ra/te
1,mɑ1də0ɹə0ts,mo/de/ra/tes
1,mɪ1ks,mi/x
1,mɪ1kstʃə0ɹ,mi/xtu/re
1,mɛ1ksə0kə0n,me/xi/ca/n
1,mɛ1kə0nɪ2zm,me/cha/ni/sm
1,mɛ1kə0nɪ2zə0m,me/cha/ni/s/m
1,mɪ1l,mi/ll
1,mɪ1lk,mi/lk
1,mɔ1lt,mau/lt
1,mɛ1lt,me/lt
1,mʌ1ltɪ0pl,mu/lti/ple
1,mʌ1ltə0pl,mu/lti/ple/
1,mʌ1ltə0plaɪ2,mu/lti/ply/
1,mɪ1lyə0n#θ,mi/llio/n#th
1,mɪ1lyɪ0ə0n#θ,mi/lli/o/n#th
2,mɪ1lə0tɛ2ɹɪ0,mi/li/ta/ry/
1,mɪ1lɪ0ə0n,mi/lli/o/n
1,mɪ1lɪ0ə0nz,mi/lli/o/ns
1,mɛ1mbə0ɹ#ʃɪ2p,me/mbe/r#shi/p
2,mɛ1mbə0ɹ,me/mbe/r
2,mɛ1mbə0ɹz,me/mbe/rs
1,mʌ1mɪ0faɪ2d,mu/mmi/fie/d
1,mɛ1mə0ɹɪ0,me/mo/ry/
1,mɛ1n,me/n
1,mɛ1nd,me/nd
1,mɛ1ntə0l,me/nta/l
1,mʌ1nz,mu/nns
1,mʌ1nθ#lɪ0,mo/nth#ly/
1,mʌ1nθ,mo/nth
1,mɛ1nɪ0,ma/ny/
1,mʌ1nɪ0,mo/ney/
1,mɪ1nə0stə0ɹ,mi/ni/ste/r
1,mɪ1nə0t,mi/nu/te
1,mɪ1nə0ts,mi/nu/tes
1,mɪ1nə0ɹə0l,mi/ne/ra/l
1,mʌ1nθs,mo/nths
1,mɛ1nʃə0n,me/ntio/n
1,mɪ1s,mi/ss
1,mʌ1sl,mu/scle
1,mɪ1st,mi/st
1,mʌ1st,mu/st
1,mʌ1stæ2ŋ,mu/sta/ng
1,mɑ1stə0lə0ɹ,mo/ste/lle/r
1,mɪ1stə0ɹɪ0,my/ste/ry/
1,mɛ1sə0dʒ,me/ssa/ge
1,mɛ1sɪ0dʒ,me/ssa/ge
1,mʌ1sə0l,mu/sc/le/
1,mɛ1sə0ndʒə0ɹ,me/sse/nge/r
1,mɛ1t,me/t
1,mʌ1tʃ,mu/ch
1,mɛ1tə0l,me/ta/l
1,mɛ1tɹɪ0k,me/tri/c
1,mɪ1zə0ɹɪ0,mi/se/ry/
1,mɪ1zə0ɹə0bl,mi/se/ra/ble
1,mʌ1ðə0ɹ#hʊ2d,mo/the/r#hoo/d
1,mʌ1ðə0ɹ#lɪ0,mo/the/r#ly/
1,mʌ1ðə0ɹ,mo/the/r
1,mɔ1ɹ,mo/re
1,mɪ1ə0,me/re/
1,mɜ1ɹdə0ɹ,mu/rde/r
1,mɑ1ɹdʒə0nz,ma/rgi/ns
2,mɑ1ɹk,ma/rk
1,mʌ1ŋkɪ0,mo/nkey/
1,mɑ1ɹkɛ0t,ma/rke/t
1,mɑ1ɹmə0ɹ,ma/rmo/r
1,mɔ1ɹn,mou/rn
1,mɔ1ɹnɪ0ŋ,mo/rni/ng
1,mɜ1ɹsɪ0,me/rcy/
1,mɔ1ɹtsɑ2ɹt,mo/za/rt
2,mɑ1ɹtʃ,ma/rch
1,mɜ1ɹtʃə0nt,me/rcha/nt
1,mɛ1ɹɪ0,me/rry/
2,mɛ1θə0d,me/tho/d
1,mɔ1ɹə0l,mo/ra/l
1,mɔ1ɹə0lz,mo/ra/ls
1,mɪ1ɹə0slə0v,mi/ro/sla/v
1,mɛ1ʒə0ɹ,mea/su/re
1,mɪ1ɹə0ɹ,mi/rro/r
1,mɛ2dɪ0keɪ1ʃə0nz,me/di/ca/tio/ns
1,mɑ2də0ɹeɪ1ʃə0n,mo/de/ra/tio/n
1,mʌ2ltaɪ0lɛ1vɛ0l,mu/lti/le/ve/l
1,mʌ2ltɪ0fʌ1ŋkʃʌ2nə0l,mu/lti/fu/nctio/na/l
1,mʌ2ltə0plə0keɪ1ʃə0n,mu/lti/pli/ca/tio/n
1,mɪ2s#ɪ0nfə0ɹmeɪ1ʃə0n,mi/s#i/nfo/rma/tio/n
1,məɪ0nteɪ1n,mai/ntai/n
1,mɹɑ1tʃkə0,mro/czka/
1,næ1p,na/p
1,næ1stɪ0,na/sty/
1,næ1tʃʊ0ɹə0l,na/tu/ra/l
1,næ1tʃə0ɹə0laɪ2zɪ0ŋ,na/tu/ra/li/zi/ng
1,næ1və0ɡeɪ2tɪ0d,na/vi/ga/te/d
1,næ1ʃnə0laɪ2zd,na/tiona/li/zed
1,næ1ʃə0nə0l,na/tio/na/l
1,næ2tʃə0ɹə0lɪ1stɪ0k,na/tu/ra/li/sti/c
1,naʊ1,now/
1,naɪ1f,kni/fe
1,naɪ1lɑ2n,ny/lo/n
1,naɪ1n#θ,ni/n#th
1,naɪ1n,ni/ne
1,naʊ1n,nou/n
1,naɪ1nti0,ni/nety/
1,naɪ1nti0z,ni/netie/s
1,naɪ1s,ni/ce
1,naɪ1t#klʌ2bz,ni/ght#clu/bs
1,naɪ1t#steɪ2dʒ,ni/ght#sta/ge
3,naɪ1t,ni/ght
1,naɪ1tɹeɪ2ts,ni/tra/tes
1,naʊ1ə0deɪ2z,now/a/day/s
1,neɪ1bə0ɹ#hʊ2d,nei/ghbo/r#hoo/d
1,neɪ1bə0ɹ,nei/ghbo/r
1,neɪ1bə0ɹhʊ2d,nei/ghbo/rhoo/d
1,neɪ1bə0ɹz,na/bo/rs
1,neɪ1l,nai/l
1,neɪ1m,na/me
2,neɪ1md,na/med
1,neɪ1tɪ0v,na/ti/ve
1,neɪ1tʃə0ɹ,na/tu/re
1,neɪ1tʃə0ɹz,na/tu/res
1,neɪ1vɪ0,na/vy/
1,neɪ1və0l,na/va/l
1,neɪ1ʃə0n,na/tio/n
1,ni1,knee/
2,ni1d,nee/d
2,ni1dl,nee/dle
1,ni1dz,nee/ds
2,ni1də0d,nee/de/d
1,ni1l,knee/l
1,ni1s,nie/ce
1,ni1t,nea/t
1,ni1z,nei/s
1,ni1ðə0ɹ,nei/the/r
1,noʊ1,know/
1,noʊ1,no/
2,noʊ1bl#mə0n,no/ble#ma/n
2,noʊ1bl,no/ble
1,noʊ1bɑ2di2,no/bo/dy/
1,noʊ1n,know/n
1,noʊ1t#bʊ2k,no/te#boo/k
2,noʊ1t,no/te
1,noʊ1tə0s,no/ti/ce
1,noʊ1wɛ2ɹ,no/whe/re
1,noʊ1z,know/s
1,noʊ1z,no/se
1,nu1,knew/
1,nu1,new/
1,nu1fə0ɹ,nu/fe/r
1,nu1mə0ɹə0s,nu/me/rou/s
1,nu1n,noo/n
1,nu1sə0ns,nui/sa/nce
1,nu1z#peɪ2pə0ɹ,new/s#pa/pe/r
1,nu1z,new/s
1,nu1ə0dʒ,new/e/dge
1,nyu1mɛ0ɹə0s,nu/me/rou/s
1,nə0n#ɹɪ0kɜ1ɹɪ0ŋ,no/n#re/cu/rri/ng
1,nə0sɛ1sə0tɪ0,ne/ce/ssi/ty/
1,nə0ɡlɛ1kt,ne/gle/ct
1,nɪ0ɡlɛ1kts,ne/gle/cts
1,nɛ1dəʊ0,ne/ddo/
1,nɛ1fyu0,ne/phew/
1,nɑ1k,kno/ck
1,nɛ1k,ne/ck
1,nɛ1kst,ne/xt
1,nɑ1lə0dʒ,know/le/dge
1,nʌ1mbə0ɹ,nu/mbe/r
1,nʌ1mbə0ɹz,nu/mbe/rs
1,nɑ1n#fɑ1ɹm,no/n#fa/rm
1,nʌ1n,no/ne
1,nɑ1nsɛ0ns,no/nse/nse
1,nɛ1p,kne/pp
1,nɛ1slə0ɹz,ne/sle/r's
1,nɛ1st,ne/st
1,nɛ1stɪ0d,ne/ste/d
2,nɛ1sə0sɛ2ɹɪ0,ne/ce/ssa/ry/
1,nɛ1t#wɜ2ɹk,ne/t#wo/rk
1,nɑ1t,kno/t
1,nɛ1t,ne/t
1,nɑ1t,no/t
1,nʌ1t,nu/t
1,nʌ1ts,nu/ts
1,nɛ1və0ɹ,ne/ve/r
1,nɔ1ɹ,no/r
2,nɪ1ə0,ne/ar/
1,nɑ1ɹkəʊ0s,na/rco/s
2,nɪ1ɹlɪ0,nea/rly/
1,nɔ1ɹmə0l,no/rma/l
1,nɜ1ɹs,nu/rse
1,nɜ1ɹsə0ɹɪ0,nu/rse/ry/
1,nɜ1ɹv,ne/rve
1,nɜ1ɹvə0s,ne/rvou/s
1,nɔ1ɹðə0ɹn,no/rthe/rn
1,nɔ1ɹθ,no/rth
1,nʊ1ɹə0n,neu/ro/n
1,nʌ1θɪ0ŋ,no/thi/ng
1,nɛ1ɹəʊ0,na/rrow/
1,nɪ2kə0ɹɑ1ɡwə0nz,ni/ca/ra/gua/ns
1,nʊ2ɹə0lɑ1dʒɪ0kə0l,neu/ro/lo/gi/ca/l
2,nəʊ0vɛ1mbə0ɹ,no/ve/mbe/r
1,nɔɪ1z,noi/se
1,oʊ1,oh/
1,oʊ1,owe/
1,oʊ1kɪ0,oa/key/
1,oʊ1ld,o/ld
1,oʊ1ldfɑ2ðə0ɹ,o/ldfa/the/r
1,oʊ1n,ow/n
1,oʊ1nlɪ0,o/nly/
1,oʊ1nə0ɹ#ʃɪ2p,ow/ne/r#shi/p
1,oʊ1nə0ɹ,ow/ne/r
1,oʊ1pn,o/pen
1,oʊ1və0ɹ#floʊ2,o/ve/r#flow/
1,oʊ1və0ɹ#kʌ2m,o/ve/r#co/me
1,oʊ1və0ɹ#tɜ2ɹnɪ0ŋ,o/ve/r#tu/rni/ng
2,oʊ1və0ɹ#ɔ2l,o/ve/r#a/ll
1,oʊ1və0ɹ#ɹʌ2nɪ0ŋ,o/ve/r#ru/nni/ng
1,oʊ1və0ɹ,o/ve/r
1,oʊ1və0ɹsi2z,o/ver/see/s
1,oʊ1və0ɹstɹɑ1m,o/ve/rstro/m
1,oʊ1və0ɹθɹoʊ2,o/ve/rthrow/
1,oʊ1zə0l,o/za/l
1,oʊ1ə0n,ow/e/n
1,oʊ1ɪ0ŋ,ow/i/ng
1,oʊ1ʃə0n,o/cea/n
1,oʊ2dɑ1mə0tə0ɹ,o/do/me/ter/
1,oʊ2keɪ1,o/kay/
1,oʊ2ld#fæ1ʃə0nd,o/ld#fa/shio/ned
1,oʊ2ldfæ1ʃə0nd,o/ld-fa/shio/ned
1,oʊ2vyə0leɪ1ʃə0nz,o/vu/la/tio/ns
1,oʊ2və0ɹ#mɛ2dɪ0keɪ1ʃə0nz,o/ve/r#me/di/ca/tio/ns
1,pæ1d,pa/d
1,pæ1dlɑ2ks,pa/dlo/cks
1,pæ1k,pa/ck
1,pæ1kt,pa/cked
1,pæ1kə0dʒ,pa/cka/ge
1,pæ1kɛ0t,pa/cke/t
1,pæ1lə0s,pa/la/ce
1,pæ1n,pa/n
1,pæ1nkɹɛ0ə0s,pa/ncre/a/s
1,pæ1ntʃəʊ0,pa/ncho/
1,pæ1nθə0ɹz,pa/nthe/r's
1,pæ1s,pa/ss
1,pæ1st,pa/st
1,pæ1sɛ0dʒ,pa/ssa/ge
1,pæ1sɛ0ndʒə0ɹ,pa/sse/nge/r
1,pæ1tə0ɹn,pa/tte/rn
1,pæ1tʃɪ0,pa/tchy/
1,pa1wə0ɹ#fə0l,po/we/r#fu/l
1,pa1wə0ɹ,po/we/r
1,pæ1θ,pa/th
1,pæ1ɹə0lɛ2l,pa/ra/lle/l
1,pæ2tə0ɡoʊ1nɪ0ə0n,pa/ta/go/ni/a/n
1,paʊ1də0ɹ,pow/de/r
1,paɪ1l,pi/le
1,paɪ1lə0t,pi/lo/t
1,paʊ1nd,pou/nd
1,paɪ1nt,pi/nt
1,paɪ1p,pi/pe
1,paɪ1pə0ɹz,pi/pe/rs
1,paʊ1tʃ,pou/ch
1,peɪ1,pay/
1,peɪ1bæ2k,pay/ba/ck
1,peɪ1dʒ,pa/ge
1,peɪ1l,pa/le
1,peɪ1mə0nt,pay/me/nt
1,peɪ1n#fə0l,pai/n#fu/l
1,peɪ1n,pai/n
1,peɪ1n,pay/ne
1,peɪ1nt,pai/nt
1,peɪ1ntɪ0ŋ,pai/nti/ng
1,peɪ1pə0ɹ,pa/pe/r
1,peɪ1pə0ɹbæ2k,pa/pe/rba/ck
1,peɪ1st,pa/ste
1,peɪ1stɹɪ0,pa/stry/
1,peɪ1yə0ɹz,pay/e/rs
1,peɪ1zlɪ0z,pai/sley/'s
1,peɪ1ʃə0ns,pa/tie/nce
1,peɪ1ʃə0nt,pa/tie/nt
1,peɪ1ʃə0nts,pa/tie/nts
1,peɪ2i1z,pay/ee/'s
1,peɪ2tɹɪ0ɑ1tɪ0k,pa/tri/o/ti/c
1,pi1l,pie/l
1,pi1pl,peo/ple
1,pi1s#fə0l,pea/ce#fu/l
1,pi1s,pea/ce
1,pi1s,pie/ce
1,pi1sə0blɪ0,pea/cea/bly/
1,pi1tʃə0ɹ,pea/che/r
1,plæ1n,pla/n
1,plæ1nt,pla/nt
1,plæ1nts,pla/nts
2,plæ1nz,pla/ns
1,plæ1nə0t,pla/ne/t
2,plæ1nɪ0ŋ,pla/nni/ng
1,plæ1stɪ0k,pla/sti/c
1,plæ1stə0ɹ,pla/ste/r
1,plaʊ1,plou/gh
1,plaʊ1,plow/
1,pleɪ1,play/
2,pleɪ1d,play/ed
1,pleɪ1n,pla/ne
1,pleɪ1n,plai/n
1,pleɪ1s,pla/ce
1,pleɪ1sɪ0z,pla/ce/s
1,pleɪ1t,pla/te
1,pleɪ1yə0ɹ,play/e/r
1,pleɪ1yə0ɹz,play/e/rs
1,pleɪ1ɡ,pla/gue
1,pleɪ1ə0ɹ,play/e/r
1,pleɪ1ɪ0ŋ,play/i/ng
1,pleɪ1ə0ɹz,play/e/rs
1,pli1z,plea/se
1,pli1zd,plea/sed
1,plɛ1ntɪ0,ple/nty/
1,plɛ1zə0nt,plea/sa/nt
1,plʊ1ɹə0l,plu/ra/l
1,plɛ1ʒə0ɹ,plea/su/re
1,poʊ1l,po/le
1,poʊ1lə0ɹ,po/la/r
1,poʊ1lə0ɹaɪ2zd,po/la/ri/zed
2,poʊ1st,po/st
1,poʊ1ɛ0m,po/e/m
1,poʊ1ɛ0t,po/e/t
1,poʊ1ɛ0tɹɪ0,po/e/try/
1,pu1l,poo/l
1,pu1lə0ŋk,pou/le/nc
1,pu1zəʊ0,pu/zo/
1,pu1ɹ,poo/r
1,pye1ɹɪ0ə0d,pe/ri/o/d
1,pyu1pə0l,pu/pi/l
1,pyu1z,pu/gh's
1,pyʊ1ə0,pu/re/
1,pɪ0æ1nəʊ0,pi/a/no/
1,pə0kyu1lyə0ɹ,pe/cu/lia/r
1,pə0laɪ1t,po/li/te
2,pə0li1s,po/li/ce
1,pə0loʊ1mə0,pa/lo/ma/
1,pə0lɪ1tə0kə0l,po/li/ti/ca/l
1,pə0lɪ1tɪ0kə0lɪ0,po/li/ti/ca/lly/
1,pə0teɪ1toʊ2,po/ta/to/
1,pə0tɛ1nʃə0l,po/te/ntia/l
1,pə0tɛ1nʃə0lz,po/te/ntia/ls
1,pə0zɛ1s,po/sse/ss
1,pə0zɛ1sə0ɹ,po/sse/sso/r
2,pə0zɪ1ʃə0n,po/si/tio/n
1,pə0zɛ1ʃə0n,po/sse/ssio/n
1,pə0ɹdi1tə0,pe/rdi/ta/
1,pə0ɹfɛ1kt,pe/rfe/ct
1,pə0ɹfɛ1kʃə0n,pe/rfe/ctio/n
1,pə0ɹfɔ1ɹm,pe/rfo/rm
1,pə0ɹfɔ1ɹmə0,pe/rfo/rma/
2,pə0ɹfɔ1ɹmə0ns,pe/rfo/rma/nce
1,pɜ0ɹfɔ1ɹmə0ɹ,pe/rfo/rme/r
1,pə0ɹhæ1ps,pe/rha/ps
1,pə0ɹmɪ1t,pe/rmi/t
1,pə0ɹmɪ1ʃə0n,pe/rmi/ssio/n
1,pə0ɹsweɪ1d,pe/rsua/de
1,pə0ɹsweɪ1ʒə0n,pe/rsua/sio/n
1,pə0ɹsɛ1nt,pe/rce/nt
1,pə0ɹtɪ1kyʊ0lə0ɹ,pa/rti/cu/la/r
1,pɔ1,paw/
1,pʌ1blɪ0k,pu/bli/c
1,pʌ1blɪ0ʃ,pu/bli/sh
2,pʌ1blɪ0ʃt,pu/bli/shed
1,pɪ1dʒə0n,pi/geo/n
1,pɪ1k,pi/ck
1,pɪ1ktʃə0ɹ,pi/ctu/re
1,pɪ1ktʃə0ɹz,pi/ctu/res
1,pɪ1kɪ0,pi/cky/
1,pɑ1kɛ0t,po/cke/t
1,pʊ1l,pu/ll
2,pɑ1lə0sɪ0,po/li/cy/
1,pɑ1lə0tɪ2ks,po/li/ti/cs
1,pɑ1lɪ0ʃ,po/li/sh
1,pɪ1lə0ɹd,pi/lla/red
1,pɪ1lə0ɹɪ0,pi/llo/ry/
1,pʌ1mp,pu/mp
1,pɛ1n,pe/n
1,pɪ1n,pi/n
1,pɛ1ns,pe/nce
1,pɛ1nsə0l,pe/nci/l
1,pɪ1ntʃ,pi/nch
1,pɛ1nɪ0,pe/nny/
1,pʌ1nɪ0ʃ#mə0nt,pu/ni/sh#me/nt
1,pʌ1nɪ0ʃ,pu/ni/sh
1,pɑ1pyə0lə0ɹ,po/pu/la/r
1,pɑ1pyʊ0lə0ɹ,po/pu/la/r
1,pɛ1pə0ɹ,pe/ppe/r
1,pɑ1sə0bl,po/ssi/ble
1,pɑ1sə0blɪ0,po/ssi/bly/
1,pɛ1t,pe/t
1,pɑ1t,po/t
1,pʊ1t,pu/t
1,pɪ1tɪ0,pi/ty/
1,pʌ1tɪ0ŋ,pu/tti/ng
1,pɛ1tɹəʊ0l,pe/tro/l
1,pɑ1və0ɹtɪ0,po/ve/rty/
1,pɔ1z,pau/se
2,pʌ1zl,pu/zzle
1,pɑ1zə0tɪ0v,po/si/ti/ve
1,pɜ1ɹ,pe/r
1,pɪ1ɡ,pi/g
1,pɔ1ɹ,pou/r
1,pʊ1ʃ,pu/sh
1,pɛ1ə0,pai/r/
1,pɛ1ə0ɹɛ0nt,pa//re/nt
1,pɑ1ɹdə0n,pa/rdo/n
2,pɑ1ɹk,pa/rk
1,pɪ1ŋk,pi/nk
1,pʌ1ŋktʃu0ə0l,pu/nctu/a/l
1,pɜ1ɹl,pea/rl
1,pɑ1ɹlə0mɛ0nt,pa/rlia/me/nt
1,pɜ1ɹmə0nɛ2nt,pe/rma/ne/nt
2,pɜ1ɹpl,pu/rple
1,pɜ1ɹpə0s,pu/rpo/se
1,pɜ1ɹs,pei/rce
1,pɪ1ɡskɪ2nz,pi/gski/ns
1,pɑ1ɹsl,pa/rcel
1,pɑ1ɹsə0l,pa/rce/l
1,pɜ1ɹsə0n,pe/rso/n
1,pɜ1ɹsɪ0nə0l,pe/rso/na/l
1,pɜ1ɹsɪ0və0l,pe/rci/va/l
1,pɑ1ɹt,pa/rt
1,pɔ1ɹt,po/rt
1,pɑ1ɹtnə0ɹ,pa/rtne/r
1,pɑ1ɹts,pa/rts
2,pɑ1ɹtɪ0,pa/rty/
1,pɑ1ɹtə0kl,pa/rti/cle
1,pɑ1ɹtə0kə0l,pa/rti/c/le
2,pɑ1ɹtɪ0sɪ2pl,pa/rti/ci/ple
1,pɑ1ɹtɪ0sɪ2plz,pa/rti/ci/ples
1,pɜ1ɹtʃə0s,pu/rcha/se
1,pɪ1ɹə0ni2z,py/re/nee/s
1,pɛ1ɹə0nts,pa/re/nt's
1,pɛ1ɹɛ0nts,pa/re/nts
1,pɪ1θɪ0ə0,py/thi/a/
1,pɪ1ɹɪ0ə0d,pe/ri/o/d
1,pɑ2li2ʊ1ɹə0θeɪ2n,po/ly#u/re/tha/ne
1,pɑ2lə0tɪ1ʃə0n,po/li/ti/cia/n
1,pɑ2pyə0læ1ɹɪ0tɪ0,po/pu/la/ri/ty/
1,pɑ2pyə0leɪ1ʃə0n,po/pu/la/tio/n
1,pɑ2sə0bɪ1lə0ti2,po/ssi/bi/li/ty/
1,pɑ2ɹtɪ1kyʊ0lə0ɹlɪ0,pa/rti/cu/la/rly/
1,pɹæ1ktɪ0kə0l,pra/cti/ca/l
2,pɹæ1ktɪ0s,pra/cti/ce
1,pɹæ1ktɪ0st,pra/cti/ced
1,pɹæ1ktɪ0sɪ0ŋ,pra/cti/ci/ng
1,pɹaɪ1,pry/
1,pɹaɪ1d,pri/de
1,pɹaʊ1d,prou/d
2,pɹaɪ1mɛ2ɹɪ0,pri/ma/ry/
2,pɹaɪ1s,pri/ce
2,pɹaɪ1və0t,pri/va/te
1,pɹaɪ1z,pri/ze
1,pɹeɪ1,pray/
1,pɹeɪ1z,prai/se
1,pɹi1st,prie/st
1,pɹi1tʃ,prea/ch
2,pɹi1vɪ0ə0s,pre/vi/ou/s
1,pɹoʊ1tɪ0eɪ2z,pro/te/a/se
1,pɹoʊ1tɛ2stə0ɹ,pro/te/ste/r
1,pɹoʊ1ɡɹæ2m,pro/gra/m
2,pɹoʊ1ɡɹæ2mz,pro/gra/ms
1,pɹu1f,proo/f
1,pɹu1v,pro/ve
1,pɹu1ə0ɹ,pru/e/r
1,pɹə0du1s,pro/du/ce
1,pɹɪ0dɪ1ks,pre/di/cts
2,pɹə0dʌ1kʃə0n,pro/du/ctio/n
1,pɹə0fɛ1sə0ɹ,pro/fe/sso/r
1,pɹə0fɛ1sə0ɹʃɪ2p,pro/fe/sso/rshi/p
1,pɹə0fɜ1ɹ,pre/fe/r
1,pɹə0fɛ1ʃə0n,pro/fe/ssio/n
2,pɹə0fɛ1ʃə0nə0l,pro/fe/ssio/na/l
1,pɹə0moʊ1t,pro/mo/te
1,pɹə0moʊ1tɪ0ŋ,pro/mo/ti/ng
1,pɹə0naʊ1ns,pro/nou/nce
1,pɹə0poʊ1z,pro/po/se
1,pɹə0poʊ1zə0l,pro/po/sa/l
1,pɹɪ0pɛ1ə0,pre/pa/re/
1,pɹɪ0saɪ1s,pre/ci/se
1,pɹə0si1dz,pro/cee/ds
1,pəʊ0st#poʊ1n,po/st#po/ne
1,pɹə0sɛ1ʃə0n,pro/ce/ssio/n
1,pɹə0tɛ1kt,pro/te/ct
1,pɹə0tɛ1ktɪ0v,pro/te/cti/ve
1,pɹə0tɛ1kʃə0n,pro/te/ctio/n
1,pɹɪ0tɛ1nd,pre/te/nd
1,pɹɪ0tɛ1ns,pre/te/nse
2,pɹə0vaɪ1d,pro/vi/de
2,pɹə0vaɪ1dz,pro/vi/des
2,pɹə0vaɪ1də0d,pro/vi/de/d
2,pɹə0vaɪ1dɪ0ŋ,pro/vi/di/ng
1,pɹɪ0vɛ1nt,pre/ve/nt
1,pɹɪ0vɛ1ntɪ0ŋ,pre/ve/nti/ng
1,pɹɪ0vɛ1nʃə0n,pre/ve/ntio/n
1,pɹə0vɪ1ʒə0n,pro/vi/sio/n
1,pɹə0vɪ1ʒə0nz,pro/vi/sio/ns
1,pɹə0vɪ1ʒə0nə0l,pro/vi/sio/na/l
1,pɹə0zɜ1ɹv,pre/se/rve
1,pɹɪ0ɑ1kyə0paɪ2z,pre#o/ccu/pie/s
1,pɹɑ1blə0m,pro/ble/m
1,pɹɑ1blə0mz,pro/ble/ms
1,pɹɑ1bə0bl,pro/ba/ble
1,pɹɑ1bə0bli2,pro/ba/bly/
1,pɹɑ1də0kt,pro/du/ct
2,pɹɑ1də0kts,pro/du/cts
1,pɹɛ1dʒʊ0dɪ0s,pre/ju/di/ce
1,pɹɑ1dʒɛ0kt,pro/je/ct
1,pɹɑ1dʒɛ0kts,pro/je/cts
1,pɹɑ1fə0t,pro/fi/t
1,pɹɛ1fə0ɹə0ns,pre/fe/re/nce
1,pɹɪ1k#lɪ0,pri/ck#ly/
1,pɹɑ1mpt,pro/mpt
1,pɹɑ1mə0s,pro/mi/se
1,pɹɑ1mə0st,pro/mi/sed
1,pɹɑ1mə0sɪ0ŋ,pro/mi/si/ng
1,pɹɔ1n,prau/n
1,pɹɪ1ns,pri/nce
1,pɹɪ1nsə0pl,pri/nci/ple
1,pɹɪ1nsɪ0z,pri/nce/'s
1,pɔɪ1nt,poi/nt
1,pɹɪ1nt,pri/nt
1,pɔɪ1nts,poi/nts
1,pɔɪ1ntɪ0d,poi/nte/d
1,pɹɑ1pə0ɹ,pro/pe/r
2,pɹɑ1pə0ɹtɪ0,pro/pe/rty/
2,pɹɛ1s,pre/ss
1,pɹɑ1sɛ2s,pro/ce/ss
1,pɹɪ1tɪ0,pre/tty/
1,pɹɑ1təʊ0,pra/to/
2,pɹɛ1zɪ0də0nt,pre/si/de/nt
1,pɔɪ1zə0n,poi/so/n
1,pɹɪ1zə0n,pri/so/n
1,pɹɛ1zə0ns,pre/se/nce
1,pɹɛ1zə0nt,pre/se/nt
1,pɔɪ1zə0nə0s,poi/so/nou/s
1,pɹɪ1zə0nə0ɹ,pri/so/ne/r
1,pɹɛ1ə0,pray/er/
1,pɹɛ1ʃə0s,pre/ciou/s
1,pɹɛ1ʃə0ɹ,pre/ssu/re
1,pɹɑ1ɡɹɛ2s,pro/gre/ss
1,pɹɑ2bə0bɪ1lə0ti2,pro/ba/bi/li/ty/
1,pɹɑ2fə0tɪ1ɹɪ0ŋ,pro/fi/tee/ri/ng
1,pɹɛ2pə0ɹeɪ1ʃə0n,pre/pa/ra/tio/n
2,pɹəʊ0nʌ2nsɪ0eɪ1ʃə0n,pro/nu/nci/a/tio/n
1,sæ0mpi1ə0,sa/mpe/re/
1,sæ1d,sa/d
2,sæ1dl,sa/ddle
1,sæ1dn,sa/dden
1,sæ1kɹə0faɪ2s,sa/cri/fi/ce
1,sæ1lə0ɹɪ0,sa/la/ry/
2,sæ1mpl,sa/mple
1,sæ1n,sa/n
1,sæ1nd,sa/nd
1,sæ1ndə0l,sa/nda/l
1,sæ1tə0sfaɪ2,sa/ti/sfy/
1,sa1wə0ɹ,sou/r/
1,sæ1ŋkʃə0nz,sa/nctio/ns'
1,sæ1ɹə0m,sa/ru/m
2,sæ2tə0sfæ1ktɹɪ0,sa/ti/sfa/ctory/
2,sæ2tə0sfæ1kʃə0n,sa/ti/sfa/ctio/n
1,saʊ1,sow/
1,saɪ1d#weɪ2z,si/de#way/s
1,saɪ1d,si/de
1,saɪ1k,psy/ch
1,saɪ1kaɪ2ə0tɹɪ0st,psy/chi/a/tri/st
1,saɪ1kə0l,cy/c/le
1,saɪ1kə0lɪ0st,cy/c/li/st
1,saɪ1lə0ns,si/le/nce
1,saɪ1lə0nt,si/le/nt
1,saɪ1lə0ɹ,sy/le/r
1,saɪ1n,si/gn
1,saɪ1nd,si/gned
1,saʊ1nd,sou/nd
1,saʊ1ndz,sou/nds
1,saɪ1t,si/ght
2,saɪ1t,si/te
1,saɪ1z,si/ze
1,saʊ1θ,sou/th
1,saɪ1ɛ0ns,sci/e/nce
1,saɪ1ə0ntɪ0st,sci/e/nti/st
1,saɪ1ɛ0ntɪ0sts,sci/e/nti/st's
1,saɪ1ə0ntɪ0sts,sci/e/nti/sts
1,saɪ2kɪ0æ1tɹɪ0k,psy/chi/a/tri/c
1,saɪ2ə0ntɪ1fɪ0k,sci/e/nt/ifi/c
1,seɪ1,say/
1,seɪ1f,sa/fe
2,seɪ1ftɪ0,sa/fety/
1,seɪ1k,sa/ke
1,seɪ1kɹɪ0d,sa/cre/d
1,seɪ1l,sa/le
1,seɪ1l,sai/l
2,seɪ1lz,sa/les
1,seɪ1lzmə0n,sa/lesma/n
1,seɪ1lə0ɹ,sai/lo/r
2,seɪ1m,sa/me
1,seɪ1v,sa/ve
1,seɪ1ɪ0ŋ,say/i/ng
1,sfɪ1ɹɔɪ2d,sphe/roi/d
1,si1,sea/
1,si1,see/
1,si1bɛ2ɹɪ0,sea/be/rry/
1,si1d,see/d
1,si1k,see/k
1,si1kɹə0sɪ0,se/cre/cy/
1,si1kɹə0t,se/cre/t
1,si1lə0kæ2nθ,coe/la/ca/nth
1,si1m,see/m
1,si1mz,see/ms
1,si1n,sce/ne
1,si1n,see/n
1,si1nə0ɹɪ0,sce/ne/ry/
1,si1t,sea/t
1,si1wʊ2lf,sea/wo/lf
1,si1z,sei/ze
2,si1zə0n,sea/so/n
1,si1ɪ0ŋ,see/i/ng
1,skæ1tə0ɹ,sca/tte/r
1,skæ2ndɪ0neɪ1vɪ0ə0n,sca/ndi/na/vi/a/n
1,skaɪ1,sky/
1,skeɪ1l,sca/le
1,sklɪ2ɹə0dɜ1ɹmə0,scle/ro/de/rma/
1,skoʊ1ld,sco/ld
1,sku1l,schoo/l
1,sku1lz,schoo/ls
1,skwɔ1lz,squa/lls
1,skwɑ1ndə0ɹ,squa/nde/r
1,skwɛ1ə0,squa/re/
1,skɛ1dʒu0l,sche/du/le
1,skɪ1l#fə0l,ski/ll#fu/l
1,skɪ1l#nə0s,ski/ll#ne/ss
1,skɪ1l,ski/ll
1,skʌ1l,sku/ll
1,skʌ1lptʃə0ɹə0l,scu/lptu/ra/l
2,skɪ1lz,ski/lls
1,skɪ1n,ski/n
1,skɔ1ɹ,sco/re
1,skɛ1ə0ɹi0,sca//ry/
1,skɔ1ɹn,sco/rn
1,skɛ1ɹs,sca/rce
1,skɜ1ɹt,ski/rt
1,skɹæ1tʃ,scra/tch
1,skɹeɪ1p,scra/pe
1,skɹi1n,scree/n
1,skɹu1,screw/
1,skɹɪ1pts,scri/pts
1,slæ1ʃt,sla/shed
1,slaɪ1d,sli/de
1,slaɪ1t,sli/ght
1,sleɪ1v,sla/ve
1,sleɪ1və0ɹɪ0,sla/ve/ry/
1,sli1p,slee/p
1,sli1pɪ0ŋ,slee/pi/ng
1,sloʊ1,slow/
1,sloʊ1p,slo/pe
1,slu1θs,sleu/ths
1,slɪ1p,sli/p
1,slɑ1pɪ0ɛ0st,slo/ppi/e/st
1,slɪ1pə0ɹɪ0,sli/ppe/ry/
1,smaɪ1l,smi/le
1,smoʊ1k,smo/ke
1,smu1ð,smoo/th
1,smɔ1l,sma/ll
1,smɛ1l,sme/ll
1,smɪ1ə0,smea/r/
1,smɑ1ɹt,sma/rt
1,snaɪ1pə0ɹz,sni/pe/rs'
1,sneɪ1k,sna/ke
1,snoʊ1,snow/
1,snoʊ1z,snow/s
1,snɪ1ft,sni/ffed
1,snɑ1ɹlɪ0ŋ,sna/rli/ng
1,soʊ1,sew/
1,soʊ1,so/
1,soʊ1l,sou/l
1,soʊ1ldʒə0ɹ,so/ldie/r
1,soʊ1lə0ɹ,so/la/r
1,soʊ1p,soa/p
1,soʊ1ʃə0l,so/cia/l
1,spæ1nd,spa/nned
1,spaɪ1t,spi/te
1,speɪ1d,spa/de
1,speɪ1s#kɹæ2ft,spa/ce#cra/ft
1,speɪ1s,spa/ce
1,spi1d,spee/d
1,spi1k,spea/k
1,spi1kɜ0ɹz,spea/ke/rs
1,spi1tʃ,spee/ch
1,spi1ə0,spea/re/
1,spi1ʃɪ0z,spe/cie/s
1,splɛ1ndɪ0d,sple/ndi/d
1,splɪ1t,spli/t
1,spu1n,spoo/n
2,spə0sɪ1fɪ0k,spe/ci/fi/c
1,spɑ1,spa/
1,spɛ1ktɹə0m,spe/ctru/m
1,spɛ1kyə0leɪ2tɪ0ŋ,spe/cu/la/ti/ng
1,spɛ1l,spe/ll
1,spɪ1l,spi/ll
1,spɪ1n,spi/n
1,spɛ1nd,spe/nd
1,spɛ1nt,spe/nt
1,spɪ1t,spi/t
1,spɑ1t,spo/t
1,spɔ1ɹ,spau/r
1,spɛ1ə0,spa/re/
1,spɪ1ə0,spea/r/
1,spɔ1ɹt,spo/rt
1,spɛ1ʃə0l,spe/cia/l
1,spɛ1ʃə0lɪ0st,spe/cia/li/st
1,spɪ1ɹə0t,spi/ri/t
1,spɹɛ1d,sprea/d
1,spɔɪ1l,spoi/l
1,spɹɪ1ŋ,spri/ng
1,spɹɪ1ŋklz,spri/nkles
2,stæ1f,sta/ff
1,stæ1mp,sta/mp
1,stæ1nd,sta/nd
1,stæ1ndɪ0ŋ,sta/ndi/ng
2,stæ1ndə0ɹd,sta/nda/rd
1,stæ1tʃu2z,sta/tue/s
2,staɪ1l,sty/le
1,steɪ1,stay/
1,steɪ1dʒ,sta/ge
1,steɪ1n,stai/n
1,steɪ1t,sta/te
1,steɪ1tmə0nt,sta/teme/nt
1,steɪ1ts,sta/tes
2,steɪ1ʃə0n,sta/tio/n
1,sti1l#hɛ2d,stee/l#hea/d
1,sti1l,stea/l
1,sti1l,stee/l
1,sti1m,stea/m
1,sti1p,stee/p
1,sti1v,ste/ve
1,stoʊ1n,sto/ne
1,stoʊ1v,sto/ve
1,stu1dmə0n,stu/dema/n
1,stu1də0nt,stu/de/nt
1,stu1də0nts,stu/de/nts
1,stu1pə0d,stu/pi/d
1,stu1ɪ0ŋ,stew/i/ng
1,stu1ə0ɹts,stu/a/rts
1,stɛ1dɪ0,stea/dy/
1,stʌ1dɪ0,stu/dy/
2,stʌ1dɪ0z,stu/die/s
1,stɪ1f,sti/ff
1,stʌ1f,stu/ff
1,stɪ1fə0n,sti/ffe/n
1,stɪ1k,sti/ck
1,stɑ1k,sto/ck
1,stɪ1kɪ0,sti/cky/
1,stɑ1kɪ0ŋ,sto/cki/ng
1,stɪ1l,sti/ll
1,stɛ1m,ste/m
1,stʌ1mbɔ2,stu/mbau/gh
1,stʌ1mə0k,sto/ma/ch
1,stɛ1p,ste/p
1,stɑ1p,sto/p
1,stɪ1tʃ,sti/tch
1,stɜ1ɹ#bɪ0ns,ste/r#be/nz
1,stɑ1ɹ,sta/r
1,stɪ1ŋ,sti/ng
1,stɜ1ɹ,sti/r
2,stɔ1ɹ,sto/re
1,stɛ1ə0,stai/r/
1,stɪ1ə0,stee/r/
1,stɔ1ɹm,sto/rm
1,stɑ1ɹt,sta/rt
1,stɑ1ɹts,sta/rts
2,stɑ1ɹtə0d,sta/rte/d
1,stɑ1ɹtɪ0ŋ,sta/rti/ng
1,stɜ1ɹz,stir/s
1,stɔ1ɹɪ0,sto/ry/
1,stɔ1ɹɪ0z,sto/rie/s
1,stɜ1ɹɪ0ŋz,sti/rri/ngs
1,stɹæ1p,stra/p
1,stɹæ1tə0dʒɪ0,stra/te/gy/
1,stɹæ1tɪ0dʒɪ0st,stra/te/gi/st
1,stɹaɪ1k,stri/ke
1,stɹaɪ1p,stri/pe
1,stɹaɪ1pə0ɹz,stri/pe/rs
1,stɹaɪ1vz,stri/ves
1,stɹeɪ1ndʒ,stra/nge
1,stɹeɪ1ndʒə0ɹ,stra/nge/r
1,stɹeɪ1t,strai/ght
1,stɹeɪ1tn,strai/ghten
1,stɹi1m,strea/m
1,stɹi1t,stree/t
1,stɹoʊ1k,stro/ke
1,stɹɔ1,straw/
1,stɹɪ1kt,stri/ct
1,stɹʌ1ktʃə0ɹ,stru/ctu/re
1,stɹɪ1p,stri/p
1,stɹɪ1pɪ0ŋ,stri/ppi/ng
1,stɹɛ1tʃ,stre/tch
1,stɹɪ1ŋ,stri/ng
1,stɹɔ1ŋ,stro/ng
1,stɹɛ1ŋg#θ,stre/ng#th
1,stɹʌ1ɡl,stru/ggle
1,stɹɛ1ŋθə0n,stre/ngthe/n
1,su1n,soo/n
1,su1p,sou/p
1,su1t,sui/t
1,su1tə0bl,sui/ta/ble
1,su1ɪ0saɪ2d,su/i/ci/de
1,su2pə0ɹ#stɪ1ʃə0nz,su/pe/r#sti/tio/ns
1,swi1p,swee/p
1,swi1t,swee/t
1,swi1tn,swee/ten
1,swɛ1l,swe/ll
1,swɑ1ləʊ0,swa/llow/
1,swɪ1m,swi/m
1,swɛ1t,swea/t
1,swɪ1ŋ,swi/ng
1,swɛ1ə0,swea/r/
1,swɔ1ɹθ#mɔ2ɹ,swa/rth#mo/re
1,swɔ1ɹθaʊ2t,swa/rthou/t
1,sə0b#tɹæ1kt,su/b#tra/ct
2,sə0bdʒɛ1kt,su/bje/ct
1,sə0dʒɛ1st,su/gge/st
1,sə0dʒɛ1stʃə0n,su/gge/stio/n
1,sə0fɪ2stə0keɪ1ʃə0n,so/phi/sti/ca/tio/n
1,sə0ksi1d,su/ccee/d
1,sə0ksɛ1s,su/cce/ss
2,sə0ksɛ1sfə0l,su/cce/ssfu/l
1,sɪ0kyʊ1ɹə0tɪ0,se/cu/ri/ty/
1,sə0lu1ʃə0n,so/lu/tio/n
1,sə0lɛ1kt,se/le/ct
1,sɪ0mplɪ1sə0tɪ0,si/mpli/ci/ty/
1,sə0mtaɪ1mz,so/meti/mes
1,sə0mɛ1nt,ce/me/nt
1,sɪ0nklɛ1ə0,si/nclai/r/
1,sɛ0nseɪ1ʃə0n,se/nsa/tio/n
1,sɪ0nsɪ1ə0,si/nce/re/
1,sə0plaɪ1,su/pply/
1,sə0poʊ1z,su/ppo/se
1,sə0poʊ1zd,su/ppo/sed
2,sɛ0ptɛ1mbə0ɹ,se/pte/mbe/r
1,sə0pɔ1ɹt,su/ppo/rt
1,sə0spɛ1kt,su/spe/ct
1,sə0spɪ1ʃə0n,su/spi/cio/n
1,sə0spɪ1ʃə0s,su/spi/ciou/s
1,sə0vɪ1ə0,se/ve/re/
1,sɔ0wɑ1ɹ,so/i/r
1,sə0ɹaʊ1nd,su/rrou/nd
2,sə0ɡnɪ1fɪ0kə0nt,si/gni/fi/ca/nt
1,sə0ɹpɹaɪ1z,su/rpri/se
1,sə0ɹɔ1ɹə0tɪ0,so/ro/ri/ty/
1,sɔ1,saw/
1,sʌ1b#stə0ns,su/b#sta/nce
1,sɑ1bɪ0ə0,sa/bi/a/
1,sɛ1d,sai/d
1,sʌ1də0n,su/dde/n
1,sʌ1də0nlɪ0,su/dde/nly/
1,sɑ1fn,so/ften
1,sɔ1ft#wɛ2ɹ,so/ft#wa/re
1,sɑ1ft,so/ft
1,sɛ1fə0lə0pɑ2d,ce/pha/lo/po/d
1,sʌ1fə0ɹ,su/ffe/r
1,sʌ1fɜ0ɹɪ0ŋ,su/ffe/ri/ng
1,sɪ1k,si/ck
1,sɑ1k,so/ck
1,sʌ1k,su/ck
1,sɪ1ks#θ,si/x#th
1,sɛ1ks,se/x
1,sɪ1ks,si/x
1,sɪ1ksti0n,si/xtee/n
1,sɪ1kstɪ0z,si/xtie/s
1,sɛ1kə0nd,se/co/nd
1,sɛ1kʃu0ə0l,se/xu/a/l
2,sɛ1kʃə0n,se/ctio/n
1,sɛ1kɹə0tɛ2ɹɪ0,se/cre/ta/ry/
1,sɛ1l,ce/ll
1,sɔ1l,sau/l
1,sɛ1l,se/ll
1,sɪ1l,si/l
1,sɛ1ldə0m,se/ldo/m
1,sɛ1lf,se/lf
1,sɛ1lfɪ0ʃ,se/lfi/sh
1,sɪ1lk,si/lk
1,sɔ1lt,sa/lt
1,sɑ1lv,so/lve
1,sɪ1lvə0ɹ,si/lve/r
1,sɛ1lz,ce/lls
1,sɪ1lɪ0,si/lly/
1,sɑ1lə0d,so/li/d
1,sɑ1lə0m,so/le/mn
1,sʌ1m#bɑ2dɪ0,so/me#bo/dy/
1,sʌ1m#haʊ2,so/me#how/
1,sʌ1m#taɪ2m,so/me#ti/me
1,sʌ1m#wʌ2n,so/me#o/ne
1,sʌ1m#wɛ2ɹ,so/me#whe/re
1,sʌ1m#θɪ0ŋ,so/me#thi/ng
1,sʌ1m,so/me
1,sʌ1m,su/m
2,sɪ1mpl,si/mple
1,sɪ1mplɪ0,si/mply/
1,sɪ1mpə0θɪ0,sy/mpa/thy/
1,sɪ1mɪ0lə0ɹ,si/mi/la/r
1,sʌ1mə0ɹ#hɪ2l,su/mme/r#hi/ll
2,sʌ1mə0ɹ,su/mme/r
1,sʌ1n,so/n
1,sʌ1n,su/n
1,sɛ1nd,se/nd
1,sɛ1ns#lɛ0s,se/nse#le/ss
1,sɛ1ns,se/nse
1,sɪ1ns,si/nce
1,sɛ1nsɪ0bl,se/nsi/ble
1,sɛ1nsɪ0tɪ0v,se/nsi/ti/ve
1,sɛ1nt,ce/nt
1,sɛ1nt,sce/nt
2,sɛ1nt,se/nt
1,sɛ1ntə0mi2tə0ɹ,ce/nti/me/te/r
1,sɛ1ntə0ns,se/nte/nce
1,sɛ1ntə0ɹ,ce/nte/r
2,sɛ1ntə0ɹ,ce/ntre/
2,sɛ1ntɹə0l,ce/ntra/l
1,sɛ1ntʃə0ɹɪ0,ce/ntu/ry/
1,sɪ1nə0mə0,ci/ne/ma/
1,sɪ1nə0ɹdʒɪ0,ci/ne/rgy/
1,sʌ1pə0ɹ,su/ppe/r
1,sɛ1pə0ɹeɪ2t,se/pa/ra/te
1,sɔ1s,sau/ce
1,sɪ1stə0m,sy/ste/m
1,sɪ1stə0mz,sy/ste/ms
1,sɪ1stə0ɹ,si/ste/r
1,sɔ1sə0ɹ,sau/ce/r
1,sɛ1t,se/t
1,sɪ1t,si/t
1,sɑ1thɔ2f,saa/tho/ff
2,sɛ1tl,se/ttle
1,sʌ1tʃ,su/ch
1,sɪ1tɪ0,ci/ty/
1,sɪ1tɪ0z,ci/tie/s
1,sɪ1tə0zə0n,ci/ti/ze/n
1,sɪ1tɪ0ŋ,si/tti/ng
1,sɛ1vn#θ,se/ven#th
1,sɛ1vn,se/ven
1,sɪ1və0laɪ2z,ci/vi/li/ze
1,sɛ1vɹə0l,se/vera/l
1,sɛ1z,say/s
1,sɪ1zə0ɹz,sci/sso/rs
1,sʌ1ðə0ɹn,sou/the/rn
1,sɜ1ɹ#ɹɪ0bə0tə0l,su/r#re/bu/tta/l
1,sɪ1ŋ,si/ng
1,sɜ1ɹ,si/r
1,sɔ1ŋ,so/ng
1,sɔ1ɹ,so/re
1,sɔ1ɹd,swo/rd
1,sɜ1ɹf#bɔ2ɹdz,su/rf#boa/rds
1,sɜ1ɹfə0s,su/rfa/ce
1,sɪ1ŋk,si/nk
1,sɜ1ɹkyʊ0lə0ɹ,ci/rcu/la/r
1,sɜ1ɹkə0l,ci/rc/le
1,sɜ1ɹmə0,su/rma/
1,sɪ1ɡnə0l,si/gna/l
2,sɪ1ɡnə0tʃə0ɹ,si/gna/tu/re
1,sɔ1ɹs,sou/rce
1,sɔ1ɹt,so/rt
1,sɔ1ɹts,so/rts
2,sɜ1ɹtʃ,sea/rch
1,sɜ1ɹtə0n,ce/rtai/n
1,sɜ1ɹtə0nlɪ0,ce/rtai/nly/
1,sɜ1ɹtə0ntɪ0,ce/rtai/nty/
1,sɜ1ɹv,se/rve
1,sɜ1ɹvd,ser/ved
1,sɜ1ɹvə0nt,se/rva/nt
2,sɜ1ɹvə0s,se/rvi/ce
2,sɜ1ɹvə0sə0z,se/rvi/ce/s
1,sɔ1ŋz,so/ngs
1,sɑ1ɹɪ0,so/rry/
1,sɜ1ɹɪ0bə0tə0l,su/rre/bu/tta/l
1,sɛ1ɹə0deɪ2z,ce/re/da/se
1,sɛ1ɹə0moʊ2nɪ0,ce/re/mo/ny/
1,sɛ1ʃə0n,se/ssio/n
1,sɪ1ɹɪ0z,se/rie/s
1,sɪ1ɹɪ0ə0s,se/ri/ou/s
1,sɪ1ŋɡl,si/ngle
1,sɪ1ŋɡyu0lə0ɹ,si/ngu/la/r
1,sɑ1ɹəʊ0,so/rrow/
1,sʌ2b#zɪ1ɹəʊ0,su/b#ze/ro/
1,sɪ2m#pə0θɛ1tɪ0k,sy/m#pa/the/ti/c
1,sɛ2mɪ0æ1nyə0wə0l,se/mi/a/nnu/a/l
1,sɪ2mə0læ1ɹɪ0tɪ0,si/mi/la/ri/ty/
1,sɪ2ndɪ0keɪ1ʃə0n,sy/ndi/ca/tio/n
1,sɛ2nʃʊ2æ1lə0ti2,se/nsu/a/li/ty/
1,sɛ2pə0ɹeɪ1ʃə0n,se/pa/ra/tio/n
1,sɪ2tʃu0eɪ1ʃə0n,si/tu/a/tio/n
1,sɪ2və0lɪ0zeɪ1ʃə0n,ci/vi/li/za/tio/n
1,sɪ2ɡə0ɹɛ1t,ci/ga/re/tte
1,səʊ0saɪ1ə0tɪ0,so/ci/e/ty/
1,sɔɪ1l,soi/l
2,tæ1ks,ta/x
1,tæ1ksɪ0,ta/xi/
1,tæ1p,ta/p
1,tæ1sk,ta/sk
1,tæ1tə0ɹd,ta/tte/red
1,ta1wə0ɹ,tow/e/r
1,tæ1ɡə0lɑ2ɡ,ta/ga/lo/g
1,taɪ1,tie/
1,taɪ1,tye/
1,taɪ1d,ti/de
1,taɪ1dɪ0,ti/dy/
1,taɪ1m#teɪ2bl,ti/me#ta/ble
1,taɪ1m,ti/me
1,taɪ1mz,ti/mes
2,taʊ1n,tow/n
1,taʊ1n#haʊ2sɪ0z,tow/n#hou/se/s
1,taɪ1nɪ0,ti/ny/
1,taɪ1p,ty/pe
2,taɪ1ps,ty/pes
1,taɪ1t,ti/ght
2,taɪ1tl,ti/tle
1,taɪ1tn,ti/ghten
1,taʊ1ə0l,to/we/l
1,taʊ1ə0l,tow/e/l
1,taɪ1ə0ɹ,ti/re/
1,taɪ1ɡə0ɹ,ti/ge/r
1,teɪ1bl#tɑ2p,ta/ble#to/p
1,teɪ1bl,ta/ble
1,teɪ1k,ta/ke
1,teɪ1kn,ta/ken
1,teɪ1ks,ta/kes
1,teɪ1kə0ɹ,ta/ke/r
1,teɪ1kɪ0ŋ,ta/ki/ng
1,teɪ1l,ta/le
1,teɪ1l,tai/l
1,teɪ1lə0ɹ,tai/lo/r
1,teɪ1m,ta/me
1,teɪ1st,ta/ste
1,ti1,tea/
1,ti1m,tea/m
1,ti1tʃ,tea/ch
1,ti1tʃə0ɹ,tea/che/r
1,ti1tʃə0ɹz,tea/che/rs
1,toʊ1,toe/
1,toʊ1ld,to/ld
1,toʊ1mə0,to/ma/
2,toʊ1tə0l,to/ta/l
1,toʊ1tə0lɪ0,to/ta/lly/
1,tu1,to/
1,tu1,too/
1,tu1,two/
1,tu1b,tu/be
1,tu1l,too/l
1,tu1lz,too/ls
1,tu1lɪ0p,tu/li/p
1,tu1n,tu/ne
1,tu1θ,too/th
1,tu2θaʊ1zə0nd#tɛ1n,two/thou/sa/nd#te/n
1,twaɪ1laɪ2t,twi/li/ght
1,twaɪ1s,twi/ce
1,twi1kt,twea/ked
1,twɛ1lvθ,twe/lvth
1,twɛ1ntɪ0,twe/nty/
1,twɪ1st,twi/st
1,tə0bæ1koʊ2,to/ba/cco/
1,tə0deɪ1,to/day/
1,tɛ0knɑ1lə0dʒɪ0,te/chno/lo/gy/
1,tɛ0knɑ1lə0dʒɪ0z,te/chno/lo/gie/s
1,tə0mɑ1ɹoʊ2,to/mo/rrow/
1,tə0naɪ1t,to/ni/ght
1,tə0wɔ1ɹd,to/wa/rd
1,tə0wɔ1ɹdz,to/wa/rds
1,tə0ɡæ1ðə0ɹ,to/ge/the/r
1,tɔ0ɹtɔ0ɹɛ1lə0,to/rto/re/lla/
1,tə0ɡɛ1ðə0ɹ,to/ge/the/r
1,tɛ1d,te/d
1,tʌ1f,tou/gh
1,tɔ1k,ta/lk
1,tʊ1k,too/k
2,tɛ1kst,te/xt
1,tɔ1kt,ta/lked
1,tɪ1kɛ0t,ti/cke/t
1,tɔ1kɪ0ŋ,ta/lki/ng
1,tɪ1kə0ɹ,ti/cke/r
1,tɔ1l,ta/ll
1,tɛ1l,te/ll
1,tɪ1l,ti/ll
1,tɛ1lɛ0foʊ2n,te/le/pho/ne
1,tɛ1lɛ0vɪ2ʒə0n,te/le/vi/sio/n
1,tɛ1lɪ0ŋ,te/lli/ng
1,tɑ1lə0ɹeɪ2t,to/le/ra/te
1,tɛ1lə0ɡɹæ2f,te/le/gra/ph
1,tɪ1m,ti/m
1,tɛ1mpl,te/mple
1,tɛ1mpt,te/mpt
1,tɛ1mpə0ɹ,te/mpe/r
1,tɛ1mpə0ɹɛ2ɹɪ0,te/mpo/ra/ry/
2,tɛ1mpɹə0tʃə0ɹ,te/mpera/tu/re
1,tɛ1n,te/n
1,tɪ1n,ti/n
1,tʌ1n,to/n
1,tɛ1nd,te/nd
1,tɛ1ndə0nsɪ0,te/nde/ncy/
1,tɛ1ndə0ɹ,te/nde/r
1,tɛ1ns,te/nse
1,tɛ1nt,te/nt
1,tɛ1nə0s,te/nni/s
1,tɪ1p,ti/p
1,tɑ1p,to/p
1,tɪ1pə0kə0l,ty/pi/ca/l
1,tɛ1st,te/st
1,tʌ1tʃ,tou/ch
1,tʌ1tʃt,tou/ched
1,tɛ1ðə0ɹ,te/the/r
1,tʌ1ŋ,to/ngue
2,tɛ1ə0,tea/r/
1,tʊ1ə0,tou/r/
1,tɔ1ə0l,taw/i/l
1,tɜ1ɹbəʊ0tʃɑ2ɹdʒ,tu/rbo/cha/rge
2,tɜ1ɹm,te/rm
1,tɜ1ɹmz,te/rms
1,tɜ1ɹn#teɪ2bl,tu/rn#ta/ble
1,tɜ1ɹn,tu/rn
1,tɜ1ɹnd,tu/rned
1,tɜ1ɹnz,tu/rns
1,tɜ1ɹnɜ0ɹ,tu/rne/r
1,tɛ1ɹə0bl,te/rri/ble
1,tɛ1ɹɪ0faɪ0d,te/rri/fi/ed
1,tɪ1ɹə0naɪ2zd,ty/ra/nni/zed
1,tɔ1ɹə0nt,to/rre/nt
1,tʊ1ɹɪ0st,tou/ri/st
1,tɛ1ɹə0ɹ,te/rro/r
1,tɑ1ɹɡə0t,ta/rge/t
1,tɛ2mpɹə0mɛ1ntə0lɪ0,te/mpera/me/nta/lly/
1,tɛ2tɹə0hi1dɹə0l,te/tra#he/dra/l
1,tɹæ0nsfɜ1ɹ,tra/nsfe/r
1,tɹæ0nskɹaɪ1bz,tra/nscri/bes
1,tɹæ0nsleɪ1t,tra/nsla/te
1,tɹæ0nsleɪ1tə0ɹ,tra/nsla/to/r
1,tɹæ0nsleɪ1ʃə0n,tra/nsla/tio/n
1,tɹæ0nspɛ1ɹə0nt,tra/nspa/re/nt
1,tɹæ0nsɛ1ndɪ0ŋ,tra/nsce/ndi/ng
1,tɹæ0nz#ɡɹɛ1sə0ɹ,tra/ns#gre/sso/r
1,tɹæ0nzleɪ1t,tra/nsla/te
1,tɹæ0nzleɪ1ʃə0n,tra/nsla/tio/n
1,tɹæ1fɪ0k,tra/ffi/c
2,tɹæ1k,tra/ck
1,tʃæ1lə0ndʒ,cha/lle/nge
1,tʃæ1mblɪ0n,cha/mbli/n
1,tʃæ1mbə0ɹ#lə0nd,cha/mbe/r#la/nd
1,tʃæ1ns,cha/nce
1,tɹæ1nsɛ2kʃə0n,tra/nse/ctio/n
1,tɹæ1p,tra/p
2,tɹæ1və0l,tra/ve/l
1,tɹæ2nz#kɑ2nɪ0nɛ1ntə0l,tra/ns#co/nti/ne/nta/l
1,tʃaɪ0ni1z,chi/ne/se
1,tɹaɪ1,try/
1,tɹaɪ1b,tri/be
1,tɹaɪ1d,tri/ed
1,tʃaɪ1ld#hʊ2d,chi/ld#hoo/d
1,tʃaɪ1ld,chi/ld
1,tʃaɪ1nə0,chi/na/
1,tɹaʊ1zə0ɹz,trou/se/rs
1,tɹaɪ1ə0l,tri/a/l
1,tɹaɪ1ɪ0ŋ,try/i/ng
1,tɹeɪ1,tray/
2,tɹeɪ1d,tra/de
1,tʃeɪ1n,chai/n
1,tɹeɪ1n,trai/n
1,tʃeɪ1ndʒ,cha/nge
1,tʃeɪ1ndʒd,cha/nged
1,tʃeɪ1ndʒɪ0z,cha/nge/s
1,tʃeɪ1ndʒɪ0ŋ,cha/ngi/ng
1,tɹeɪ1ni1z,trai/nee/s
2,tɹeɪ1nɪ0ŋ,trai/ni/ng
1,tʃeɪ1s,cha/se
1,tɹeɪ1tə0ɹə0s,trai/to/rou/s
1,tɹi1,tree/
2,tʃi1f,chie/f
1,tʃi1k,chee/k
1,tʃi1p,chea/p
1,tʃi1t,chea/t
1,tɹi1t,trea/t
2,tɹi1tmə0nt,trea/tme/nt
1,tʃi1z,chee/se
1,tɹi1z,tree/s
1,tʃu1,choo/
4,tɹu1,true/
2,tʃu1z,choo/se
1,tɹu1θ,tru/th
2,tɹə0dɪ1ʃə0nə0l,tra/di/tio/na/l
1,tʃɑ1,cha/
1,tɔɪ1,toy/
1,tɹʌ1bl,trou/ble
1,tɹʌ1blɪ0ŋ,trou/bli/ng
1,tɹʌ1k#loʊ2dz,tru/ck#loa/ds
1,tʃɑ1k,cha/lk
3,tʃɛ1k,che/ck
1,tʃɛ1k,che/que
1,tɹɪ1k,tri/ck
1,tʃɔ1klɛ0t,cho/cola/te
1,tʃɔ1klə0ts,cho/cola/tes
1,tʃɔ1kə0lə0ts,cho/co/la/tes
1,tʃɪ1kɛ0n,chi/cke/n
1,tʃɪ1ldɹɛ0n,chi/ldre/n
1,tɹɛ1mbl,tre/mble
1,tɹɑ1mblɪ0,tro/mbly/
1,tʃɪ1mnɪ0,chi/mney/
1,tʃʌ1mp,chu/mp
1,tʃɪ1n,chi/n
1,tɹɪ1ntɛ2ks,tri/nte/x
1,tʃɛ1nə0wɛ0θ,che/no/we/th
1,tɹɪ1p,tri/p
1,tɹɑ1pɪ0kə0l,tro/pi/ca/l
1,tʃɛ1st,che/st
1,tɹʌ1st,tru/st
1,tʃɛ1stə0ɹsə0n,che/ste/rso/n
1,tʃɪ1ɹ#fə0l,chee/r#fu/l
1,tʃɛ1ɹ#pɜ2ɹsə0n,chai/r#pe/rso/n
1,tʃɛ1ə0,chai/r/
1,tʃɪ1ə0,chee/r/
1,tʃɑ1ɹdʒ,cha/rge
1,tɹʌ1ŋk,tru/nk
1,tʃɑ1ɹm,cha/rm
1,tʃɛ1ɹmə0n,chai/rma/n
2,tʃɜ1ɹtʃ,chu/rch
1,tɹɛ1ʒə0ɹ,trea/su/re
1,tɹɛ1ʒə0ɹɪ0,trea/su/ry/
1,tʃɛ2ɹə0mɪ1ɹdə0nz,che/ru/mi/rda/n's
1,tʃɔɪ1s,choi/ce
1,væ0ɹaɪ1ə0tɪ0,va/ri/e/ty/
1,væ1kyu0m,va/cuu/m
1,væ1lyu0,va/lue/
1,væ1lyə0bl,va/lua/ble
1,væ1lɪ0,va/lley/
1,væ1lɪ0n,va/li/n
1,vaɪ0æ1ɡɹə0,vi/a/gra/
1,vaʊ1wɛ0l,vow/e/l
2,vaɪ1ə0,vi/a/
1,vaɪ1ə0lɛ0ns,vi/o/le/nce
1,vaɪ1ə0lɛ0nt,vi/o/le/nt
1,veɪ1l,va/le
1,veɪ1l,vei/l
1,veɪ1n,vai/n
1,vi1hɪ0kə0l,ve/hi/c/le
1,vi1nə0,vi/na/
1,voʊ1t,vo/te
1,vyu1,view/
1,vyu1ə0ɹz,view/e/rs
1,və0ɹaɪ1ə0tɪ0,va/ri/e/ty/
1,vɪ1dɪ0əʊ0,vi/de/o/
1,vɛ1dʒtə0bl,ve/geta/ble
1,vɪ1ktə0ɹɪ0,vi/cto/ry/
1,vʌ1ltʃə0ɹ,vu/ltu/re
1,vɑ1lyu0m,vo/lu/me
1,vɪ1lə0dʒ,vi/lla/ge
1,vɑ1lɪ0z,vo/lley/s
1,vɑ1n,va/n
1,vɪ1nt,vi/nt
1,vɛ1sl,ve/ssel
1,vɛ1sə0l,ve/sse/l
1,vɪ1ttʃæ0k,wi/tcza/k
2,vɪ1zɪ0t,vi/si/t
1,vɪ1zɪ0ts,vi/si/ts
1,vɪ1zɪ0tə0ɹ,vi/si/to/r
1,vɜ1ɹb,ve/rb
1,vɜ1ɹs,ve/rse
1,vɜ1ɹtʃu0,vi/rtue/
1,vɛ1ɹɪ0,va/ry/
1,vɛ1ɹɪ0,ve/ry/
1,vɪ1ʒə0n,vi/sio/n
1,vɪ1ʒə0wə0l,vi/su/a/l
2,vɛ1ɹɪ0ə0s,va/ri/ou/s
1,vɛ1ɹəʊ0,va/ro/
2,vɜ1ɹʒə0n,ve/rsio/n
1,vɑ2lə0ntɛ1ɹə0lɪ0,vo/lu/nta/ri#ly/
1,vɔɪ1s,voi/ce
1,vɔɪ1ə0dʒ,voy/a/ge
1,wæ1ks,wa/x
1,waɪ1,why/
1,waɪ1d#spɹɛ1d,wi/de#sprea/d
2,waɪ1d,wi/de
1,waɪ1dn,wi/den
1,waɪ1f,wi/fe
1,waɪ1l,whi/le
1,waɪ1ld,wi/ld
1,waɪ1n,wi/ne
1,waɪ1nd,wi/nd
1,waʊ1nd,wou/nd
1,waɪ1p,wi/pe
1,waɪ1t#hɛ1ə0,whi/te#hai/r/
1,waɪ1t,whi/te
1,waɪ1tn,whi/ten
1,waɪ1vz,wi/ves
1,waɪ1z#kɹæ2kɪ0ŋ,wi/se#cra/cki/ng
1,waɪ1z,wi/se
1,waɪ1zə0ɹ,wi/so/r
1,waɪ1ə0ɹ,wi/re/
1,weɪ1,way/
1,weɪ1,wei/gh
1,weɪ1dʒ,wa/ge
1,weɪ1dʒɪ0z,wa/ge/s
1,weɪ1k,wa/ke
1,weɪ1st,wa/ste
1,weɪ1st,wai/st
1,weɪ1t,wai/t
1,weɪ1t,wei/ght
1,weɪ1tɪ0d,wei/ghte/d
1,weɪ1tə0ɹ,wai/te/r
1,weɪ1v,wa/ve
1,weɪ1və0ɹ,wai/ve/r
1,weɪ1z,way/s
1,wi1,we/
1,wi1d,wee/d
1,wi1k#deɪ2,wee/k#day/
1,wi1k#lɪ0,wee/k#ly/
1,wi1k,wea/k
1,wi1k,wee/k
1,wi1kn,wea/ken
1,wi1ks,wee/ks
1,wi1kɛ2nd,wee/ke/nd
1,wi1l,whee/l
1,wi1n,wea/n
1,wi1t,whea/t
1,wi1v,wea/ve
1,woʊ1l,woeh/l
1,wɛ0nɛ1və0ɹ,whe/ne/ve/r
1,wɪ0tʃ#ɛ1və0ɹ,whi/ch#e/ve/r
1,wɪ0ðɪ1n,wi/thi/n
1,wɛ0ə0ɹɛ1və0ɹ,whe//re/ve/r
1,wɪ0θaʊ1t,wi/thou/t
1,wɛ1b,we/b
2,wɛ1bsaɪ2t,we/bsi/te
1,wʊ1d,woo/d
1,wʊ1d,wou/ld
1,wʊ1dn,woo/den
1,wɪ1dθ,wi/dth
1,wɑ1dɪ0d,wa/dde/d
1,wʊ1də0n,woo/de/n
1,wɛ1dɪ0ŋ,we/ddi/ng
1,wɪ1dəʊ0,wi/dow/
1,wɪ1dəʊ0ə0ɹ,wi/dow/e/r
1,wɪ1f,whi/ff
1,wɔ1k,wa/lk
1,wɪ1kɪ0d,wi/cke/d
1,wɔ1kɪ0ŋ,wa/lki/ng
1,wɔ1l,wa/ll
1,wɛ1l,we/ll
1,wɪ1l,wi/ll
1,wʊ1l,woo/l
1,wʊ1lfs,wo/lfe's
1,wɛ1lkə0m,we/lco/me
1,wʊ1ln,woo/len
1,wɔ1ltɜ0ɹz,wa/lte/rs
1,wɛ1lθ,wea/lth
1,wʊ1lə0n,woo/le/n
1,wɪ1lɪ0ŋ,wi/lli/ng
1,wʊ1mə0n,wo/ma/n
1,wɪ1mə0n,wo/me/n
1,wʌ1n#mæ1n,o/ne#ma/n
1,wʌ1n,o/ne
1,wɛ1n,whe/n
2,wɪ1n,wi/n
2,wʌ1n,wo/n
1,wɪ1nd,wi/nd
1,wɑ1ndə0,wo/nda/
1,wɑ1ndə0ɹ,wa/nde/r
1,wʌ1ndə0ɹ,wo/nde/r
1,wʌ1ndə0ɹfə0l,wo/nde/rfu/l
1,wɪ1ndəʊ0,wi/ndow/
1,wʌ1ns,o/nce
1,wɑ1nt,wa/nt
1,wɛ1nt,we/nt
1,wɑ1nts,wa/nts
2,wɔ1ntɪ0d,wa/nte/d
1,wɪ1ntə0ɹ,wi/nte/r
1,wʌ1nz,o/ne's
1,wʌ1nz,o/nes
1,wɪ1p,whi/p
1,wɛ1pə0n,wea/po/n
1,wɪ1sl,whi/stle
1,wɪ1spə0ɹ,whi/spe/r
1,wɛ1st,we/st
2,wɛ1stə0ɹn,we/ste/rn
1,wɛ1t,we/t
1,wʌ1t,wha/t
1,wɪ1tnə0s,wi/tne/ss
1,wɑ1tʃ,wa/tch
1,wɪ1tʃ,whi/ch
1,wɪ1tə0kə0ɹ,whi/tea/ke/r
1,wɔ1tə0ɹ,wa/te/r
1,wɑ1tʃɪ0ŋ,wa/tchi/ng
1,wɑ1z,wa/s
1,wɪ1zdə0m,wi/sdo/m
1,wɑ1znt,wa/sn't
1,wɪ1ð,wi/th
1,wɛ1ðə0ɹ,wea/the/r
1,wɛ1ðə0ɹ,whe/the/r
1,wɔ1ɹ,wa/r
1,wɑ1ʃ,wa/sh
1,wɜ1ɹ,we/re
1,wɪ1ŋ,wi/ng
1,wɪ1ʃ,wi/sh
1,wɔ1ɹ,wo/re
1,wɪ1ə0,we/'re/
1,wɛ1ə0,wea/r/
1,wɛ1ə0,whe/re/
1,wɔ1ɹd,wa/rd
1,wɪ1ɹd,wei/rd
1,wɜ1ɹd,wo/rd
1,wɜ1ɹdz,wo/rds
1,wɪ1ɹdə0st,wei/rde/st
1,wɜ1ɹk#ɡɹu2p,wo/rk#grou/p
1,wɜ1ɹk,wo/rk
1,wɜ1ɹks,wo/rks
2,wɜ1ɹkt,wo/rked
1,wɜ1ɹkə0ɹ,wo/rke/r
1,wɜ1ɹkɪ0ŋ,wo/rki/ng
2,wɜ1ɹkə0ɹz,wo/rke/rs
1,wɜ1ɹld,wo/rld
1,wɛ1ɹlɪ0,weh/rly/
1,wɔ1ɹm#θ,wa/rm#th
1,wɔ1ɹm,wa/rm
1,wɜ1ɹm,wo/rm
1,wɔ1ɹn,wa/rn
1,wɜ1ɹs,wo/rse
1,wɜ1ɹst,wo/rst
1,wɑ1ʃt,wa/shed
1,wɜ1ɹðɪ0,wo/rthy/
1,wɜ1ɹθ,wo/rth
1,wɔ1ɹɪ0,wo/rry/
1,wɔ1ɹə0nt#lɛ0s,wa/rra/nt#le/ss
2,wɑ1ʃɪ0ŋtə0n,wa/shi/ngto/n
1,wɜ1ɹʃə0p,wo/rshi/p
1,wʌ2n#sɛ1lf,o/ne#se/lf
1,wʌ2tɛ1və0ɹ,wha/te/ve/r
1,yæ1,yeah/
1,yi1ld,yie/ld
1,yoʊ1kt,yo/ked
1,yoʊ1ə0l,you/gha/l
2,yu0naɪ1tə0d,u/ni/te/d
2,yu0ni1k,u/ni/que
2,yu1,you/
1,yu1naɪ2t,u/ni/te
1,yu1nyə0n,u/nio/n
1,yu1nə0fɔ2ɹm,u/ni/fo/rm
2,yu1nə0t,u/ni/t
1,yu1nə0tɪ0,u/ni/ty/
1,yu1nɪ0vɜ2ɹs,u/ni/ve/rse
1,yu1nɪ0ə0n,u/ni/o/n
1,yu1s#fə0l,u/se#fu/l
1,yu1s#lɛ0s,u/se#le/ss
1,yu1s,u/se
2,yu1sə0z,u/se/s
2,yu1zd,u/sed
2,yu1zə0ɹ,u/se/r
1,yu1zɪ0ŋ,u/si/ng
2,yu1zə0ɹz,u/se/rs
1,yu1θ,you/th
1,yu1ə0l,ew/e/ll
1,yu1ʒu0wə0l,u/su/a/l
1,yu1ʒə0wə0lɪ0,u/su/a/lly/
1,yu2nə0vɜ1ɹsə0l,u/ni/ve/rsa/l
1,yu2nə0vɜ1ɹsə0tɪ0,u/ni/ve/rsi/ty/
1,yʊ0ɹsɛ1lf,you/rse/lf
1,yɛ1l,ye/ll
1,yɛ1ləʊ0,ye/llow/
1,yɛ1s,ye/s
1,yɛ1stə0ɹ#deɪ2,ye/ste/r#day/
1,yɛ1t,ye/t
1,yɑ1tɪ0ŋz,ya/chti/ng's
1,yɪ1yə0ɹz,ye/a/rs
1,yʌ1ŋ,you/ng
1,yʊ1ə0,you/r/
1,yɪ1ə0ɹ,ye/a/r
1,yɑ1ɹd,ya/rd
1,yɔ1ɹk,yo/rk
1,yɪ1ɹlɪ0,yea/rly/
1,yʊ1ɹz,you/rs
1,yʊ1ɹɪ0,you/ri/
1,yʊ1ɹə0p,eu/ro/pe
2,yʊ2ɹə0pi1ə0n,eu/ro/pe/a/n
1,zæ1ɹə0,za/rah/
1,zaɪ2pɹɛ1ksə0,zy/pre/xa/
1,zi1æ0d,zi/a/d
1,zi1ɹəʊ0,ze/ro/
1,zɑ1m,za/lm
1,zɪ1nsə0ɹ,zi/nse/r
1,ðæ1n,tha/n
1,ðæ1t,tha/t
1,ðæ1ts,tha/t's
1,ðeɪ1,they/
1,ðeɪ1l,they/'ll
1,ðeɪ1ɹ,they/'re
1,ði1z,the/se
3,ðoʊ1,thou/gh
1,ðoʊ1z,tho/se
1,ðə0,the/
1,ðɛ0msɛ1lvz,the/mse/lves
1,ðɛ1m,the/m
1,ðɛ1n,the/n
1,ðɪ1s,thi/s
2,ðʌ1s,thu/s
1,ðɛ1ə0,the/re/
1,ðɛ1ə0,thei/r/
1,ðɛ1ə0fɔ2ɹ,the/re/fo/re
1,ðɛ1ɹfɔ2ɹ,the/refo/re
1,ðɛ1ɹz,the/re's
1,ðɛ1ɹz,thei/rs
3,ə0,a/
2,ə0baʊ1t,a/bou/t
1,ə0bdʒɛ1ktə0ɹz,o/bje/cto/rs
1,ə0bdʒɛ1kʃə0n,o/bje/ctio/n
1,ə0bteɪ1n,o/btai/n
1,ə0bzɜ1ɹv,o/bse/rve
1,ə0bɪ1lə0ti2,a/bi/li/ty/
1,ə0bɪ1s,a/by/ss
2,ə0bʌ1v,a/bo/ve
1,ə0bɹɔ1d,a/broa/d
1,ə0dmɪ1t,a/dmi/t
1,ə0dmɪ1tə0ns,a/dmi/tta/nce
1,ə0dvæ1ns,a/dva/nce
1,ə0dʌ1lt,a/du/lt
1,ə0dɑ1pt,a/do/pt
1,ə0dɑ1pʃə0n,a/do/ptio/n
1,ə0dɔ1ɹə0,a/do/ra/
2,ə0dɪ1ʃə0n,a/ddi/tio/n
2,ə0dɪ1ʃə0nə0l,a/ddi/tio/na/l
1,ə0fɛ1kt,a/ffe/ct
1,ɪ0fɛ1kt,e/ffe/ct
2,ɪ0fɛ1kts,e/ffe/cts
2,ɪ0fɛ1ktɪ0v,e/ffe/cti/ve
1,ə0fɛ1nd,o/ffe/nd
1,ə0fɛ1ns,o/ffe/nse
1,ə0fɛ1nsɪ0v,o/ffe/nsi/ve
1,ə0fɛ1ə0,a/ffai/r/
1,ə0fɔ1ɹd,a/ffo/rd
1,ə0fɪ1ʃə0l,o/ffi/cia/l
1,ɪ0fɪ1ʃə0nsɪ0,e/ffi/cie/ncy/
1,ɪ0fɪ1ʃə0nt,e/ffi/cie/nt
1,ə0fɹeɪ1d,a/frai/d
1,ə0hɛ1d,a/hea/d
2,ə0kaʊ1nt,a/ccou/nt
1,ə0keɪ1ʒə0n,o/cca/sio/n
1,ə0klɑ1k,o/'clo/ck
1,ɪ0ks#ploʊ1d,e/x#plo/de
1,ɪ0ks#ploʊ1sɪ0v,e/x#plo/si/ve
1,ɪ0ks#ploʊ1ʒə0n,e/x#plo/sio/n
1,ɪ0ksaɪ1t,e/xci/te
1,ɪ0ksaɪ1tɪ0d,e/xci/te/d
1,ɪ0ksaɪ1tɪ0ŋ,e/xci/ti/ng
1,ɪ0ksklu1ʒə0nz,e/xclu/sio/ns
1,ɪ0kskyu1s,e/xcu/se
1,ɪ0kspleɪ1n,e/xplai/n
1,ɪ0kspleɪ1nd,e/xplai/ned
1,ɪ0ksplɔ1ɹ,e/xplo/re
1,ɪ0kspɛ1kt,e/xpe/ct
2,ɪ0kspɛ1ktə0d,e/xpe/cte/d
1,ɪ0kspɛ1ns,e/xpe/nse
1,ɪ0kspɛ1nsɪ0v,e/xpe/nsi/ve
1,ɪ0kspɛ1ɹɪ0mə0nt,e/xpe/ri/me/nt
1,ɪ0kspɪ1ɹɪ0ə0ns,e/xpe/ri/e/nce
1,ɪ0kspɪ1ɹɪ0ə0nsɪ0z,e/xpe/ri/e/nce/s
1,ɪ0kspɹɛ1s,e/xpre/ss
1,ɪ0kspɹɛ1ʃə0n,e/xpre/ssio/n
1,ɪ0kstɛ1nd,e/xte/nd
1,ɪ0kstɛ1nsɪ0v,e/xte/nsi/ve
1,ɪ0kstɛ1nt,e/xte/nt
1,ɪ0kstɛ1nʃə0n,e/xte/nsio/n
1,ɪ0kstɪ1ŋɡwɪ0ʃə0ɹz,e/xti/ngui/she/rs
1,ɪ0kstʃeɪ1ndʒ,e/xcha/nge
1,ɪ0kstɹi1m,e/xtre/me
1,ɪ0kstɹi1mlɪ0,e/xtre/mely/
1,ɪ0ksɛ1pt,e/xce/pt
1,ɪ0ksɛ1pʃə0n,e/xce/ptio/n
1,ɪ0ksɛ1sɪ0v,e/xce/ssi/ve
1,ə0ksɛ1ʃə0n,a/cce/ssio/n
2,ə0ktoʊ1bə0ɹ,o/cto/be/r
1,ɪ0kwɑ1lə0tɪ0,e/qua/li/ty/
2,ɪ0kwɪ1pmə0nt,e/qui/pme/nt
1,ɪ0kwɪ1ps,e/qui/ps
1,ə0kyu1z,a/ccu/se
1,ə0kʌ1lt,o/ccu/lt
1,ɪ0kɑ1nə0mɪ0,e/co/no/my/
1,ə0kʌ1stə0m,a/ccu/sto/m
1,ə0kɜ1ɹ,o/ccu/r
1,ə0kɔ1ɹd,a/cco/rd
1,ə0kɔ1ɹdɪ0d,a/cco/rde/d
1,ə0kɔ1ɹdə0ns,a/cco/rda/nce
2,ə0kɔ1ɹdɪ0ŋ,a/cco/rdi/ng
1,ə0kɹɔ1s,a/cro/ss
1,ɪ0læ1stɪ0k,e/la/sti/c
2,ə0laʊ1,a/llow/
1,ə0laʊ1d,a/llow/ed
1,ə0laʊ1d,a/lou/d
1,ə0laɪ1k,a/li/ke
1,ə0laɪ1v,a/li/ve
2,ə0laʊ1z,a/llow/s
1,ə0laʊ1ə0ns,a/llow/a/nce
1,ə0loʊ1n,a/lo/ne
1,ə0loʊ1ŋɡɪ0,a/lo/ngi/
1,ɪ0lɛ0ktɹɪ1ʃə0n,e/le/ctri/cia/n
1,ɪ0lɛ1kt,e/le/ct
1,ɪ0lɛ1ktɹɪ0k,e/le/ctri/c
1,ɪ0lɛ1kʃə0n,e/le/ctio/n
1,ə0lɔ1ŋ,a/lo/ng
1,ɪ0lɛ2ktɹɪ1sə0tɪ0,e/le/ctri/ci/ty/
1,ɔ0lɹɛ1dɪ0,a/lrea/dy/
1,ɪ0m#bæ1lə0ns,i/m#ba/la/nce
1,ə0maʊ1nt,a/mou/nt
2,ɪ0meɪ1l,e/mai/l
1,ə0meɪ1zɪ0ŋ,a/ma/zi/ng
1,ɛ0mplɔɪ1,e/mploy/
1,ɛ0mplɔɪ1mə0nt,e/mploy/me/nt
1,ɛ0mplɔɪ1ɪ0,e/mplo/yee/
1,ɛ0mplɔɪ1ə0ɹ,e/mploy/e/r
1,ə0myu1z#mɛ0nt,a/mu/se#me/nt
1,ə0myu1z,a/mu/se
1,ə0myu1zɪ0ŋ,a/mu/si/ng
1,ə0mʌ1ŋ,a/mo/ng
1,ə0mʌ1ŋst,a/mo/ngst
1,ə0mɛ1ɹɪ0kə0,a/me/ri/ca/
1,ə0mɛ1ɹɪ0kə0n,a/me/ri/ca/n
1,ə0n#bʊ1k,u/n#boo/k
1,ə0n#bɛ1ɹə0bl,u/n#bea/ra/ble
1,ə0n#du1,u/n#do/
1,ə0n#i1və0nlɪ0,u/n#e/ve/nly/
1,ɛ0n#kæ1psə0leɪ2t,e/n#ca/psu/la/te
1,ə0n#pɹɪ1nsə0pld,u/n#pri/nci/pled
1,ə0n#saɪ1nd,u/n#si/gned
1,ə0n#steɪ1dʒ,o/n#sta/ge
1,ə0n#sʌ1tl,u/n#su/btle
1,ɪ0n,i/n
1,ɛ0næ1kt#mə0nt,e/na/ct#me/nt
1,ə0naʊ1ns,a/nnou/nce
2,ə0nd,a/nd
1,ə0ndə0ɹ#kæ1pə0tə0laɪ2z,u/nde/r#ca/pi/ta/li/ze
1,ɛ0neɪ1bl,e/na/ble
1,ɛ0nfɔ1ɹsə0bl,e/nfo/rcea/ble
1,ɪ0nkloʊ1z,e/nclo/se
1,ɛ0nkɜ1ɹɪ0dʒmə0nt,e/ncou/ra/geme/nt
1,ə0nlɛ1s,u/nle/ss
1,ɪ0ntaɪ1ə0ɹ,e/nti/re/
1,ə0ntɪ1l,u/nti/l
1,ɪ0nvaɪ1ɹə0n#mə0nt,e/nvi/ro/n#me/nt
2,ɪ0nvaɪ2ɹə0nmɛ1ntə0l,e/nvi/ro/nme/nta/l
1,ə0nvɛ1ɹɪ0faɪ2d,u/nve/ri/fie/d
2,ɪ0nʌ1f,e/nou/gh
2,ə0nʌ1ðə0ɹ,a/no/the/r
1,ə0nɔɪ1,a/nnoy/
1,ɛ0nʃʊ1ə0,e/nsu/re
1,ɛ0nʃʊ1ə0,e/nsu/re/
1,ə0nɔɪ1ə0ns,a/nnoy/a/nce
1,ə0p#stɛ1ɹz,u/p#stai/rs
1,ə0p#sɛ1t,u/p#se/t
1,ə0p#ɹaɪ1t,u/p#ri/ght
1,ə0pdeɪ1t,u/pda/te
1,ə0plaɪ1,a/pply/
1,ə0plɔ1d,a/pplau/d
1,ə0plɔ1z,a/pplau/se
1,ə0poʊ1nə0nt,o/ppo/ne/nt
1,ə0poʊ1z,o/ppo/se
1,ə0pɑ1lə0dʒi2,a/po/lo/gy/
2,ə0pɑ1n,u/po/n
1,ə0pɪ1nyə0n,o/pi/nio/n
1,ə0pɪ1nɪ0ə0n,o/pi/ni/o/n
1,ə0pɪ1ə0,a/ppea/r/
1,ə0pɪ1ə0ɹə0ns,a/ppe/a/ra/nce
1,ə0pɑ1ɹt,a/pa/rt
1,ə0pɹoʊ1tʃ,a/pproa/ch
1,ə0pɹu1v,a/ppro/ve
1,ə0pɹu1və0l,a/ppro/va/l
1,ə0pɔɪ1nt,a/ppoi/nt
1,ə0saɪ1d,a/si/de
1,ɪ0skeɪ1p,e/sca/pe
1,ə0sli1p,a/slee/p
2,ə0soʊ1sɪ0eɪ2tə0d,a/sso/ci/a/te/d
1,ə0soʊ1sɪ0ə0t,a/sso/ci/a/te
2,ə0soʊ2sɪ0eɪ1ʃə0n,a/sso/ci/a/tio/n
1,ə0spɛ1ʃə0lɪ0,e/spe/cia/lly/
1,ɪ0stæ1blɪ0ʃ,e/sta/bli/sh
1,ɪ0stæ1blɪ0ʃmə0nt,e/sta/bli/shme/nt
2,ɪ0stæ1blɪ0ʃt,e/sta/bli/shed
1,ə0stɑ1nɪ0ʃ,a/sto/ni/sh
1,ɔ0stɹeɪ1lyə0n,au/stra/lia/n
1,ə0sɛ1mbl,a/sse/mble
1,ə0sɛ1mblz,a/sse/mbles
1,ɛ0sɛ1nʃə0l,e/sse/ntia/l
1,ɛ0sɛ1nʃə0lɪ0,e/sse/ntia/lly/
1,ə0sɪ1stə0d,a/ssi/ste/d
1,ə0tæ1k,a/tta/ck
1,ə0tɛ1mpt,a/tte/mpt
1,ə0tɛ1nd,a/tte/nd
1,ə0tɛ1ndə0ns,a/tte/nda/nce
1,ə0tɛ1ndɪ0ŋ,a/tte/ndi/ng
1,ə0tɛ1ntɪ0v,a/tte/nti/ve
1,ə0tɛ1nʃə0n,a/tte/ntio/n
1,ɪ0tɜ1ɹnə0lɪ0,e/te/rna/lly/
1,ə0tɹæ1kt,a/ttra/ct
1,ə0tɹæ1ktɪ0v,a/ttra/cti/ve
1,ə0tɹæ1ktɪ0ŋ,a/ttra/cti/ng
1,ə0tɹæ1kʃə0n,a/ttra/ctio/n
1,ə0tʃi1v,a/chie/ve
1,ə0tʃɪ0lt#ɹi1,o/che/l#tree/
1,ɪ0væ1pə0ɹeɪ2tə0ɹ,e/va/po/ra/to/r
1,ɪ0veɪ1dz,e/va/des
2,ə0veɪ1lə0bl,a/vai/la/ble
1,ɪ0vɑ1lvz,e/vo/lves
2,ɪ0vɛ1nt,e/ve/nt
2,ɪ0vɛ1nts,e/ve/nts
1,ɪ0vɛ1ntʃə0wə0lɪ0,e/ve/ntu/a/lly/
1,ə0vɔɪ1d,a/voi/d
1,ə0vɔɪ1də0ns,a/voi/da/nce
1,ə0weɪ1,a/way/
1,ə0weɪ1k,a/wa/ke
2,ə0wɔ1ɹd,a/wa/rd
2,ə0ɹaʊ1nd,a/rou/nd
1,ə0ɹaɪ1v,a/rri/ve
1,ə0ɹaɪ1və0l,a/rri/va/l
1,ə0ɹaɪ1z,a/ri/se
1,ə0ɹaɪ1zɪ0z,a/ri/se/s
1,ə0ʃeɪ1md,a/sha/med
1,ə0ɹeɪ1ndʒ#mɛ0nt,a/rra/nge#me/nt
1,ə0ɹeɪ1ndʒ,a/rra/nge
1,ə0ɡoʊ1,a/go/
1,ə0ɹtɪ1kyə0leɪ2t,a/rti/cu/la/te
1,ɪ0ɡzæ1kt,e/xa/ct
1,ɪ0ɡzæ1ktlɪ0,e/xa/ctly/
1,ɪ0ɡzæ1mpl,e/xa/mple
1,ɪ0ɡzæ1mplz,e/xa/mples
1,ɪ0ɡzæ1mɪ0n,e/xa/mi/ne
1,ɪ0ɡzæ2mə0neɪ1ʃə0n,e/xa/mi/na/tio/n
1,ɪ0ɡzɪ1st,e/xi/st
1,ɛ0ɡzɪ1stə0ns,e/xi/ste/nce
1,ə0ɹɛ0ki1ɡə0,a/re/chi/ga/
1,ə0ɹɑ1bəɪ0,a/ra/be/
1,ə0ɹɪ1dʒə0nə0l,o/ri/gi/na/l
1,ə0ɹɪ1dʒɪ0nə0l,o/ri/gi/na/l
1,ə0ɡɛ1n,a/gai/n
2,ə0ɡɛ1nst,a/gai/nst
1,ə0ɹɛ1st,a/rre/st
1,ə0θɔ1ɹə0tɪ0,au/tho/ri/ty/
1,ə0ɡɹi1,a/gree/
1,ə0ɡɹi1mə0nt,a/gree/me/nt
1,ɔ0ɹθɑ1ɡɹə0fɪ0,o/rtho/gra/phy/
1,ʌ1,uh/
1,ɑ1bdʒɛ0kt,o/bje/ct
1,ɑ1bdʒɛ0kts,o/bje/cts
1,ɑ1bvɪ0eɪ2tə0d,o/bvi/a/te/d
1,ɑ1bvɪ0ə0slɪ0,o/bvi/ou/sly/
1,ɑ1bəʊ0z,a/bo/'s
1,ɑ1d,o/dd
1,ɛ1dʒ,e/dge
1,ɑ1dɛ0st,o/dde/st
1,ɑ1dɪ0ə0ns,au/di/e/nce
1,ɛ1dʒə0keɪ2t,e/du/ca/te
1,ɛ1dʒə0keɪ2tə0ɹ,e/du/ca/to/r
1,ɪ1f,i/f
1,ɔ1f,o/ff
1,ɔ1fn,o/ften
1,ɔ1ftə0n,o/fte/n
1,ɔ1fə0s,o/ffi/ce
1,ɔ1fə0sɪ0z,o/ffi/ce/s
1,ɔ1fə0sə0ɹ,o/ffi/ce/r
2,ɔ1fə0ɹ,o/ffe/r
1,ɛ1fə0ɹt,e/ffo/rt
2,ɔ1fə0ɹz,o/ffe/rs
1,ɛ1kstɹə0,e/xtra/
1,ɑ1ksə0dʒɛ0n,o/xy/ge/n
1,ɛ1ksə0lə0ns,e/xce/lle/nce
1,ɛ1ksə0lə0nt,e/xce/lle/nt
1,ɛ1ksə0ɹsaɪ2z,e/xe/rci/se
1,ɛ1ksɛ2s,e/xce/ss
1,ɔ1kwə0ɹd,aw/kwa/rd
1,ɛ1kɪ0n#ɹɔ0θ,e/cke/n#ro/th
1,ɔ1l#bɹaɪ2ts,a/l#bri/ght's
2,ɔ1l,a/ll
1,ɪ1l,i/ll
1,ɛ1lboʊ2,e/lbow/
1,ɛ1ldə0ɹ,e/lde/r
1,ɔ1lmoʊ2st,a/lmo/st
1,ɛ1ls#wɛ2ɹ,e/lse#whe/re
1,ɛ1ls,e/lse
1,ɛ1lsə0n,e/lso/n
2,ɔ1lsəʊ0,a/lso/
1,ɔ1lweɪ2z,a/lway/s
1,ɛ1lə0fə0nt,e/le/pha/nt
1,ɛ1lə0mə0nt,e/le/me/nt
1,ʌ1mbɹɛ2lə0,u/mbre/lla/
1,ɛ1mpaɪ0ə0ɹ,e/mpi/re/
1,ɛ1mptɪ0,e/mpty/
1,ɛ1mtɪ0,e/mpty/
1,ɪ1mə0dʒ,i/ma/ge
1,ɪ1mə0dʒə0z,i/ma/ge/s
1,ɑ1mə0n,a/ma/n
1,ɪ1mə0teɪ2t,i/mi/ta/te
1,ɪ1n#dɔ2ɹ,i/n#doo/r
1,ɪ1n#dɔ2ɹz,i/n#doo/rs
1,ɛ1n#fə0ɹ,e/n#fo/r
1,ɛ1n#tɹə0l,e/n#trai/l
1,ɪ1n#wɜ0ɹdz,i/n#wa/rds
1,ɪ1n,i/nn
1,ɑ1n,o/n
1,ɛ1nd#lɛ0s,e/nd#le/ss
1,ɛ1nd,e/nd
1,ɪ1ndə0keɪ2t,i/ndi/ca/te
1,ɪ1ndə0stɹɪ0,i/ndu/stry/
1,ʌ1ndə0ɹ,u/nde/r
1,ɪ1ndɪ0ə0,i/ndi/a/
1,ɛ1ndʒə0n,e/ngi/ne
1,ɛ1ndʒə0nɪ1ə0,e/ngi/nee/r/
1,ɪ1ndʒə0ɹz,i/nju/res
1,ɪ1nflu0ə0ns,i/nflu/e/nce
1,ɪ1nkʌ2m,i/nco/me
1,ɔ1nlaɪ2n,o/nli/ne
1,ɪ1nstə0nt,i/nsta/nt
1,ɪ1nstɹʊ0mə0nt,i/nstru/me/nt
1,ɪ1nsɛ2kt,i/nse/ct
1,ɪ1nsɛ2ns,i/nce/nse
1,ɪ1ntu0,i/nto/
1,ɑ1ntu0,o/nto/
1,ɪ1ntʃ,i/nch
1,ɪ1ntə0ɹ#feɪ2s,i/nte/r#fa/ce
1,ɛ1ntə0ɹ,e/nte/r
1,ɪ1ntə0ɹnɛ2t,i/nte/rne/t
1,ɪ1ntə0ɹvyu2,i/nte/rview/
2,ɪ1ntə0ɹɛ2st,i/nte/re/st
1,ɪ1ntə0ɹɛ2stɪ0d,i/nte/re/ste/d
1,ɪ1ntə0ɹɛ2stɪ0ŋ,i/nte/re/sti/ng
1,ɛ1ntɹə0ns,e/ntra/nce
1,ɛ1nvɪ0,e/nvy/
1,ɛ1nvə0loʊ2p,e/nve/lo/pe
1,ɪ1nwə0ɹd,i/nwa/rd
1,ʌ1nyə0n,o/nio/n
2,ɛ1nɪ0,a/ny/
1,ɛ1nɪ0bə0dɪ0,a/ny/bo/dy/
1,ɛ1nɪ0haʊ2,a/ny/how/
1,ɛ1nə0mɪ0,e/ne/my/
1,ɑ1nə0st,ho/ne/st
1,ɑ1nə0stɪ0,ho/ne/sty/
1,ɛ1nɪ0weɪ2,a/ny/way/
1,ɛ1nɪ0wʌ2n,a/ny/o/ne
1,ɛ1nɪ0wɛ2ɹ,a/ny/whe/re
1,ɑ1nə0ɹ,ho/no/r
1,ɪ1nə0ɹ,i/nne/r
1,ʌ1nɪ0ə0n,o/ni/o/n
1,ɛ1nə0ɹdʒɪ0,e/ne/rgy/
2,ɑ1nə0ɹə0bl,ho/no/ra/ble
1,ɛ1nɪ0θɪ2ŋ,a/ny/thi/ng
1,ɪ1nə0ɡɹeɪ2t,i/nte/gra/te
1,ʌ1p#saɪ1d,u/p#si/de
1,ʌ1p,u/p
1,ɑ1pt,o/pt
1,ɑ1pɪ0k,o/pi/c
1,ɛ1pɪ0soʊ2d,e/pi/so/de
1,ɛ1pɪ0soʊ2dz,e/pi/so/des
1,ɑ1pə0zɪ0t,o/ppo/si/te
1,ʌ1pə0ɹ#moʊ2st,u/ppe/r#mo/st
1,ʌ1pə0ɹ,u/ppe/r
1,ɑ1pə0ɹeɪ2t,o/pe/ra/te
1,ɑ1pə0ɹeɪ2tə0ɹ,o/pe/ra/to/r
1,ɑ1pʃə0n,o/ptio/n
2,ɑ1pʃə0nz,o/ptio/ns
1,ʌ1s,u/s
1,ɪ1slɑ2m,i/sla/m
1,ɔ1spɹɪ0,o/sprey/
1,ɔ1st,au/st
1,ɑ1stə0ɹ#tə0ɡ,o/ste/r#ta/g
1,ɛ1sə0ns,e/sse/nce
1,ɪ1t,i/t
1,ɔ1t,ou/ght
1,ɪ1ts,i/t's
1,ɪ1ts,i/ts
1,ɔ1tə0m,au/tu/mn
1,ʌ1v,o/f
1,ɛ1və0də0ns,e/vi/de/nce
1,ɛ1və0ɹ,e/ve/r
1,ɛ1və0ɹɪ0dʒ,e/ve/ra/ge
1,ɛ1və0ɹɪ2dʒ,e/ve/ri/dge
1,ɛ1vɹɪ0,e/very/
1,ɛ1vɹɪ0bɑ2dɪ0,e/very/bo/dy/
1,ɛ1vɹɪ0deɪ1,e/very/day/
1,ɛ1vɹɪ0wʌ2n,e/very/o/ne
1,ɛ1vɹɪ0wʌ2nz,e/very/o/ne's
1,ɛ1vɹɪ0wɛ2ɹ,e/very/whe/re
1,ɛ1vɹɪ0θɪ2ŋ,e/very/thi/ng
1,ɪ1z,i/s
1,ʌ1ðə0ɹ#waɪ2z,o/the/r#wi/se
1,ʌ1ðə0ɹ,o/the/r
1,ʌ1ðə0ɹz,o/the/rs
1,ɛ1ɹ#fɔ0ɹs,ai/r#fo/rce
1,ɛ1ɹ#kɹæ2ft,ai/r#cra/ft
1,ɛ1ɡ#plæ2nt,e/gg#pla/nt
1,ɛ1ɹ#pleɪ2n,ai/r#pla/ne
1,ɛ1ɹ#pɔ2ɹt,ai/r#po/rt
1,ɛ1ŋ#ɡə0ndə0ɹz,e/n#ge/nde/rs
1,ɑ1ɹ,a/re
1,ɛ1ɡ,e/gg
1,ɔ1ɹ,o/r
1,ɔ1ɹ,oa/r
1,ɛ1ə0,ai/r/
1,ɛ1ə0pa2wə0ɹ,ai/r/pow/e/r
1,ɜ1ɹdʒ,u/rge
1,ɔ1ɹdə0nɛ2ɹɪ0,o/rdi/na/ry/
1,ɔ1ɹdə0ɹ,o/rde/r
1,ɜ1ɹdʒə0nt,u/rge/nt
1,ɪ1ŋk,i/nk
1,ʌ1ŋkə0l,u/nc/le
1,ɜ1ɹlɪ0,ea/rly/
1,ʌ1ɡlɪ0,u/gly/
2,ɜ1ɹlɪ0ə0ɹ,ea/rli/e/r
1,ɑ1ɹm,a/rm
1,ɑ1ɹmz,a/rms
1,ɑ1ɹmɪ0,a/rmy/
1,ɑ1ɹmə0ɹ,a/rmo/r
1,ɜ1ɹn,ea/rn
1,ɔ1ɹnə0mə0nt,o/rna/me/nt
1,ɜ1ɹnɪ0st,ea/rne/st
1,ɜ1ɹnə0ɹ,ea/rne/r
1,ɜ1ɹsə0n,u/rso/n
1,ɑ1ɹt,a/rt
1,ɑ1ɹtʃ,a/rch
1,ɑ1ɹtə0kə0l,a/rti/c/le
1,ɑ1ɹtə0kə0l,a/rti/c/le/
1,ɑ1ɹtə0st,a/rti/st
1,ɪ1ʃu0,i/ssue/
1,ɪ1ʃu0z,i/ssue/s
1,ɜ1ɹθ,ea/rth
1,ɔ1ɹə0dʒɪ0n,o/ri/gi/n
1,ɔ1ɹə0ndʒ,o/ra/nge
2,ɑ1ɡə0st,au/gu/st
2,ɔ1θə0ɹ,au/tho/r
2,ɛ1ɹɪ0ə0,a/re/a/
1,ɛ1ɹɪ0ə0z,a/re/a/s
1,ɪ1ŋɡlɪ0ʃ,e/ngli/sh
1,ɑ1ɹɡyu0,a/rgue/
1,ɑ1ɹɡyu0z,a/rgue/s
1,ɑ1ɹɡyə0mɛ0nt,a/rgu/me/nt
1,ɔ1ɹɡə0n,o/rga/n
1,ɔ1ɹɡə0naɪ2z,o/rga/ni/ze
1,ɑ2blə0ɡeɪ1ʃə0n,o/bli/ga/tio/n
1,ɛ2də0tɔ1ɹɪ0ə0lɪ0sts,e/di/to/ri/a/li/sts
1,ɛ2dʒə0keɪ1ʃə0n,e/du/ca/tio/n
1,ɛ2ksplə0neɪ1ʃə0n,e/xpla/na/tio/n
1,ɛ2kstɹə0ɔ1ɹdə0nɛ2ɹɪ0,e/xtra/o/rdi/na/ry/
1,ɛ2ksə0kyu1ʃə0nə0ɹz,e/xe/cu/tio/ne/rs
1,ɛ2kə0nɑ1mɪ0k,e/co/no/mi/c
1,ɔ2l#tə0ɡɛ1ðə0ɹ,a/l#to/ge/the/r
2,ɔ2l#ðoʊ1,a/l#thou/gh
1,ɪ2m#plæ1nt,i/m#pla/nt
1,ɪ2m#plɪ1sə0tlɪ0,i/m#pli/ci/tly/
1,ɪ2mæ1dʒə0n,i/ma/gi/ne
1,ɪ2mæ1dʒɪ0nə0tɪ0v,i/ma/gi/na/ti/ve
1,ɪ2mæ1dʒɪ0nɛ2ɹɪ0,i/ma/gi/na/ry/
1,ɪ2mæ2dʒə0neɪ1ʃə0n,i/ma/gi/na/tio/n
1,ɛ2mbæ1ɹə0st,e/mba/rra/ssed
1,ɛ2mbɹeɪ1s,e/mbra/ce
1,ɛ2mbɹeɪ1st,e/mbra/ced
1,ɪ2mi1di2ə0t,i/mme/di/a/te
1,ɪ2mpæ1kt,i/mpa/ct
1,ɪ2mpæ1kts,i/mpa/cts
1,ɪ2mpə0ɹɪ0ɑ1lɪ0,i/mpe/ri/a/le/
1,ɪ2mpɑ1sə0bl,i/mpo/ssi/ble
1,ɪ2mpɔ1ɹtə0ns,i/mpo/rta/nce
1,ɪ2mpɔ1ɹtə0nt,i/mpo/rta/nt
2,ɪ2mpɹu1v,i/mpro/ve
1,ɪ2mpɹu1vmə0nt,i/mpro/veme/nt
1,ɪ2mpɹɛ1ʃə0nɪ0st,i/mpre/ssio/ni/st
1,ɪ2myu1nɪ0tɪ0z,i/mmu/ni/tie/s
1,ɪ2mə0teɪ1ʃə0n,i/mi/ta/tio/n
1,ɪ2mɛ1ns,i/mme/nse
1,ʌ2n#də0mɪ1nɪ0ʃt,u/n#di/mi/ni/shed
1,ʌ2n#dɪ0stɪ1ŋɡwɪ0ʃt,u/n#di/sti/ngui/shed
1,ɪ2n#dɛ1tɪ0d#nɪ0s,i/n#de/bte/d#ne/ss
1,ʌ2n#ɪ0nɪ1ʃɪ0eɪ2tɪ0d,u/n#i/ni/ti/a/te/d
1,ɪ2næ2ktɪ0veɪ1ʃə0n,i/na/cti/va/tio/n
1,ɪ2ndi1d,i/ndee/d
1,ɪ2ndə0vɪ1dʒə0wə0lz,i/ndi/vi/du/a/ls
1,ɪ2ndə0vɪ1dʒʊ0ə0l,i/ndi/vi/du/a/l
1,ʌ2ndə0ɹ#ni1θ,u/nde/r#nea/th
1,ʌ2ndə0ɹstæ1nd,u/nde/rsta/nd
1,ʌ2ndə0ɹstæ1ndɪ0ŋ,u/nde/rsta/ndi/ng
1,ɪ2ndʌ1stɹɪ0ə0l,i/ndu/stri/a/l
2,ɛ2ndʒɔɪ1,e/njoy/
1,ɛ2ndʒɔɪ1mə0nt,e/njoy/me/nt
1,ɪ2nflu0ɛ1nʃə0l,i/nflu/e/ntia/l
1,ɪ2nflɪ1kʃə0n,i/nfli/ctio/n
1,ɪ2nfɛ1kt,i/nfe/ct
1,ɪ2nfɛ1kʃə0n,i/nfe/ctio/n
1,ɪ2nfɛ1kʃə0s,i/nfe/ctiou/s
1,ɪ2nfɜ1ɹd,i/nfe/rred
1,ɪ2nfɔ1ɹm,i/nfo/rm
1,ɪ2nfɔ2ɹmeɪ1ʃə0n,i/nfo/rma/tio/n
1,ɛ2nkloʊ1ʒə0ɹ,e/nclo/su/re
2,ɪ2nklu1d,i/nclu/de
2,ɪ2nklu1dz,i/nclu/des
2,ɪ2nklu1də0d,i/nclu/de/d
2,ɪ2nklu1dɪ0ŋ,i/nclu/di/ng
1,ɪ2nklu1sɪ0v,i/nclu/si/ve
1,ɪ2nkwaɪ1ə0,i/nqui/re/
1,ɪ2nkwaɪ1ɹi2,i/nqui/ry/
1,ɛ2nkɜ1ɹɪ0dʒ,e/ncou/ra/ge
2,ɪ2nkɹi1s,i/ncrea/se
2,ɪ2nkɹi1st,i/ncrea/sed
1,ɪ2nkɹɛ1dɪ0bl,i/ncre/di/ble
1,ɪ2nkɹɛ1dɪ0blɪ0,i/ncre/di/bly/
1,ɪ2nsaɪ1d,i/nsi/de
1,ɪ2nskɹɪ1pʃə0nz,i/nscri/ptio/ns
1,ɪ2nstɛ1d,i/nstea/d
1,ɪ2nstɹʌ1kt,i/nstru/ct
1,ɪ2nstɹʌ1kʃə0n,i/nstru/ctio/n
1,ɪ2nsʌ1lt,i/nsu/lt
1,ɪ2ntə0ɹ#kə0nɛ1kʃə0nz,i/nte/r#co/nne/ctio/ns
1,ɪ2ntə0ɹ#kʌ1mpə0nɪ0,i/nte/r#co/mpa/ny/
1,ɪ2ntə0ɹ#lɑ1k,i/nte/r#lo/ck
1,ɛ2ntɜ0ɹ#teɪ1nɪ0ŋ,e/nte/r#tai/ni/ng
1,ɪ2ntə0ɹfɪ1ə0,i/nte/rfe/re/
1,ɪ2ntə0ɹfɪ1ɹə0ns,i/nte/rfe/re/nce
1,ɪ2ntə0ɹnæ1ʃə0nə0l,i/nte/rna/tio/na/l
1,ɪ2ntə0ɹnæ1ʃə0nə0laɪ0zd,i/nte/rna/tio/na/li/zed
1,ɛ2ntə0ɹteɪ1n,e/nte/rtai/n
1,ɛ2ntə0ɹteɪ1nmə0nt,e/nte/rtai/nme/nt
1,ɪ2ntə0ɹʌ1pt,i/nte/rru/pt
2,ɪ2ntə0ɹʌ1pʃə0n,i/nte/rru/ptio/n
1,ɪ2ntə0ɡɹeɪ1ʃə0n,i/nte/gra/tio/n
1,ɪ2ntɛ1nd,i/nte/nd
1,ɪ2ntɛ1ntʃə0n,i/nte/ntio/n
1,ɪ2ntɹə0du1s,i/ntro/du/ce
2,ɪ2ntɹə0dʌ1kʃə0n,i/ntro/du/ctio/n
1,ɪ2ntɹəʊ0du1st,i/ntro/du/ced
1,ɪ2nvaɪ1t,i/nvi/te
1,ɪ2nvɪ0teɪ1ʃə0n,i/nvi/ta/tio/n
1,ɪ2nvɑ1lv,i/nvo/lve
2,ɪ2nvɑ1lvd,i/nvo/lved
1,ɪ2nvɛ1nt,i/nve/nt
1,ɪ2nvɛ1ntə0ɹ,i/nve/nto/r
1,ɪ2nvɛ1nʃə0n,i/nve/ntio/n
1,ɪ2nvɛ1stmə0nt,i/nve/stme/nt
1,ɪ2nvɛ1stə0ɹz,i/nve/sto/rs
1,ɪ2nə0veɪ1ʃə0n,i/nno/va/tio/n
1,ɪ2nɔ0ɹɡæ1nɪ0k,i/no/rga/ni/c
1,ɪ2nʃʊ1ə0,i/nsu/re/
1,ɪ2nʃʊ1ɹə0ns,i/nsu/ra/nce
1,ɪ2nʃʊ1ɹə0nsɪ0z,i/nsu/ra/nce/s
1,ɑ2pə0zɪ1ʃə0n,o/ppo/si/tio/n
1,ɑ2pə0ɹeɪ1ʃə0n,o/pe/ra/tio/n
1,ɑ2pə0ɹtu1nə0tɪ0,o/ppo/rtu/ni/ty/
1,ɛ2skə0nɑ1bə0,e/sca/na/ba/
1,ɪ2t#sɛ1lf,i/t#se/lf
1,ɛ2və0lu1ʃə0n,e/vo/lu/tio/n
1,ɛ2və0ɹ#læ1stɪ0ŋ,e/ve/r#la/sti/ng
1,ɑ2ɹnɛ1lz,a/rne/lle's
1,ɑ2ɹtə0fɪ1ʃə0l,a/rti/fi/cia/l
2,ɔ2ɹɪ0ɡɑ1mi2,o/ri/ga/mi/
2,ɔ2ɹɡə0nə0zeɪ1ʃə0n,o/rga/ni/za/tio/n
1,ɹæ1bə0t,ra/bbi/t
1,ɡæ1bɪ0ŋ,ga/bbi/ng
1,ʃæ1doʊ2,sha/dow/
2,ʃæ1l,sha/ll
1,ɡæ1lə0n,ga/llo/n
1,ɡæ1lə0ntɹɪ0,ga/lla/ntry/
1,ʃæ1ləʊ0,sha/llow/
1,ɡæ1p,ga/p
1,ɹæ1p,wra/p
1,ɹæ1pə0d,ra/pi/d
1,ɡæ1s,ga/s
1,ɡæ1sə0li2n,ga/so/li/ne
1,ɹæ1t,ra/t
1,θæ1tʃ,tha/ch
1,ɹæ1tə0lɪ0ŋ,ra/tt/li/ng
1,ʃa1wə0ɹ,show/e/r
1,ɡæ1ðə0ɹ,ga/the/r
1,ɹæ1ðə0ɹ,ra/the/r
1,ʃæ1ŋ#haɪ1,sha/ng#hai/
1,ɹæ1ŋk,ra/nk
1,θæ1ŋk,tha/nk
2,θæ1ŋks,tha/nks
1,ɡæ2lə0ɹi1ə0,ga/le/ri/a/
1,ɡaɪ1,guy/
2,ɡaɪ1d,gui/de
1,ɹaɪ1d,ri/de
1,ɡaɪ1də0ns,gui/da/nce
1,ʃaɪ1n,shi/ne
1,ɹaʊ1nd,rou/nd
1,ɹaɪ1p,ri/pe
1,ɹaɪ1pn,ri/pen
1,ɹaɪ1s,ri/ce
3,ɹaɪ1t,ri/ght
1,ʃaʊ1t,shou/t
1,ɹaɪ1t,wri/te
2,ɹaɪ1ts,ri/ghts
1,ɹaʊ1tə0ɹ,rou/ter/
1,ɹaɪ1tɪ0ŋ,wri/ti/ng
1,ɹaɪ1və0l,ri/va/l
1,ɹaɪ1və0lɹɪ0,ri/va/lry/
1,ɡaɪ1z,guy/s
1,ɹaɪ1z,ri/se
1,θaʊ1zə0nd#θ,thou/sa/nd#th
1,θaʊ1zə0nd,thou/sa/nd
1,θaʊ1zə0ndz,thou/sa/nds
1,ɡaʊ1ɪ0nz,gow/i/ns
1,ɹaɪ1ə0ts,ri/o/ts
1,ɹaɪ1ɪ0θ,ri/e/th
1,ɡeɪ1,gay/
1,ɹeɪ1,ray/
1,ʃeɪ1d,sha/de
1,ɹeɪ1dɪ0oʊ2,ra/di/o/
1,ɹeɪ1k,ra/ke
1,ʃeɪ1k,sha/ke
1,ʃeɪ1kɪ0nɛ0s,sha/ki/ne/ss
1,ʃeɪ1kɪ0ɪ0st,sha/ki/e/st
1,ɹeɪ1l#weɪ2,rai/l#way/
1,ɹeɪ1l,rai/l
1,ɹeɪ1lɹoʊ2d,rai/lroa/d
1,ɡeɪ1m,ga/me
1,ʃeɪ1m,sha/me
1,ɡeɪ1mz,ga/mes
1,ɡeɪ1n,gai/n
1,ɹeɪ1n,rai/n
2,ɹeɪ1ndʒ,ra/nge
1,ɹeɪ1nəʊ0,ray/no/
1,ʃeɪ1p,sha/pe
2,ɹeɪ1s,ra/ce
1,ɡeɪ1t,ga/te
1,ɹeɪ1t,ra/te
1,ɡeɪ1tə0ɹ,ga/to/r
1,ɡeɪ1v,ga/ve
1,ʃeɪ1v,sha/ve
1,ɹeɪ1z,rai/se
1,ɹeɪ1zə0ɹ,ra/zo/r
1,ʃi1,she/
1,θi1d,thie/de
2,ɹi1dɪ0ŋ,rea/di/ng
2,ɹi1dʒə0n,re/gio/n
1,θi1f,thie/f
1,ɹi1fʌ2nd,re/fu/nd
1,ɹi1fʌ2ndz,re/fu/nds
1,ʃi1ld,shie/ld
1,ʃi1p,shee/p
2,ɹi1sə0nt,re/ce/nt
1,ɹi1sə0ntlɪ0,re/ce/ntly/
1,ɹi1sɔ0ɹs,re/sou/rce
1,ɹi1sɔ0ɹsɪ0z,re/sou/rce/s
1,ʃi1t,shee/t
1,ɹi1tʃ,rea/ch
1,ɹi1zə0n,rea/so/n
1,ɹi1zə0nz,rea/so/ns
2,ɹi1zə0nə0bl,rea/so/na/ble
1,ɹi1ə0l,re/a/l
1,ɹi1ə0laɪ2z,re/a/li/ze
1,ɹi1ə0laɪ2zd,re/a/li/zed
1,ɹi1ə0laɪ2zɪ0ŋ,re/a/li/zi/ng
1,ɹi1ɡə0lɪ0,re/ga/lly/
1,θi1əɪ0tə0ɹ,the/a/te/r
1,ɹi1ɡə0ɹ,re/ge/r
1,ɹi2æ1lə0ti2,re/a/li/ty/
1,ɹi2kaʊ1nt,re/cou/nt
1,ɹi2kwaɪ1ə0ɹ,re/qui/re/
1,ɹi2pleɪ1s,re/pla/ce
2,ɹi2pɔ1ɹtə0d,re/po/rte/d
1,ɹi2pɹə0du1s,re/pro/du/ce
1,ɹi2pɹə0dʌ1kʃə0n,re/pro/du/ctio/n
2,ɹi2vyu1,re/view/
1,ɡlæ1d,gla/d
1,ɡlæ1d,gla/dd
1,ɡlæ1s,gla/ss
1,ʃlaɪ1mə0ɹ,schlei/me/r
1,ɡloʊ1bə0l,glo/ba/l
1,ɡlu1,glue/
1,ɡlu1tə0n,glu/te/n
1,ɡlɔ1ɹɪ0,glo/ry/
1,ɡoʊ1,go/
1,ɹoʊ1,row/
1,ʃoʊ1,show/
1,ɹoʊ1bɑ2t,ro/bo/t
1,ɹoʊ1d#aɪ1lə0ndə0ɹz,rho/de#i/sla/nde/rs
1,ɹoʊ1d#ɹʌ2nə0ɹ,roa/d#ru/nne/r
1,ɹoʊ1d,roa/d
1,ʃoʊ1d,show/ed
1,ɡoʊ1l,goa/l
2,ɹoʊ1l,ro/le
1,ɹoʊ1l,ro/ll
1,ɡoʊ1ld#mɑ2ɹk,go/ld#ma/rk
1,ɡoʊ1ld,go/ld
1,ɡoʊ1ldə0n,go/lde/n
1,ʃoʊ1ldə0ɹ,shou/lde/r
2,ʃoʊ1n,show/n
1,ɹoʊ1p,ro/pe
1,ɹoʊ1st,roa/st
1,ɡoʊ1t,goa/t
1,ɹoʊ1t,wro/te
1,ɡoʊ1z,goe/s
1,ɹoʊ1z,ro/se
1,ʃoʊ1z,show/s
1,ɹoʊ1ɡ,ro/gue
1,ɡoʊ1ɪ0ŋ,go/i/ng
1,ʃoʊ1ɪ0ŋ,show/i/ng
1,ʃu1,shoe/
1,ɹu1d,ru/de
1,ɹu1f,roo/f
1,ɹu1l,ru/le
1,ɹu1lz,ru/les
1,ɹu1lə0ɹ,ru/le/r
1,ɹu1m,roo/m
1,ɡu1s#bɛ2ɹɪ0,goo/se#be/rry/
1,ɹu1t,roo/t
1,ʃu1t,shoo/t
1,ɹu1tə0d,rou/te/d
1,ɹu1ɪ0n,ru/i/n
1,ɹu1ə0nz,ru/i/ns
1,ɡu1ɡl,goo/gle
1,ʃvɛ1d,szwe/d
1,ɡyu1blə0ɹ,gu/ble/r
1,θɪ0æ1tɹɪ0kə0l,the/a/tri/ca/l
1,əʊ0beɪ1,o/bey/
1,əʊ0beɪ1ɪ0ŋ,o/bey/i/ng
1,əʊ0bi1dɪ0ə0ns,o/be/di/e/nce
1,əʊ0bi1dɪ0ə0nt,o/be/di/e/nt
1,ɡʊ0d#baɪ1,goo/d#bye/
1,ɹɪ0di1m,re/dee/m
1,ɹɪ0du1s,re/du/ce
1,ɹɪ0dʌ1kʃə0n,re/du/ctio/n
1,ɹɪ0dʒɛ1kt,re/je/ct
1,ɹɪ0dʒɔɪ1s,re/joi/ce
1,ɹə0flɛ1kt,re/fle/ct
1,ɹə0flɛ1kʃə0n,re/fle/ctio/n
1,ɹə0fyu1z,re/fu/se
1,ɹə0fyu1zə0l,re/fu/sa/l
1,ɹɪ0fɜ1ɹ,re/fe/r
1,ɹɪ0fɜ1ɹə0lz,re/fe/rra/ls
1,ɹɪ0fɹeɪ1nz,re/frai/ns
1,ɹɪ0fɹɛ1ʃ,re/fre/sh
1,ɹɪ0haɪ1ɹɪ0ŋ,re/hi/ri/ng
1,ɹɪ0hi1ə0,re/hea/r/
1,ɹɪ0hɜ1ɹsə0l,re/hea/rsa/l
1,ɹɪ0kæ1ptʃə0ɹd,re/ca/ptu/red
1,ɹɪ0kwaɪ1ə0mə0nt,re/qui/re/me/nt
2,ɹɪ0kwaɪ1ə0ɹd,re/qui/re/d
2,ɹɪ0kwaɪ1ɹ#mə0nts,re/qui/re#me/nts
1,ɹɪ0kwɛ1st,re/que/st
1,ɹɪ0kʌ1və0ɹə0bl,re/co/ve/ra/ble
2,ɹə0kɔ1ɹd,re/co/rd
1,ɹɪ0leɪ1t,re/la/te
2,ɹɪ0leɪ1tɪ0d,re/la/te/d
1,ɹɪ0leɪ1ʃə0n,re/la/tio/n
1,ɹɪ0leɪ1ʃə0n#ʃɪ2p,re/la/tio/n#shi/p
1,ɹɪ0li1f,re/lie/f
2,ɹɪ0li1s,re/lea/se
2,ɹɪ0li1st,re/lea/sed
1,ɹɪ0li1v,re/lie/ve
1,ɹɪ0lɪ1dʒə0n,re/li/gio/n
1,ɹɪ0lɪ1dʒə0s,re/li/giou/s
1,ɹɪ0lɜ1ɹnɪ0ŋ,re/lea/rni/ng
1,əʊ0lɪ1ɹɪ0z,o'/lea/ry/'s
1,ɹɪ0maɪ1nd,re/mi/nd
1,ɡə0maɪ1ə0lz,ge/may/e/l's
1,ɹɪ0meɪ1n,re/mai/n
1,ɹɪ0meɪ1nd,re/mai/ned
1,ɹɪ0mu1v,re/mo/ve
1,ɹɪ0mɛ1mbə0ɹ,re/me/mbe/r
1,əʊ0mɪ1t,o/mi/t
1,ɹɪ0mɑ1ɹk,re/ma/rk
1,ɹɪ0mɔ1ɹs,re/mo/rse
1,əʊ0mɛ1ɡə0,o/me/ga/
1,əʊ0mɪ1ʃə0n,o/mi/ssio/n
1,ɹɪ0pi1t,re/pea/t
1,ɹɪ0plaɪ1,re/ply/
1,ɹɪ0pʌ1blə0k,re/pu/bli/c
1,ɹɪ0pʌ1blɪ0kə0nz,re/pu/bli/ca/ns
1,əʊ0pɑ1sə0m,o/po/ssu/m
1,ɹɪ0pɛ1ə0,re/pai/r/
2,ɹɪ0pɔ1ɹt,re/po/rt
2,ɹɪ0pɔ1ɹts,re/po/rts
1,ɹɪ0si1t,re/cei/pt
2,ɹə0si1v,re/cei/ve
2,ɹə0si1vd,re/cei/ved
1,ɹɪ0spɛ1k#tfə0l,re/spe/ct#fu/l
1,ɹɪ0spɛ1kt,re/spe/ct
1,ɹɪ0spɛ1ktɪ0d,re/spe/cte/d
2,ɹɪ0spɑ1ns,re/spo/nse
1,ɹɪ0spɑ1nsə0bl,re/sp/onsi/ble
1,ɹɪ0spɑ1nsə0bl,re/spo/nsi/ble/
1,ɹɪ0stə0ɹɑ1ntəɪ0z,ri/sto/ra/nte/s
1,ɹɪ0stɹeɪ1nts,re/strai/nts
1,ɹɪ0sɛ1pʃə0nɪ0sts,re/ce/ptio/ni/sts
1,ɹɪ0sɔ1ɹts,re/so/rts
1,ɹɪ0sɜ1ɹtʃ,re/sea/rch
1,ɹɪ0taɪ1ə0,re/ti/re/
2,ɹɪ0tɜ1ɹn,re/tu/rn
1,ɹɪ0tɹi1v,re/trie/ve
2,ɹɪ0tɹi1vd,re/trie/ved
1,ɹɪ0vaɪ1vd,re/vi/ved
1,ɹɪ0voʊ1k,re/vo/ke
1,ɹɪ0voʊ1kt,re/vo/ked
1,əʊ0və0ɹ#tɹeɪ1nɪ0ŋ,o/ve/r#trai/ni/ng
1,ɹɪ0vɛ1ndʒ,re/ve/nge
1,ɹɪ0vɜ1ɹsə0lz,re/ve/rsa/ls
1,ɹɪ0wɔ1ɹd,re/wa/rd
1,ɹɪ0zaɪ1n,re/si/gn
1,ɹɪ0zʌ1lt,re/su/lt
1,ɹɪ0zʌ1lts,re/su/lts
1,ɹɪ0zɪ1st,re/si/st
1,ɹɪ0zɪ1stə0ns,re/si/sta/nce
1,ɹɪ0zɜ1ɹv,re/se/rve
1,ɹɪ0ʃʌ1fə0lɪ0ŋ,re/shu/ff/li/ng
1,ɡə0ɹɑ1ʒ,ga/ra/ge
2,ɹɪ0ɡɑ1ɹd,re/ga/rd
1,ɡə0ɹɑ1ɹdɪ0,ghe/ra/rdi/
1,ɹɪ0θɪ1ŋkɪ0ŋ,re#thi/nki/ng
1,ɡə0ɹɡɑ1nəʊ0,ga/rga/no/
1,ɹə0ɡɹɛ1t,re/gre/t
1,ɹɑ1,raw/
1,ɹɑ1b,ro/b
1,ɹʌ1b,ru/b
1,ɹɪ1bə0n,ri/bbo/n
1,ɹɑ1bɪ0n,ro/bi/n
1,ɹʌ1bə0ɹ,ru/bbe/r
1,ɹʌ1bɪ0ʃ,ru/bbi/sh
1,ɹɑ1bə0ɹɪ0,ro/bbe/ry/
1,ɹɛ1d#fi1ld,re/d#fie/ld
1,ɡɑ1d,go/d
1,ɡʊ1d,goo/d
1,ɹɛ1d,re/d
1,ɹɛ1d,rea/d
1,ɹɪ1d,ri/d
1,ɹɑ1d,ro/d
1,ʃʊ1d,shou/ld
1,ɡʊ1dlɪ0,goo/dly/
1,ɹɛ1dn,re/dden
1,ɡʊ1dz,goo/ds
1,ɹɛ1dɪ0,rea/dy/
1,ɹɑ1də0n#bɛ0ɹɪ0,ro/dde/n#be/rry/
1,ɹʌ1f,rou/gh
1,ɡɪ1ft,gi/ft
1,ɹɛ1fə0ɹɛ0ns,re/fe/re/nce
1,ɹɪ1fɹeɪ1m,re/fra/me
1,ɹɪ1fɹeɪ1md,re/fra/med
1,ɡɑ1lk,goh/lke
1,ɹɑ1k,ro/ck
1,ʃɑ1k,sho/ck
1,θɪ1k,thi/ck
1,ɹɛ1k,wre/ck
1,θɪ1kn,thi/cken
1,θɪ1kə0n,thi/cke/n
2,ɹɛ1kə0ɡnaɪ2z,re/co/gni/ze
1,ʃɛ1l#ʃɑ2k,she/ll#sho/ck
1,ɔɪ1l,oi/l
1,ʃɛ1l,she/ll
1,ʃɛ1lf,she/lf
1,ɡɔ1lkɪ0,goh/lke/
1,ɡɪ1lt,gui/lt
1,ʃɛ1ltə0ɹ,she/lte/r
1,ʃɛ1ltə0ɹd,she/lte/red
1,ɹɛ1lə0tɪ0v,re/la/ti/ve
1,ʃɪ1lɪ0ŋ,shi/lli/ng
1,θʌ1m,thu/mb
1,ɹɛ1mə0dɪ0,re/me/dy/
1,ɹɑ1mɪ0nz,ro/mi/nes
1,ɡɔ1n,gaw/ne
1,ɡɔ1n,go/ne
1,ɡʌ1n,gu/n
1,ɹʌ1n,ru/n
1,θɪ1n,thi/n
1,θʌ1ndə0ɹ,thu/nde/r
1,ɹɛ1nt,re/nt
1,ɹʌ1nɪ0ŋ,ru/nni/ng
1,ʃɑ1p#ki2pə0ɹ,sho/p#kee/pe/r
1,ʃɪ1p,shi/p
1,ʃɑ1p,sho/p
1,ɡɛ1s,gue/ss
1,ɹʌ1s,ru/sse
1,ɹɪ1sk,ri/sk
1,ɹɛ1skyu0,re/scue/
1,ɡɛ1skəʊ0,ge/sco/
1,ʃɪ1slə0ɹ,shi/sle/r
1,ɡɛ1st,gue/st
1,ɹɛ1st,re/st
1,ɹʌ1st,ru/st
1,ɹɪ1st,wri/st
1,ɹɛ1stə0ɹɑ2nt,re/stau/ra/nt
1,ɡɛ1t,ge/t
1,ɡɑ1t,go/t
1,ɹɑ1t,ro/t
1,ʃɑ1t,sho/t
1,ʃʌ1t,shu/t
1,ʃʌ1t,shu/tt
2,θɔ1t,thou/ght
1,ɹɑ1tn,ro/tten
1,ɹɪ1tn,wri/tten
1,ɡɛ1ts,ge/ts
1,ɹɪ1tʃ#nɛ0s,ri/ch#ne/ss
1,ɹɪ1tʃ,ri/ch
1,ɹɪ1tə0n,wri/tte/n
1,ɡɛ1tɪ0ŋ,ge/tti/ng
1,ɡɪ1v,gi/ve
1,ɡɪ1vn,gi/ven
1,ɡɪ1vz,gi/ves
1,ɡʌ1vɜ0mə0nt,go/ve/rnme/nt
1,ɹɛ1və0nyu2ə0ɹz,re/ve/nu/e/rs
1,ɡɪ1vɪ0ŋ,gi/vi/ng
2,ɹɪ1və0ɹ,ri/ve/r
1,ɡʌ1və0ɹn,go/ve/rn
1,ɡʌ1və0ɹnmɛ0nt,go/ve/rnme/nt
1,ɡʌ1və0ɹnə0ɹ,go/ve/rno/r
1,ʃɑ1wə0ɹ,sho/we/r
1,ɡɪ1zə0ɹd,gi/zza/rd
1,ɹɪ1zəʊ0,re/so/
1,ɹɔ1ŋ#du0ɪ0ŋ,wro/ng#do/i/ng
1,ɡɜ1ɹl#hʊ2d,gi/rl#hoo/d
1,ɡɔ1ɹ,goa/r
1,ɹɪ1ŋ,ri/ng
1,ɹɔ1ɹ,roa/r
1,ɹʌ1ɡ,ru/g
1,ɹʌ1ʃ,ru/sh
1,ʃɔ1ɹ,sho/re
1,θɪ1ŋ,thi/ng
1,ɹɔ1ŋ,wro/ng
1,ɹɛ1ə0,ra/re/
1,ʃɛ1ə0,sha/re/
1,ʃʊ1ə0,su/re/
1,ɹɪ1ə0lɪ0,re/a/lly/
1,θɪ1ʌ1ɹɪ0,the/o/ry/
1,ɡɜ1ɹd,ger/d
1,ɡɑ1ɹd,gua/rd
1,θɜ1ɹd,thi/rd
1,ɡɜ1ɹdlə0ɹ,gi/rdle/r
1,ɡɑ1ɹdn,ga/rden
1,ɡɑ1ɹdə0n,ga/rde/n
1,θɪ1ŋk,thi/nk
1,ɡɪ1ŋkoʊ2,gi/ngko/
1,θɪ1ŋkɪ0ŋ,thi/nki/ng
1,ɡɜ1ɹl,gi/rl
1,ɡɜ1ɹlz,gi/rls
1,ʃɑ1ɹlə0ts#vɪ2l,cha/rlo/ttes#vi/lle
1,ʃɑ1ɹlə0vwə0,cha/rle/voi/x
1,ɡɜ1ɹlɪ0ʃ,gi/rli/sh
1,ɡɑ1ɹmə0nt,ga/rme/nt
1,θɔ1ɹn,tho/rn
1,ʃɑ1ɹp,sha/rp
1,ʃɑ1ɹpn,sha/rpen
1,ʃɑ1ɹpə0n,sha/rpe/n
1,θɜ1ɹst,thi/rst
1,θɜ1ɹstɪ0,thi/rsty/
1,ʃɜ1ɹt,shi/rt
1,ʃɔ1ɹt,sho/rt
1,θɜ1ɹti2,thir/ty/
1,ʃɔ1ɹtn,sho/rten
1,ʃɔ1ɹtə0n,sho/rte/n
1,ʃɔ1ɹtə0nd,sho/rte/ned
1,θɔ1ɹvɑ1ld,tho/rva/ld
1,ɹɛ1ɡyu0lə0ɹ,re/gu/la/r
1,ɹɛ1ɡyə0leɪ2tə0ɹ,re/gu/la/to/r
1,θɪ1ŋz,thi/ngs
1,ʃɛ1ɹɪ0fs,she/ri/ff's
1,ɡʌ1ʃɪ0ŋ,gu/shi/ng
1,ɹɪ1ɡə0ɹ,ri/gor/
1,ʃʊ1ɡə0ɹ,su/ga/r
1,θʌ1ɹəʊ0,tho/rou/gh
1,ɹɪ2bɛ1ld,re/be/lled
1,ɹɛ2kə0mɛ1nd,re/co/mme/nd
2,ɹɛ2kə0ɡnɪ1ʃə0n,re/co/gni/tio/n
1,ɹɛ2pyə0teɪ1ʃə0n,re/pu/ta/tio/n
1,ɹɛ2pə0tɪ1ʃə0n,re/pe/ti/tio/n
1,ɹɛ2pɹɪ0zɛ1nt,re/pre/se/nt
2,ɹɛ2pɹə0zɛ1nts,re/pre/se/nts
2,ɹɛ2pɹə0zɛ1ntə0tɪ0v,re/pre/se/nta/ti/ve
1,ɹɛ2və0lu1ʃə0n,re/vo/lu/tio/n
1,ʃɪ2zə0fɹɛ1nɪ0k,schi/zo/phre/ni/c
1,θɜ2ɹd#kwɔ1ɹtə0ɹ,thi/rd#qua/rte/r
1,ɡɹæ1dʒu0ə0l,gra/du/a/l
1,ɡɹæ1m,gra/m
1,ɡɹæ1mə0ɹ,gra/mma/r
1,ɡɹæ1nd#fɑ2ðə0ɹ,gra/nd#fa/the/r
1,ɡɹæ1nd#mʌ2ðə0ɹ,gra/nd#mo/the/r
1,ɡɹæ1nd,gra/nd
1,ɡɹæ1nt,gra/nt
1,ɡɹæ1s#ɡɹi2n,gra/ss#gree/n
1,ɡɹæ1s,gra/ss
1,ɡɹæ1sɪ0z,gra/sse/s
1,ɡɹaɪ1nd,gri/nd
1,ɡɹaʊ1nd,grou/nd
1,ɡɹaʊ1tʃ,grou/ch
1,ɡɹeɪ1,gray/
1,ɡɹeɪ1n,grai/n
1,ɡɹeɪ1s,gra/ce
1,ɡɹeɪ1sfə0l,gra/cefu/l
1,ɡɹeɪ1t,grea/t
1,ɡɹeɪ1tfə0l,gra/tefu/l
2,ɡɹeɪ1tə0ɹ,grea/te/r
1,ɡɹeɪ1v#yɑ2ɹdz,gra/ve#ya/rds
1,ɡɹeɪ1v,gra/ve
1,θɹi1,three/
1,ɡɹi1d,gree/d
1,ɡɹi1f,grie/f
1,ɡɹi1n,gree/n
1,ɡɹi1s,grea/se
1,ɡɹi1t,gree/t
1,ɡɹi1tɪ0ŋ,gree/ti/ng
1,ɡɹi1v,grie/ve
1,ɡɹi2dɪ0ɪ0st,gree/di/e/st
1,ɡɹoʊ1,grow/
1,θɹoʊ1,throw/
1,ɡɹoʊ1bnə0ɹ,groe/bne/r
1,θɹoʊ1t,throa/t
1,ɡɹoʊ1θ,grow/th
1,ɡɹoʊ1ɪ0ŋ,grow/i/ng
2,θɹu0#aʊ1t,throu/gh#ou/t
1,ɡɹu1,grew/
3,θɹu1,throu/gh
1,ɡɹu1lɪ0ŋ,grue/li/ng
1,ɡɹu1p,grou/p
1,θɹu1p,throo/p
1,ɡɹu1ps,grou/ps
1,ɹəʊ0mæ1nsɪ0z,ro/ma/nce/s
1,ɡɹə0mæ1tə0kə0l,gra/mma/ti/ca/l
1,θɹɛ1d,threa/d
1,ɡɹʌ1mbə0lɪ0ŋz,gru/mb/li/ngs
1,ɡɹɛ1nɪ0tʃ,gree/nwi/ch
1,θɹɛ1t,threa/t
1,θɹɛ1tn,threa/ten
1,θɹɛ1tə0n,threa/te/n
1,ɹɔɪ1yə0ltɪ0,roy/a/lty/
1,ɹɔɪ1ə0l,roy/a/l
1,ɹɔɪ1ə0ltɪ0,roy/a/lty/
