1aːbmt,/Abend
1aːb0ɛmt,/Ab/end
1aɛntsl,/Einzel
1aɛzn,/Eisen
1ɛsn,/essen
1ɪnzl,/Insel
1oːbm,/oben
1ɔʁɡl,/Orgel
1ʊntn,/unten
1aːʁt,/Art
1aːʁtst,/Arzt
1aɛ,/Ei
1aɛn,/ein
1aɛs,/Eis
1akt,/Akt
1als,/als
1alt,/alt
1am,/am
1aŋst,/Angst
1aɔf,/auf
1aɔs,/aus
1aɔx,/auch
1aʁm,/Arm
1aʁtst,/Arzt
1axt,/acht
b1iːtn,b/ieten
b1oːdn,B/oden
b1aɛ,b/ei
b1aɛn,B/ein
b1aŋk,B/ank
b1ɛnt,B/and
b1ɛʁk,B/erg
b1ɛt,B/ett
b1ɪlt,B/ild
b1ɪs,b/is
b1ɪt,B/it
bl1aɔ,bl/au
bl1at,Bl/att
bl1ɔk,Bl/ock
bʁ1aɛt,br/eit
bʁ1aɔn,br/aun
b1uːx,B/uch
d1ɛŋkŋ,d/enken
d1aː,d/a
d1iː,d/ie
d1iːs,d/ies
d1ɪk,d/ick
d1ɔʁf,D/orf
dʁ1ʏkŋ,dr/ücken
dʁ1aːt,Dr/aht
dʁ1aɛ,dr/ei
d1ʊʁç,d/urch
f1ɔlɡŋ,f/olgen
f1aɛn,f/ein
f1aln,f/allen
f1alʃ,f/alsch
f1aŋ,F/ang
f1ɛlt,F/eld
f1iːl,f/iel
f1ɪlts,F/ilz
f1ɪʃ,F/isch
fl1iːɡŋ,fl/iegen
fl1iːsn,fl/ießen
flʏ1ːɡl,Fl/ügel
f1ɔn,v/on
fʁ1aɔ,Fr/au
fʁ1oː,fr/oh
fʁʏ1ː,fr/üh
f1uːs,F/uß
f1ʊŋk,F/unk
fʏ1ːln,f/ühlen
f1ʏln,f/üllen
f1ʏnf,f/ünf
ɡ1aʁtn,G/arten
ɡ1eːbm,g/eben
ɡ1aːp,g/ab
ɡ1aɛst,G/eist
ɡ1ants,g/anz
ɡ1ɛlp,g/elb
ɡ1ɛlt,G/eld
ɡ1ɪŋ,g/ing
ɡl1aɔbm,gl/auben
ɡl1ants,Gl/anz
ɡʁ1aːs,Gr/as
ɡʁ1aːt,Gr/ad
ɡʁ1oːs,gr/oß
ɡʁ1ʊnt,Gr/und
ɡʁʏ1ːn,gr/ün
h1ɔfn,h/offen
hʏ1ːɡl,H/ügel
h1aɛs,h/eiß
h1aɔpt,H/aupt
h1aɔt,H/aut
h1at,h/at
h1ɛʁts,H/erz
h1oːx,h/och
h1ɔlts,H/olz
h1ʊnt,H/und
2ɪm,/im
2ɪn,/in
1ɪst,/ist
ʝ1aː,j/a
ʝ1aːʁ,J/ahr
ʝ1eː,j/e
ʝ1ʊŋ,j/ung
k1astn,K/asten
k1uːɡl,K/ugel
kl1aɛdn,kl/eiden
kl1aːʁ,kl/ar
kn1ɔxn,Kn/ochen
kʁ1iːk,Kr/ieg
k1uː,K/uh
k1ʊʁs,K/urs
k1ʊʁts,k/urz
l1aɔfn,l/aufen
l1eːzn,l/esen
lø1ːzn,l/ösen
l1ant,L/and
l1aɔt,l/aut
l1ɛʁm,L/ärm
l1iːt,L/ied
l1ɪçt,L/icht
l1ʊft,L/uft
m1aːln,m/alen
m1an,M/ann
m1aʁkt,M/arkt
m1ɛnʃ,M/ensch
m1ɪt,m/it
m1ʊnt,M/und
m1ʊs,m/uss
n1aːx,n/ach
n1axt,N/acht
n1ɪçts,n/ichts
nɔœ1,n/eu
nɔœ1n,n/eun
n1ɔx,n/och
1oː,/oh
p1aːʁ,P/aar
pf1ʊnt,Pf/und
pl1aːn,Pl/an
ʁ1aɛfn,R/eifen
ʁ1eːɡl,R/egel
ʁ1eːɡln,r/egeln
ʁ1ɛst,R/est
ʁ1oːt,r/ot
st1ɪk,St/ick
stʁ1ɛtʃ,Str/etch
ʃ1aŋs,Ch/ance
ʃ1ɑ̃ːs,Ch/ance
ʃl1ɛçt,schl/echt
ʃn1ɛl,schn/ell
ʃn1ɪt,Schn/itt
ʃp1aːs,Sp/aß
ʃp1iːl,Sp/iel
ʃp1iːln,sp/ielen
ʃpʁ1ɛçn,spr/echen
ʃʁ1aɛbm,schr/eiben
ʃʁ1iːp,schr/ieb
ʃt1aʁk,st/ark
ʃt1aʁt,St/art
ʃt1at,St/adt
ʃt1at,st/att
ʃtʁ1oːm,Str/om
ʃt1ʏk,St/ück
ʃ1uː,Sch/uh
t1aɛl,T/eil
t1iːɐ,T/ier
t1oːn,T/on
tʁ1aːɡŋ,tr/agen
ts1aɛçn,Z/eichen
ts1aːln,z/ahlen
ts1eːn,z/ehn
ts1uː,z/u
tsv1aɛk,Zw/eig
v1aʁtn,war/ten
v1ɛstn,W/esten
v1ʏnʃn,w/ünschen
v1aːʁ,w/ar
v1aːʁ,w/ahr
v1aɛç,w/eich
v1ant,W/and
v1eːk,W/eg
v1ɛːln,w/ählen
v1ɛlt,W/elt
v1ɔln,w/ollen
z1aːɡŋ,s/agen
z1amln,s/ammeln
z1ɛtsn,s/etzen
z1iːbm,s/ieben
zʏ1ːdn,S/üden
z1aɛn,s/ein
z1aɛt,s/eit
z1anft,s/anft
z1ant,S/and
z1ats,S/atz
z1eː,S/ee
z1ɛks,s/echs
z1iː,s/ie
z1oːn,S/ohn
z1ɔnst,s/onst
b1alt,b/ald
b1aɔm,B/aum
bl1ɪk,Bl/ick
bl1uːt,Bl/ut
b1oːt,B/oot
bʁ1oːt,Br/ot
d1ampf,D/ampf
d2an,d/ann
d2as,d/ass
dʁ1ʊk,Dr/uck
d1ʏn,d/ünn
f1aːʁt,F/ahrt
f1aɛnt,F/eind
f1al,F/all
f1ɛt,F/ett
f1iːl,v/iel
fl1aɛʃ,Fl/eisch
fl1ʊs,Fl/uss
f1ɔl,v/oll
f1ɔʁm,F/orm
fʁ1ɪʃ,fr/isch
fʁ1ɔnt,Fr/ont
fʁɔœ1nt,Fr/eund
ɡl1aːs,Gl/as
ɡl1aɛç,gl/eich
ɡʁ1aɔ,gr/au
ɡ1uːt,g/ut
h1als,H/als
h1ant,H/and
h1aɔs,H/aus
h1ɛl,h/ell
h1oːf,H/of
h1uːt,H/ut
1iːm,/ihm
1ɪç,/ich
ʝ1aːkt,J/agd
ʝ1ɛtst,j/etzt
k1aːm,k/am
k1ampf,K/ampf
k1ɪnt,K/ind
kl1aɛn,kl/ein
kl1aɛt,Kl/eid
kl1ʊft,Kl/uft
k1ɔpf,K/opf
k1ɔx,K/och
kʁ1aɛs,Kr/eis
kʁ1aft,Kr/aft
k1ʊnst,K/unst
kv1aʁt,Q/uart
kʏ1ːln,k/ühlen
l1iːf,l/ief
l1ɪŋks,l/inks
l1ɔx,L/och
m1axt,M/acht
m1oːnt,M/ond
n1aːm,n/ahm
n1iː,n/ie
n1ɪçt,n/icht
1oːpst,/Obst
1ɔft,/oft
1ɔp,/ob
1ɔʁt,/Ort
pl1ats,Pl/atz
p1ʊŋkt,P/unkt
ʁ1ant,R/and
ʁ1aɔm,R/aum
ʁ1ɛçt,R/echt
ʁ1ʊtʃ,R/utsch
s1ɛnt,C/ent
ʃ1aʁf,sch/arf
ʃ1ɛf,Ch/ef
ʃ1ɪf,Sch/iff
ʃl1aːf,Schl/af
ʃl1aːk,Schl/ag
ʃn1eː,Schn/ee
ʃp1ɛːt,sp/ät
ʃʁ1aɛ,Schr/ei
ʃt1aɛn,St/ein
ʃt1am,St/amm
ʃt1ant,st/and
ʃt1ɛʁn,St/ern
ʃt1ɪl,st/ill
ʃt1ɔp,St/opp
ʃt1uːl,St/uhl
ʃv1ants,Schw/anz
ʃv1aʁts,schw/arz
t1aːk,T/ag
t1aːl,T/al
t1ants,T/anz
t1iːf,t/ief
t1oːt,t/ot
t1oːt,T/od
ts1aːl,Z/ahl
ts1aɛt,Z/eit
ts1ɛːln,z/ählen
ts1ɛnt,C/ent
ts1ɔl,Z/oll
ts1ɔʁn,Z/orn
ts1uːk,Z/ug
tsv1aɛ,zw/ei
t1uːn,t/un
t1uːt,t/ut
tʏ1ːp,T/yp
1ʊns,/uns
1ʊnt,/und
v1aɛs,w/eiß
v1aɛt,w/eit
v1alt,W/ald
v1as,w/as
v1ɛn,w/enn
v1iː,w/ie
v1ɪnt,W/ind
v1ɪʁt,w/ird
v1oː,w/o
v1ɔʁt,W/ort
z1aɛl,S/eil
z1alts,S/alz
z1ɛlpst,s/elbst
z1ɪn,S/inn
z1ɪnt,s/ind
z1ɪts,S/itz
z1oː,s/o
bl1aɛbm,bl/eiben
d1ɔplt,d/oppelt
d1ʊŋkl,d/unkel
f1ɪndn,f/inden
f1oːɡl,V/ogel
fʁ1aːɡŋ,fr/agen
ɡ1eːɡŋ,g/egen
h1aːbm,h/aben
h1aːfn,H/afen
h1altn,h/alten
h1andl,H/andel
h1ɪml,H/immel
k1aɔfn,k/aufen
l1asn,l/assen
l1eːbm,l/eben
l1eːɡŋ,l/egen
m1antl,M/antel
m1axn,m/achen
m1ɛʁkŋ,m/erken
m1ɛsn,m/essen
m1ɪʃn,m/ischen
m1ʏsn,m/üssen
n1ɔʁdn,N/orden
p1asn,p/assen
pfl1ʏkŋ,pfl/ücken
ʃ1afn,sch/affen
ʃ1ʏtsn,sch/ützen
ʃl1aːɡŋ,schl/agen
ʃl1ʏsl,Schl/üssel
ʃt1aɛɡŋ,st/eigen
ʃt1ɛʁbm,st/erben
t1aɔznt,t/ausend
tø1ːtn,t/öten
tʁ1ɛfn,tr/effen
tʁ1ɔkŋ,tr/ocken
ts1aɛɡŋ,z/eigen
tsv1ɪʃn,zw/ischen
v1aksn,w/achsen
v1ɛʁfn,w/erfen
v1ɪsn,w/issen
v1ʊʁtsl,W/urzel
z1eːɡl,S/egel
z1ɛndn,s/enden
z1ɪtsn,s/itzen
z1uːxn,s/uchen
1aɔs0ɐ,/auß/er
1aʁb2aɛt,/Arb/eit
1eː0ɐ,/eh/er
2ɐl1aɔbm,/erl/auben
2ɐʁ1aɛçn,/err/eichen
2ɐʃ1aɛn0ən,/ersch/ein/en
1aːb0ɐ,/ab/er
1aɛl0e,/Eil/e
1aɛnf2ax,/einf/ach
1aɛnɡ2eːbm,/eing/eben
1aɛnh2aɛt,/Einh/eit
1aɛnm2aːl,/einm/al
1aɛnʁ2aɛbm,/einr/eiben
1aɛnz2aːm,/eins/am
1al0e,/all/e
1alt0ɐ,/Alt/er
1aɔftʁ2eːtn,/auftr/eten
1aɔɡ0e,/Aug/e
1aɔt2oː,/Aut/o
1apz0ats,/Abs/atz
1axt2ʊŋ,/Acht/ung
1ɛk0e,/Eck/e
1ɛnd0e,/End/e
1ɛʁnt0e,/Ernt/e
1ɪm0ɐ,/imm/er
1uːf0ɐ,/Uf/er
1ʊnt0ɐ,/unt/er
0ak1ɔʁt,/Akk/ord
2at1oːm,/At/om
2ɐf1ɪndn,/erf/inden
2ɐf1ɔlk,/Erf/olg
2ɐh1altn,/erh/alten
2ɐʁ1aːtn,/err/aten
b1aːz0ɪs,B/as/is
b1aɔ0en,b/au/en
b0edɔœ1tn,b/ed/euten
b0eʁ1aɛç,B/er/eich
b2əʃt1ɛln,b/est/ellen
b2əz1ɪtsn,b/es/itzen
bʁ1ɪŋ0en,br/ing/en
d1aːm0e,D/am/e
d1aŋkŋ,d/anken
d1aɔ0ɐ,D/au/er
d1iːn0en,d/ien/en
d1iːz0e,d/ies/e
d1ɔl0aːʁ,D/oll/ar
d1eː0ɐ,d/e/r
f1aʁb0e,F/arb/e
f1ɪʁm2aː,F/irm/a
f1ɔʁtz2ɛtsn,f/orts/etzen
fʏ1ːs0e,F/üß/e
f2ɐɡl1aɛçn,v/ergl/eichen
f0ɐk1aɔfn,v/erk/aufen
f2ɐtʁ1eːtn,v/ertr/eten
f1iː0ɐ,v/ie/r
f1oː0ɐ,v/o/r
fʁɔœ1d0e,Fr/eud/e
fʁ0akts1ioːn,Fr/akt/ion
fʏ1ː0ɐ,f/ü/r
ɡ1eː0en,g/eh/en
ɡ0ebʁ1axt,g/ebr/acht
ɡ0etʁ1ɛŋk,G/etr/änk
ɡ0ev1eːzn,g/ew/esen
ɡ0ez1amt,g/es/amt
ɡ2əz1ɛts,G/es/etz
ɡl1ɔk0e,Gl/ock/e
ɡʁø1ːs0e,Gr/öß/e
h1at0e,h/att/e
h1ɛlft0e,H/älft/e
h1iː0ɐ,h/ie/r
2id1eː,/Id/ee
k1aʁt0e,K/art/e
kœ1n0en,k/önn/en
k1ɔm0en,k/omm/en
l1eːʁ0en,l/ehr/en
l1ɛʁn0en,l/ern/en
lø1ːz0ʊŋ,L/ös/ung
m1ɛːtç0en,M/ädch/en
m1ɛn0ɐ,M/änn/er
m1ɛs0e,M/ess/e
m1iːn0e,M/in/e
m1ɪt2aːk,M/itt/ag
m1oːn0at,M/on/at
m1ʊst0ɐ,M/ust/er
m1iː0ɐ,m/i/r
n1aːm0e,N/am/e
n1eːm0en,n/ehm/en
n1iːdʁ0ɪç,n/iedr/ig
n1uː0ɐ,n/u/r
0ɔpʝ1ɛkt,/Obj/ekt
p1oːz0e,P/os/e
p2aʁt1aɛ,P/art/ei
pf1eː0ɐt,Pf/e/rd
pfl1eːɡ0e,Pfl/eg/e
plœ1tsl0ɪç,pl/ötzl/ich
pʁ1ɛs0e,Pr/ess/e
pʁ0obl1eːm,Pr/obl/em
pʁ2ots1ɛs,Pr/oz/ess
ʁ1eːd0e,R/ed/e
ʁ1ɪçt0ɪç,r/icht/ig
ʁ1ʊnd0e,R/und/e
ʁ2ek1ɔʁt,R/ek/ord
ʃ1aɛn0en,sch/ein/en
ʃ1aŋs0e,Ch/anc/e
ʃ1ɑ̃ːs0e,Ch/anc/e
ʃ1uːl0e,Sch/ul/e
ʃ1ʊlt0ɐ,Sch/ult/er
ʃʏ1ːl0ɐ,Sch/ül/er
ʃn1uː0ɐ,Schn/u/r
ʃp1aːʁ0en,sp/ar/en
ʃp1aɛç0e,Sp/eich/e
ʃp1alt0e,Sp/alt/e
ts1ɛl0e,Z/ell/e
ts1ɛntʁ2ʊm,Z/entr/um
ts1iːml0ɪç,z/ieml/ich
ts1uːʃt0ant,Z/ust/and
ts2uːʁ1ʏk,z/ur/ück
tsv1aɛt0e,zw/eit/e
v1as0ɐ,W/ass/er
v1eːn0ɪç,w/en/ig
v1ɛːʁ0ent,w/ähr/end
v1ɛʁktsɔœ2k,W/erkz/eug
v1ɛʁm0e,W/ärm/e
v1ɪnt0ɐ,W/int/er
v1oːn2ʊŋ,W/ohn/ung
v1ɔlk0e,W/olk/e
v1ɔx0e,W/och/e
v1ʊnd0ɐ,W/under/
v1ʊst0e,w/usst/e
v2aʁ1ʊm,w/ar/um
v1eː0ɐt,W/er/t
v1iː0ɐ,w/ir/
v0ok1aːl,V/ok/al
z1aːm0en,S/am/en
z1ax0e,S/ach/e
z1ɪç0ɐ,s/ich/er
z1ɪlb0ɐ,S/ilb/er
z1ɪlb0e,S/ilb/e
z1ɔn0e,S/onn/e
z1uːx0e,S/uch/e
z2ɛɡm1ɛnt,S/egm/ent
z0ɛz1ɔŋ,S/ais/on
z0ɔld1aːt,S/old/at
z2ʊpst1ants,S/ubst/anz
z2ʏst1eːm,S/yst/em
b1ɔː0ɐt,B/o/ard
d1uː0ɐ,D/u/r
1eː0ɐ,/e/r
h1aːʁ,H/aar
m1eː0ɐ,M/ee/r
1oː0ɐ,/Oh/r
ʁ1oː0ɐ,R/oh/r
ʃp1uː0ɐ,Sp/u/r
ʃv1eː0ɐ,schw/e/r
tʏ1ː0ɐ,T/ü/r
1uː0ɐ,/Uh/r
z1eː0ɐ,s/eh/r
2ɐv1aʁtn,/erw/arten
b1aɛd0e,b/eid/e
b1aɛʃp2iːl,B/eisp/iel
b1ɛs0ɐ,b/ess/er
b1ɛst0e,b/est/e
b0eɡ1an,b/eg/ann
b0eɡ1ɪn,B/eg/inn
b0ek1aːm,b/ek/am
b0eʁ1aɛt,b/er/eit
b0eʁʏ1ːmt,b/er/ühmt
b0etʁ1axtn,b/etr/achten
b0ez1uːx,B/es/uch
bʁ1ɛn0en,br/enn/en
bʁ1uːd0ɐ,Br/ud/er
bʏ2ʁ1oː,B/ür/o
d1eːʁ0en,d/er/en
d2iʁ1ɛkt,d/ir/ekt
dʁ1aɛ0ɛk,Dr/ei/eck
dʁ1ɪt0e,dr/itt/e
f1aːt0ɐ,V/at/er
f1aɛɡ0e,F/eig/e
f1alt0e,F/alt/e
f1ɛː0ɪç,f/äh/ig
f1ɛnst0ɐ,F/enst/er
f1ɪn0ɪʃ,F/in/ish
f1ɪŋ0ɐ,F/ing/er
fɔœ10ɐ,F/eu/er
fʏ1ːʁ0en,f/ühr/en
f2ɐz1uːx,V/ers/uch
f2il1aɛçt,v/iell/eicht
fʁ1aːɡ0e,Fr/ag/e
fʁʏ1ːl0ɪŋ,Fr/ühl/ing
ɡ2əb1ɪs,G/eb/iss
ɡ2əd1ɪçt,G/ed/icht
ɡ2əf1ʊndn,g/ef/unden
ɡ2ən1aɔ,g/en/au
ɡ2ən1uːk,g/en/ug
ɡ2əʁ1ʊx,G/er/uch
ɡ2əʃ1ɛft,G/esch/äft
ɡ2əʃʁ1iːbm,g/eschr/ieben
ɡ2ət1aːn,g/et/an
ɡ2əv1ɪçt,G/ew/icht
ɡ2əz1ɪçt,G/es/icht
ɡl1ʏkl0ɪç,gl/ückl/ich
ɡʁ1ʊp0e,Gr/upp/e
h1ɪlf0e,H/ilf/e
h1ɪnt0ɐ,h/int/er
hø1ːʁ0en,h/ör/en
h1ʊnd0ɐt,h/und/ert
ʝ1eːd0ɐ,j/ed/er
ʝ1ʊŋ0e,J/ung/e
k1ats0e,K/atz/e
k1ɛlt0e,K/ält/e
kø1ːn0ɪç,K/ön/ig
kœ1nt0e,k/önnt/e
kœ1ʁp0ɐ,K/örp/er
k1ʏst0e,K/üst/e
kl1as0e,Kl/ass/e
kl1ɪŋ0en,kl/ing/en
k0op1iː,K/op/ie
l1aːɡ0ɐ,L/ag/er
l1aɛst0e,L/eist/e
l1ɛtst0e,l/etzt/e
l1iːb0e,L/ieb/e
l1ɪst0e,L/ist/e
lʏ1ːɡ0e,L/üg/e
m1aɛl0e,M/eil/e
m1aɛn0e,m/ein/e
m1aʁk0e,M/ark/e
m1as0e,M/ass/e
m1ɛŋ0e,M/eng/e
m1ɪt0e,M/itt/e
m1ʊt0ɐ,M/utt/er
m2aɡn1eːt,M/agn/et
m2et1al,M/et/all
m2om1ɛnt,M/om/ent
m2uz1iːk,M/us/ik
n1aːz0e,N/as/e
n1ɛː0e,N/äh/e
n1oːm0en,N/om/en
p1aɔz0e,P/aus/e
p2ɛʁz1oːn,P/ers/on
pl1aɛt0e,pl/eit/e
pʁ1aks2ɪs,Pr/ax/is
pʁʏ1ːf2ʊŋ,Pr/üf/ung
pʁ2od1ʊkt,Pr/od/ukt
ʁ1aɛ0e,R/eih/e
ʁ1aɛz0e,R/eis/e
ʁ1iːz0ɪç,r/ies/ig
ʁ1ɔl0e,R/oll/e
ʁ1uː0ɪç,r/uh/ig
skl1aːv0e,Skl/av/e
ʃ1aːl0e,Sch/al/e
ʃ1iːn0e,Sch/ien/e
ʃp1aɛç0ɐ,Sp/eich/er
ʃpʁ1aːx0e,Spr/ach/e
ʃpʁ1ɪŋ0en,spr/ing/en
ʃt1eː0en,st/eh/en
ʃt1ɛl0e,St/ell/e
ʃt1ɪm0e,St/imm/e
ʃt1ʊnd0e,St/und/e
ʃtʁ1aːs0e,Str/aß/e
ʃv1ɛst0ɐ,Schw/est/er
ʃv1iːʁ0ɪç,schw/ier/ig
ʃv1ɪm0en,schw/imm/en
t1eːm0aː,Th/em/a
tʁ1ɛn0en,tr/enn/en
tʁɔœ1m0en,tr/äum/en
ts1iː0en,z/ieh/en
ts1ɪm0ɐ,Z/imm/er
ts1ʊk0ɐ,Z/uck/er
v1aːʁ0en,w/ar/en
v1aːʁ0ʊm,w/ar/um
v1eː0ɐdn,w/e/rden
v1ɛl0e,W/ell/e
v1ɛʁb0ʊm,V/erb/um
v1ɛt0ɐ,W/ett/er
v1iːd0ɐ,w/ied/er
v1ɪnts0ɪç,w/inz/ig
v1ɪʁk0ʊŋ,W/irk/ung
vʏ1ːst0e,W/üst/e
z1aɛn0e,s/ein/e
z1aɛt0e,S/eit/e
z1aɔb0ɐ,s/aub/er
z1eː0en,s/eh/en
z1ɛːɡ0e,S/äg/e
z1ɪŋ0en,s/ing/en
z1ɔm0ɐ,S/omm/er
z1ʊf0ɪks,S/uff/ix
z0ʊf1ɪks,S/uff/ix
1ant#v2ɔʁt,/Ant#w/ort
1ant#v2ɔʁtn,/ant#w/orten
1aɔf#ʃt2iːk,/Auf#st/ieg
1aɔf#ts2uːk,/Auf#z/ug
1aɔɡŋ#bl2ɪk,/Augen#bl/ick
1aɔs#dʁ2ʊk,/Aus#dr/uck
1ap#ʃn2ɪt,/Ab#schn/itt
1ap#v2aɛçn,/ab#w/eichen
2ɐf1ɔʁd0ɐn,/erf/ord/ern
1aɛn2ɪɡ0e,/ein/ig/e
1akts2i0e,/Akt/i/e
1alɡ0em2aɛn,/allg/em/ein
1and2əʁ0e,/and/er/e
1anɡ0eb2oːt,/Ang/eb/ot
1an#ʁ2uːf,/An#r/uf
1an#ʃpʁ2ʊx,/An#spr/uch
1an#ts2aːl,/An#z/ahl
1an#ts2uːk,/An#z/ug
1eː0ɐd0e,/Er/d/e
1eː0ɐst0e,/er/st/e
1eːb2ən0e,/Eb/en/e
1oːts2e2aːn,/Oz/e/an
1ʊm#ts2uːk,/Um#z/ug
2aɔɡŋ#bl1ɪk,/Augen#bl/ick
0ɐf1aːʁ2ʊŋ,/Erf/ahr/ung
2ɐɡ1eːpn0ɪs,Er/g/ebn/is
2ɐhø1ː0en,/erh/öh/en
0ɐl1aɛçt0ɐn,/erl/eicht/ern
b0ev1eːɡ0ʊŋ,B/ew/eg/ung
f1oː0ɐʃt2ɛln,v/o/rst/ellen
f1ʊt0ɐm2ɪtl,F/utt/erm/ittel
f0ɐl1oːʁ0en,v/erl/or/en
fl1eːd0ɐm0aɔs,Fl/ed/erm/aus
fl1uːk#tsɔœ2k,Fl/ug#z/eug
f2ɔʁm0ul1aːʁ,F/orm/ul/ar
ɡ2əʃ1ɪçt0e,G/esch/icht/e
ɡl1aɛç#z2ɛtsn,gl/eich#s/etzen
2ɪnd0ʊstʁ1iː,/Ind/ustr/ie
k1ɔstn#l2oːs,k/osten#l/os
k0aʁ1akt0ɐ,Ch/ar/akt/er
k2ol0on1iː,K/ol/on/ie
k2ɔnt0in1ɛnt,K/ont/in/ent
k2ɔntʁ1ɔl0e,K/ontr/oll/e
l1ast#v2aːɡŋ,L/ast#w/agen
l1eːbms#m2ɪtl,L/ebens#m/ittel
m1aːs#ʃt2aːp,M/aß#st/ab
m2el0od1iː,M/el/od/ie
m0ol0ekʏ1ːl,M/ol/ek/ül
m2ot1oː0ɐ,M/ot/o/r
n0ats0i1oːn,N/at/i/on
0ɔp#v1oːl,/ob#w/ohl
p2ɪst1oːl0e,P/ist/ol/e
2ʊnt2ɐl1asn,/unt/erl/assen
v1aːʁʃ2aɛnl0ɪç,w/ahrsch/einl/ich
z1aɔ0ɐʃt2ɔf,S/au/erst/off
z1ɛlt#z2aːm,s/elt#s/am
b0e1oːb2axtn,b/e/ob/achten
b2əɡ1aɛst0ɐn,b/eg/eist/ern
b0eʁʏ1ːʁ0en,b/erüh/r/en
d2ets0im1aːl,d/ez/im/al
2el1ɛktʁ2ɪʃ,/el/ektr/isch
2en0ɛʁɡ1iː,/En/erg/ie
2ɛnt#h1altn,/ent#h/alten
2ɛnt#v1ɪkln,/ent#w/ickeln
2ɛnt#v1ʊʁf,/Ent#w/urf
f1oː0ɐʃl2aːɡŋ,v/o/rschl/agen
f1oː0ɐtʁ2aːk,V/o/rtr/ag
f1oː0ɐv2ɛʁts,v/o/rw/ärts
f2ɐbʁ1aɛt0ʊŋ,V/erbr/eit/ung
f2in1aːl0e,F/in/al/e
f1oː0ɐh1andn,v/o/rh/anden
ɡ1eːɡŋ#t2aɛl,G/egen#t/eil
ɡ2əb1oːʁ0en,g/eb/or/en
ɡ2əf1aŋ0en,g/ef/ang/en
ɡ2əʁ1aːd0e,g/er/ad/e
ɡ2əv1ɪn0en,g/ew/inn/en
h1aɔpt#ʃt2at,H/aupt#st/adt
h1ɪn#v2aɛs,H/in#w/eis
2ɪnstʁ0um1ɛnt,/Instr/um/ent
k1ɔnt0in2ɛnt,K/ont/in/ent
k2ap0it1ɛːn,K/ap/it/än
k2ɔnz0on1ant,K/ons/on/ant
kʁ2av1at0e,Kr/aw/att/e
kv2ots0i1ɛnt,Qu/ot/i/ent
l1iːn2i0e,L/in/i/e
m1an#ʃ2aft,M/ann#sch/aft
m1eːʁ0eʁ0e,m/ehr/er/e
mø1ːk#l0ɪç,m/ög#l/ich
m1oːt2oː0ɐ,M/ot/o/r
m2aʃ1iːn0e,M/asch/in/e
m2in1uːt0e,M/in/ut/e
m2ɪl0i1oːn,M/ill/i/on
n1ax#b2aːʁ,N/ach#b/ar
n2at1uː0ɐ,N/at/u/r
p2ap1iː0ɐ,P/ap/ie/r
p2as1iːʁ0en,p/ass/ier/en
ʁ2eɡ1iːʁ0en,r/eg/ier/en
ʁ2eɡ0i1oːn,R/eg/i/on
ʃø1ːn#h2aɛt,Sch/ön#h/eit
ʃt1uːd2i0e,St/ud/i/e
ʃt2ats0i1oːn,St/at/i/on
t2ab1ɛl0e,T/ab/ell/e
ts2uːh1aɔz0e,Z/uh/aus/e
ts2uːz1am0en,z/us/amm/en
tsv1an#ts0ɪç,zw/an#z/ig
v1iːd0eʁ0ʊm,w/ied/er/um
v1ɪsn#ʃ2aft,W/issen#sch/aft
vœ1ʁt0ɐb2uːx,W/ört/erb/uch
1ap#h2ɛŋ0en,/ab#h/äng/en
2ɐf1ɔʁd0ɐl2ɪç,/erf/ord/erl/ich
1an#k2ɔm0en,/an#k/omm/en
1an#l2aːɡ0e,/An#l/ag/e
1ap#b2ɪld0ʊŋ,/Ab#b/ild/ung
1ɛlt2ɐn#t2aɛl,/Elt/ern#t/eil
1ɛnt#v2eːd0ɐ,/ent#w/eder/
1oːb0ɐfl2ɛç0e,/Ob/erfl/äch/e
1uː0ɐz2ax0e,/U/rs/ach/e
2aʁ0aŋʒ1iːʁ0en,/arr/ang/ier/en
0aʁ2ɑ̃ʒ1iːʁ0en,/arr/ang/ier/en
b2əɡ1ʏnst0ɪɡ0en,b/eg/ünst/ig/en
b0ez1ɔnd0eʁ0e,b/es/ond/er/e
0ɛnt#v1eːd0ɐ,/ent#w/ed/er
f0am1iːl0i0e,F/am/il/i/e
f2ɐ1ɛnd0eʁ0ʊŋ,V/er/änd/er/ung
fl1ʏs0ɪç#k2aɛt,Fl/üss/ig#k/eit
ʝ2aːʁ#h1ʊnd0ɐt,J/ahr#h/und/ert
m0at2eʁ0i1aːl,M/at/er/i/al
n0atʏ1ː0ɐl0ɪç,n/at/ü/rl/ich
p0aʁt0it1uː0ɐ,P/art/it/u/r
p2oz0its0i1oːn,P/os/it/i/on
t1aːt#z2ax0e,T/at#s/ach/e
v2aʁ0i1iːʁ0en,v/ar/i/ier/en
b1aɔm#v1ɔl0e,B/aum#w/oll/e
d2ɪsk0ut1iːʁ0en,d/isk/ut/ier/en
2ɛm#pf1aŋ0en,/em#pf/ang/en
f1ɔl#ʃt2ɛnd0ɪç,v/oll#st/änd/ig
ɡ2əm1aɛn#z2aːm,g/em/ein#s/am
2ɪnt0eʁ1ɛs0e,/Int/er/ess/e
m2at1eːʁ2i0e,M/at/er/i/e
pʁ2od0uts1iːʁ0en,pr/od/uz/ier/en
t1oːn#hø2ː0e,T/on#h/öh/e
2ʊnt0ɐʃt1ʏts0ʊŋ,/Unt/erst/ütz/ung
m0ʊlt0ipl0its1iːʁ0en,m/ult/ipl/iz/ier/en
t2ɛmp0eʁ0at1uː0ɐ,T/emp/er/at/u/r
b2uːx#ʃt2ab1iːʁ0en,b/uch#st/ab/ier/en
f2ɐ1an#ʃt2alt0ʊŋ,V/er/an#st/alt/ung
f2ɐɡ1aŋ0en#h2aɛt,V/erg/ang/en#h/eit
ɡ2əʃv1ɪnd0ɪç#k2aɛt,G/eschw/ind/ig#k/eit
l2ok0al0iz1iːʁ0en,l/ok/al/is/ier/en
pʁ2ot0ok0ɔl1iːʁ0en,pr/ot/ok/oll/ier/en
v2aːʁ#ʃ1aɛn#l0ɪç,w/ahr#sch/ein#l/ich
z2ʊp#tʁ0ah1iːʁ0en,s/ub#tr/ah/ier/en
2ɪns#b0ez1ɔnd0eʁ0e,/ins#b/es/ond/er/e