0æb0əh0əl1im0ə,/ab/oh/al/im/a
0ædm1aɪ0ə,/adm/i/re
0ædm1ɪʃ0ən,/adm/iss/ion
0ædv1ænt0ɪdʒ,/adv/ant/age
0ædv1aɪs,/adv/ice
0ædv1aɪz,/adv/ise
0ædv1ɛntʃ0əɹ,/adv/ent/ure
0ædv1ɜɹt0əzm0ənt,/adv/ert/isem/ent
0æks1ɛpt,/acc/ept
0æks1ɛpt0əbl,/acc/ept/able
0ækt1ɪv0ɪt0ɪ,/act/iv/it/y
0ækt1ɪv0ɪt0ɪz,/act/iv/it/ies
0ælɡ1oʊm0ə,/alg/om/a
0æmb1ɪʃ0ən,/amb/it/ion
0æmb1ɪʃ0əs,/amb/it/ious
0æn1æl0ɪs0ɪs,/an/al/ys/is
0æŋz1aɪ0ət0ɪ,/anx/i/et/y
1æbs0əl2ut,/abs/ol/ute
1æbs0əns,/abs/ence
1æbs0ənt,/abs/ent
1æb0əɹt,/ab/ert
1æd,/add
1ædv0əɹb,/adv/erb
1ædv0əɹs2ɛɹ0ɪz,/adv/ers/ar/ies
1ædv0əɹt2aɪz,/adv/ert/ise
1æd0ɪd,/add/ed
1æd0əms#t2aʊn,/ad/ams#t/own
1ædʒ0ɪkt0ɪv,/adj/ect/ive
1ædɹ2ɛs,/addr/ess
1æft0əɹ,/aft/er
1æft0əɹw0əɹdz,/aft/erw/ards
1æfɹ0ɪk0ə,/afr/ic/a
1æks,/ax
1æks,/axe
1æks0əd0ənt,/acc/id/ent
1æks2ɛs,/acc/ess
1ækt,/act
1ækt0ɪv,/act/ive
1ækt0əɹ,/act/or
1æktʃ2u0əl0ɪ,/act/u/all/y
1æktɹ0əs,/actr/ess
1æktʃ0əw0əl,/act/u/al
1æktʃ0ʊw0əl,/act/u/al
1ækʃ0ən,/act/ion
1ælb0əm,/alb/um
1ælb0əɹn,/alb/ern
1ælf0ə,/alph/a
1ælf0əb2ɛt,/alph/ab/et
1ælk0əh2ɑl,/alc/oh/ol
1æm,/am
1æmɹ0ə,/amr/e
1æn,/an
1ænd,/and
1æns0əɹ,/answ/er
1ænt,/ant
1ænt,/aunt
1ænj0u0əl,/ann/u/al
1æn0əm0əl,/an/im/al
1æn0əm0əlz,/an/im/als
1æpl,/apple
1æplz,/apples
1æpl0ɪŋ,/appl/ing
1æp0əɹtʃ0əɹ,/ap/ert/ure
1æsk,/ask
1æskt,/asked
1æsk0ɪŋ,/ask/ing
1æs0ɪd,/ac/id
1æt,/at
1æt0əm,/at/om
1æv0ən2u,/av/en/ue
1æv0ɛɹ0ɪdʒ,/av/er/age
1aw0əɹz,/ou/rs
1aw0əɹɡl2æs0ɪz,h/our#gl/ass/es
1æz,/as
1æʃ,/ash
1æŋkl,/ankle
1æŋkʃ0əs,/anx/ious
1æʃl2aɪn,/ashl/ine
1æŋɡl,/angle
1æɹ0əʊ,/arr/ow
1æɡɹ0ɪk2ʌltʃ0əɹ,/agr/ic/ult/ure
1æŋɡ0əɹ,/ang/er
1æŋɡɹ0ɪ,/angr/y
2æbs0əl1utl0ɪ,/abs/ol/utel/y
2ædm0əɹ1eɪʃ0ən,/adm/ir/at/ion
2æft0əɹ#n1un,/aft/er#n/oon
2æl1uv0ɪ0əm,/all/uv/i/um
2ænt2if1ʌŋɡ0əl,/ant/if/ung/al
2æpl0ək1eɪʃ0ən,/appl/ic/at/ion
2æpl0ək1eɪʃ0ənz,/appl/ic/at/ions
2æp0əɹ1æt0əs,/app/ar/at/us
0aɪd1i0ə,/id/e/a
0aɪd1i0əz,/id/e/as
0aɪd1ɛnt0əf2aɪ,/id/ent/if/y
0aɪd1ɪ0əl,/id/e/al
0aʊt#ɹ1eɪdʒ0əs,/out#r/ag/eous
0aɪt1ɪn0əɹ2ɛɹ0ɪz,/it/in/er/ar/ies
0aʊ0əɹ#s1ɛlvz,/ou/r#s/elves
1aɪ,/eye
1aɪ,/i
1aɪdl,/idle
1aɪl0ənd,/isl/and
1aɪl0əndz,/isl/ands
1aɪl0ɪts,/isl/ets
1aɪl2ɪd,/eyel/id
1aɪm,/i'm
1aʊns,/ounce
1aʊns0ɪz,/ounc/es
1aɪs,/ice
1aɪs0ɪ,/ic/y
1aɪs0əl,/eis/el
1aʊt#d1ɔɹz,/out#d/oors
1aʊt#d2ɔɹ,/out#d/oor
1aʊt#s1aɪd,/out#s/ide
1aʊt#w0əɹd,/out#w/ard
1aʊt,/out
1aʊtl2aɪn,/outl/ine
1aʊtʃ,/ouch
1aɪt0əm,/it/em
1aʊt0əɹ,/out/er
1aɪv,/i've
1aɪz,/eyes
1aɪz0ənb0əɹɡ,/is/enb/erg
1aɪ0əmz,/i/ams
1aɪ0ən,/ir/on
1aʊ0əɹ,h/ou/r
1aʊ0əɹ,/ou/r
1aʊ0əɹz,h/ou/rs
1aʊɹl0ɪ,h/ourl/y
1aɪ0əʊs,/i/os
2aɪd0ɪ1ɑl0ədʒ0əst,/id/e/ol/og/ist
2aɪs#l0ænd1ɛ0ə,/ice#l/and/ai/r
b0ækt1iɹ0ɪ0ə,b/act/er/i/a
b1æd,b/ad
b1æd#n0əs,b/ad#n/ess
b1æk#sl2æp0ɪŋ,b/ack#sl/app/ing
b1æk#w0əɹd,b/ack#w/ard
b1æk#w0əɹdz,b/ack#w/ards
b1æk#ɡɹ2aʊnd,b/ack#gr/ound
b1æk,b/ack
b1æl0əns,b/al/ance
b1ænd,b/and
b1æn0əst0əɹ,b/ann/ist/er
b1æn0ɪʃ#m0ənt,b/an/ish#m/ent
b1æsk0ɛt,b/ask/et
b1ætl,b/attle
b1æɡ,b/ag
b1æθ,b/ath
b1æŋk,b/ank
b1æɡ0ɪdʒ,b/agg/age
b1æɹ0əl,b/arr/el
b1æɹ0ən,b/arr/en
b1æɹ0ɪɡ0əɹ,b/arr/ig/er
b2æŋk#0əm1ɛɹ0ɪk0ə,b/ank#/am/er/ic/a
b0aɪ1æks0ɪ0əl,bi#/ax/i/al
b0aɪ1ɑl0ədʒ0ɪ,b/i/ol/og/y
b1aʊ,b/ow
b1aɪ,b/uy
b1aɪ,b/y
b1aɪnd,b/ind
b1aʊnd,b/ound
b1aʊnd0əɹ0ɪ,b/ound/ar/y
b1aɪs0ɪk0əl,b/ic/yc/le
b1aɪt,b/ite
b1aɪtl0əɹ,b/eitl/er
b1aʊ0əlz,b/ow/els
b2aɪp1oʊl0əɹ,b/ip/ol/ar
b1eɪ,b/ay
b1eɪ,b/ayh
b1eɪb0ɪ,b/ab/y
b1eɪk,b/ake
b1eɪlv0ə,b/elv/a
b1eɪs,b/ase
b1eɪst,b/ased
b1eɪs0ɪk,b/as/ic
b1eɪs0ɪk0əl0ɪ,b/as/ic/all/y
b1eɪs0ɪn,b/as/in
b1eɪs0ɪnz,b/as/ins
b1eɪs0ɪs,b/as/is
b1eɪs0ɪɹ,b/as/er
b1eɪð,b/athe
b1eɪð0ɪŋ,b/ath/ing
b1eɪʒ,b/eige
b1eɪ0ən2ɛts,b/ay/on/ets
b1i,b/e
b1i,b/ee
b1ik,b/eak
b1im,b/eam
b1in,b/ean
b1ist,b/east
b1it,b/eat
b1itl,b/eatle
b1it2ɔv0ɛn,b/eeth/ov/en
b1i0ɪŋ,b/e/ing
bl1æk,bl/ack
bl1ækh0əm,bl/ackh/am
bl1æst,bl/ast
bl1aɪnd#s2aɪd0ɪd,bl/ind#s/id/ed
bl1aɪnd,bl/ind
bl1eɪd,bl/ade
bl1eɪm,bl/ame
bl1id,bl/eed
bl1im,bl/eam
bl1oʊ,bl/ow
bl1u,bl/ue
bl1um0ən#θ2ɔl,bl/um/en#th/al
bl1uθ,bl/uth
bl1ʌd,bl/ood
bl1ɑk,bl/ock
bl1ɛs,bl/ess
bl1ɔɪ0əɹ,bl/oy/er
b1oʊ0æz,b/o/az
b1oʊd0ɪ,b/od/ey
b1oʊl,b/owl
b1oʊld,b/old
b1oʊlt,b/oldt
b1oʊn,b/one
b1oʊst,b/oast
b1oʊt,b/oat
b1oʊθ,b/oth
b1un,b/oone
b1ut,b/oot
bj1ut0ɪ,b/eaut/y
bj1ut0ɪf0əl,b/eaut/if/ul
bj1uɡlz,b/ugles
bj1ɜɹk,bj/erke
b0ɪf1ɔɹ,b/ef/ore
b0ɪh1aɪnd,b/eh/ind
b0ɪh1eɪv,b/eh/ave
b0ɪh1eɪvj0əɹ,b/eh/av/ior
b0ɪk1eɪm,b/ec/ame
b0ɪk1ʌm,b/ec/ome
b0ɪk1ʌmz,b/ec/omes
b0ɪk1ɛt,b/equ/ette
b0ɪk1ɔz,b/ec/ause
b0ɪl1aɪ0ɪŋ,b/el/y/ing
b0ɪl1if,b/el/ief
b0ɪl1iv,b/el/ieve
b0ɪl1oʊ,b/el/ow
b0ɪl1ɔŋ,b/el/ong
b0ən1æn0ə,b/an/an/a
b0ɪn1iθ,b/en/eath
b0ɪs1aɪd,b/es/ide
b0ɪs1aɪdz,b/es/ides
b0ɪtw1in,b/etw/een
b0ɪj1ɑnd,b/ey/ond
b0ɪɡ1æn,b/eg/an
b0ɪɡ1ɪn,b/eg/in
b0ɪɡ1ɪn0ɪŋ,b/eg/inn/ing
b1ɛd#ɹ2um,b/ed#r/oom
b1ɛd,b/ed
b1ɛd0u2ɪnz,b/ed/ou/ins
b1ɑd0ɪ,b/od/y
b1ʌdʒ0ɪt0əd,b/udg/et/ed
b1ʊk,b/ook
b1ɑks,b/ox
b1ʊks,b/ooks
b1ʌkv0t,b/uck/et
b1ʊk0əɹz,b/ook/er's
b1ʊl#f2aɪt0əɹ,b/ull#f/ight/er
b1ɔl,b/all
b1ɛl,b/ell
b1ɪl,b/ill
b1ɪld,b/uild
b1ʊld2oʊz,b/ulld/oze
b1ɪld0ɪŋ,b/uild/ing
b1ɛlt,b/elt
b1ɪlt,b/uilt
b1ʊl0ət,b/ull/et
b1ɪl0ɪ0ən,b/ill/i/on
b1ɛl0əʊz,b/ell/ows
b1ɑm,b/omb
b1ʌmz,b/ums
b1ɪn,b/een
b1ɛnd,b/end
b1ʌndl,b/undle
b1ʌntʃ,b/unch
b1ɛn0əf0ɪt,b/en/ef/it
b1ɛn0əf0ɪts,b/en/ef/its
b1ɪn0əm,b/yn/um
b1ʌs,b/us
b1ɛst,b/est
b1ɪt,b/it
b1ʌt,b/ut
b1ɑtl,b/ottle
b1ɑt0əm,b/ott/om
b1ʌt0ən,b/utt/on
b1ɛt0əɹ,b/ett/er
b1ɪt0əɹ,b/itt/er
b1ʌt0əɹ,b/utt/er
b1ʌt0əɹ0ɪks,b/utt/er/ick's
b1ɪzn0ɪs#l2aɪk,b/usin/ess#l/ike
b1ɪzn0əs#m2æn,b/usin/ess#m/an
b1ɪz0ɪ,b/us/y
b1ɪz0ɪn0ɛs#l2aɪk,b/us/in/ess#l/ike
b1ɪz0ɪn0ɛs#m2æn,b/us/in/ess#m/an
b1ɪz0ɪn0əs,b/us/in/ess
b1ɑɹ,b/ar
b1ɛɡ,b/eg
b1ɛθ,b/eth
b1ɪɡ,b/ig
b1ʊʃ,b/ush
b1ɛ0ə,b/a/re
b1ɛ0ə,b/ea/r
b1ɪ0ə,b/eer/
b1ɑɹb0əɹ,b/arb/er
b1ɪɹd,b/eard
b1ɜɹd,b/ird
b1ɔɹd,b/oard
b1ʌɡd,b/ugged
b1ɜɹd0ɪ,b/ird/y
b1ɔɹd0əɹ,b/ord/er
b1ɑɹk0əʊz,b/arc/o's
b1ɜɹl0æk,b/erl/ack
b1ɔɹn,b/orn
b1ɜɹn,b/urn
b1ɜɹnt#s0ən,b/ernt#s/en
b1ɜɹnz,b/yrne's
b1ɑɹn0ɪk0əl,b/arn/ic/le
b1ɑɹn0ɪʃ,b/arn/ish
b1ɑɹ2oʊ,b/orr/ow
b1ɜɹst,b/urst
b1ɜɹtɹ0ənd,b/ertr/and
b1ɔɹz,b/ors
b1ɜɹθ#d2eɪ,b/irth#d/ay
b1ɜɹθ,b/irth
b1ɛɹ0ɪ,b/err/y
b1ɜɹ0ɪ,b/eur/y
b1ɛɹ0ɪ,b/ur/y
b1ɪɡ0ɛst,b/igg/est
b1ɪɡ0əɹ,b/igg/er
b1ɛɹ0ɪ0əl,b/ur/i/al
b1ɜɹɡl0əɹ,b/urgl/ar
b1ɑɹɡ0ɛn,b/arg/ain
b2ɛnz0əʊd0ɪ1æz0əp0ɪn,b/enz/od/i/az/ep/ine
bɹ1æf,br/aff
bɹ1ænd,br/and
bɹ1æntʃ,br/anch
bɹ1æs,br/ass
bɹ1æɡd,br/agged
bɹ1aɪb,br/ibe
bɹ1aɪb0əɹ0ɪ,br/ib/er/y
bɹ1aʊn,br/own
bɹ1aɪt,br/ight
bɹ1aɪtn,br/ighten
bɹ1aɪt0əl0ɪŋ,br/eit/l/ing
bɹ1aʊz0əɹz,br/ows/ers
bɹ1eɪk#θɹ2u,br/eak#thr/ough
bɹ1eɪk,br/eak
bɹ1eɪks,br/akes
bɹ1eɪn,br/ain
bɹ1eɪv,br/ave
bɹ1eɪv0əɹ0ɪ,br/av/er/y
bɹ1id,br/eed
bɹ1ið,br/eathe
bɹ1ud0əɹ,br/ud/er
bɹ0ɪs1i,br/es/ee
b1ɔɪ,b/oy
bɹ1ɔd#k2æst,br/oad#c/ast
bɹ1ɛd,br/ead
bɹ1ɔd,br/oad
bɹ1ɛdθ,br/eadth
bɹ1ɪdʒ,br/idge
bɹ1ɪk,br/ick
bɹ1ɛkf0əst,br/eakf/ast
b1ɔɪl,b/oil
bɹ1ɔn,br/awn
bɹ1ɛsl0əʊ,br/esl/ow
bɹ1ɛst,br/east
bɹ1ɔt,br/ought
bɹ1ɪt0ɪʃ,br/it/ish
bɹ1ʌð0əɹ,br/oth/er
bɹ1ɛθ,br/eath
bɹ1ɪŋ,br/ing
bɹ1ʌʃ,br/ush
bɹ2ɪɡ0əd1ɪ0ə,br/ig/ad/eer/
bɹ1ɔɪ,br/oy
d1æl2eɪ,d/al/ai
d1æmp,d/amp
d1æm0ədʒ,d/am/age
d1æns,d/ance
d1æt0əm,d/at/um
d1æɹ0ɪn,d/a/ren
d0aɪv1ɜɹdʒd,d/iv/erged
d0aɪɹ1ɛkt#n0əs,d/i/rect#n/ess
d0aɪɹ1ɛkt0əɹ0ɪz,d/i/rect/or/ies
d1aɪ,d/ie
d1aɪd,d/ied
d1aɪd,d/ied
d1aɪk0əʊ,d/yc/o
d1aɪm0ənd,d/iam/ond
d1aɪm0ənd,d/iam/ond
d1aʊn#s2aɪd,d/own#s/ide
d1aɪn,d/ine
d1aʊn,d/own
d1aɪn0əɹz,d/in/ars
d1aɪ2oʊd,d/i/ode
d1aʊt,d/oubt
d1aɪv,d/ive
d1aɪ0əɹ0i,d/i/ar/y
d1aɪ0əɡn1oʊz,d/i/agn/ose
d1aɪ0əɡn1oʊzd,d/i/agn/osed
d1aʊɡ0ən,d/oug/an
d2aɪ1ʌm0ɪt0əɹ,d/i/am/et/er
d1eɪ,d/ay
d1eɪl2aɪt,d/ayl/ight
d1eɪl0ɪ,d/ail/y
d1eɪm0ɪnt,d/em/int
d1eɪndʒ0əɹ,d/ang/er
d1eɪndʒ0əɹ0əs,d/ang/er/ous
d1eɪt,d/ate
d1eɪt0ə,d/at/a
d1eɪv0ɪd,d/av/id
d1eɪz,d/ays
d1id,d/eed
d1il,d/eal
d1ip,d/eep
d1ipn,d/eepen
d2if0ɔɹm1eɪʃ0ən,d/ef/orm/at/ion
d1oʊn0əɹz,d/on/ors
d1oʊs0ədʒ,d/os/age
d1u,d/o
d1u,d/ue
d1us,d/oose
d1ut0ɪ,d/ut/y
d1u0əbl,d/o/able
d1u0ɪŋ,d/o/ing
dw1ɛl0ɪŋ,dw/ell/ing
d0ɪf1aɪn,d/ef/ine
d0ɪf1it,d/ef/eat
d0ɪf1ɛnd,d/ef/end
d0ɪf1ɛnd0ənt,d/ef/end/ant
d0ɪf1ɛns,d/ef/ense
d0ɪk1æf0ən2eɪt,d/ec/aff/ein/ate
d0ɪk1eɪ,d/ec/ay
d0ɪkl1ɛ0ə,d/ecl/a/re
d0ɪkɹ1is,d/ecr/ease
d0ɪl1aɪt,d/el/ight
d0ɪl1eɪ,d/el/ay
d0ɪl1ɪn0ɪ2eɪts,d/el/in/e/ates
d0ɛl1ɪv0əɹ,d/el/iv/er
d0ɪl1ɪv0əɹ0ɪ,d/el/iv/er/y
d0ɪl1ɪŋkw0ənts,d/el/inqu/ents
d0ɪm1ænd,d/em/and
d0ɪm1ɑkɹ0əs0ɪ,d/em/ocr/ac/y
d0ɪn1aɪ,d/en/y
d0ɪp1ɪkts,d/ep/icts
d0ɪp1ɛnd,d/ep/end
d0ɪp1ɛndz,d/ep/ends
d0ɪp1ɛnd0əns,d/ep/end/ence
d0ɪp1ɛnd0ənt,d/ep/end/ent
d0ɪp1ɑɹtm0ənt,d/ep/artm/ent
d0ɪp2ɑpj0əl1eɪʃ0ən,d/ep/op/ul/at/ion
d0ɪpɹ1ɛs,d/epr/ess
d0ɪpɹ1ɛʃ0ən,d/epr/ess/ion
d0ɪs1æt0əsf2aɪ,d/iss/at/isf/y
d0ɪs1aɪs0ɪv,d/ec/is/ive
d0ɪs2eɪl0ɪn1eɪʃ0ən,d/es/al/in/at/ion
d0ɪs1it,d/ec/eit
d0ɪs1iv,d/ec/eive
d0ɪsk0ənt1ɛnt,d/isc/ont/ent
d0ɪsk1ʌmf0əɹt,d/isc/omf/ort
d0ɪsk1ʌs,d/isc/uss
d0ɪsk1ʌv0əɹ,d/isc/ov/er
d0ɪsk1ʌv0əɹd,d/isc/ov/ered
d0ɪsk1ʌv0əɹ0ɪ,d/isc/ov/er/y
d0ɪsk1ɜɹ0ɪdʒ,d/isc/ou/rage
d0ɪsk1ɜɹ0ɪdʒm0ənt,d/isc/ou/ragem/ent
d0ɪskɹ1aɪb,d/escr/ibe
d0ɪskɹ1aɪbd,d/escr/ibed
d0ɪskɹ1ɪpt0ɪv,d/escr/ipt/ive
d0ɪskɹ1ɪpʃ0ən,d/escr/ipt/ion
d0ɪsm1ɪs,d/ism/iss
d0ɪsp1aɪt,d/esp/ite
d0ɪspl1eɪ,d/ispl/ay
d0ɪspj1ut,d/isp/ute
d0ɪsp1ɛ0ə,d/esp/ai/r
d0ɪst1ɪl0əɹz,d/ist/ill/er's
d0ɪst1ɜɹb,d/ist/urb
d0ɪst1ɪŋɡw0ɪʃ,d/ist/ingu/ish
d0ɪstɹ1ʌkt0ɪv,d/estr/uct/ive
d0ɪstɹ1ʌkʃ0ən,d/estr/uct/ion
d0ɪstɹ1ɔɪ,d/estr/oy
d0ɪs0ɪnf1ɛkt,d/is/inf/ect
d0ɪs0əɡɹ1i,d/is/agr/ee
d0ɪs1ɛmb0əɹ,d/ec/emb/er
d0ɪs1ɛnd,d/esc/end
d0ɪs1ɛnd0ənt,d/esc/end/ant
d0ɪs1ɛnt,d/esc/ent
d0ɪs1ɪʒ0ən,d/ec/is/ion
d0ɪsɡ1ʌst,d/isg/ust
d0ɪt1eɪl,d/et/ail
d0ɪt1eɪlz,d/et/ails
d0ət1ɜɹm0ɪn,d/et/erm/ine
d0ət1ɜɹm0ənd#l0ɪ,d/et/erm/ined#l/y
d0ɪt1ɜɹm0ənd,d/et/erm/ined
d0ɪt1ɜɹm0ən0əbl,d/et/erm/in/able
d0ɪt2ɜɹm0ən1eɪʃ0ən,d/et/erm/in/at/ion
d0ɪv1aɪd,d/iv/ide
d0ɪv1aɪs,d/ev/ice
d0ɪv1ɛl0əp,d/ev/el/op
d0ɪv1ɛl0əpm0ənt,d/ev/el/opm/ent
d0ɪv1ɛl0əpt,d/ev/el/oped
d0ɪv1ɛl0əp0ɪŋ,d/ev/el/op/ing
d0ɪv1ɪʒ0ən,d/iv/is/ion
d0ɛw1ʊlf,d/ew/olf
d0ɪz1aɪn,d/es/ign
d0ɪz1aɪnd,d/es/igned
d0ɪz1aɪ0ə,d/es/i/re
d0ɪz1aɪɹ0əbl,d/es/ir/able
d0ɪz1iz,d/is/ease
d0ɪz1ɜɹv,d/es/erve
d0əɹ1ɛkt,d/i/rect
d0ɪɹ1ɛkt,d/i/rect
d0əɹ1ɛktl0ɪ,d/i/rectl/y
d0əɹ1ɛkt0əɹ,d/i/rect/or
d0ɪɹ1ɛkt0əɹ,d/i/rect/or
d0ɪɹ1ɛkt0əɹ0ɪ,d/i/rect/or/y
d0ɪɹ1ɛkʃ0ən,d/i/rect/ion
d0ɪɡɹ1i,d/egr/ee
d1ɔ#n0ɪ,d/augh#n/ey
d1ʌbl,d/ouble
d1ɛd,d/ead
d1ɪd,d/id
d1ɪdnt,d/idn't
d1ɪdʒ0ət0əl,d/ig/it/al
d1ɛf,d/eaf
d1ɛfn,d/eafen
d1ɪf0ək0əlt,d/iff/ic/ult
d1ɪf0ək0əlt0ɪ,d/iff/ic/ult/y
d1ɪf0ɪk2ʌlt0ɪz,d/iff/ic/ult/ies
d1ɪf0əɹ0ɛns,d/iff/er/ence
d1ɪf0əɹ0ɛnt,d/iff/er/ent
d1ʌk,d/uck
d1ɑkt0əɹ,d/oct/or
d1ɑkj0əm0ɛnt,d/oc/um/ent
d1ɑkj0əm2ɛn0əd,d/oc/um/ent/ed
d1ɛk0əɹ2eɪt,d/ec/or/ate
d1ɪkʃ0ən2ɛɹ0ɪ,d/ict/ion/ar/y
d1ʌl,d/ull
d1ɪlɡ,d/ilg
d1ɛl0ək0ɛt,d/el/ic/ate
d1ɑl0əɹ,d/oll/ar
d1ɔl0əɹz,d/oll/ar's
d1ɑl0əɹz,d/oll/ars
d1ʌn,d/one
d1ɔnt,d/on't
d1ɪn0əɹ,d/inn/er
d1ɪp,d/ip
d1ɛpj0ut0ɪz,d/ep/ut/ies
d1ɛpθ,d/epth
d1ɛsk,d/esk
d1ɑst,d/ost
d1ʌst,d/ust
d1ɪst0əns,d/ist/ance
d1ɪst0ənt,d/ist/ant
d1ɪstɹ0ɪkt,d/istr/ict
d1ɛs0əm0əl,d/ec/im/al
d1ɪs0əpl0ən,d/isc/ipl/ine
d1ɛt,d/ebt
d1ɑt,d/ot
d1ɪtʃ,d/itch
d1ɔt0əɹ,d/aught/er
d1ʌt0əɹ,d/utt/er
d1ɛv0əl,d/ev/il
d1ɛv0ɪn0ɪ,d/ev/en/ey
d1ʌz,d/oes
d1ʌzn,d/ozen
d1ʌznt,d/oesn't
d1ɛz0əɹt,d/es/ert
d1ɔɹ#w2eɪ,d/oor#w/ay
d1ɛθ,d/eath
d1ɪɡ,d/ig
d1ɪʃ,d/ish
d1ɔɡ,d/og
d1ɔɹ,d/oor
d1ʌɡ,d/ug
d1ɛ0ə,d/a/re
d1ɪ0ə,d/ea/r
d1ɪ0ə,d/eer/
d1ɜɹf0əl0ɪŋ0əɹ,d/erf/l/ing/er
d1ɑɹk,d/ark
d1ɑɹkn,d/arken
d1ɑŋk0ɪ,d/onk/ey
d1ɜɹt,d/irt
d1ɜɹt0ɪ,d/irt/y
d1ɑɹt0əɹ,d/art/er
d1ɛʃ0ɔ,d/esh/aw
d1ɛɹ0ɪb2ɛɹ0ɪ,d/err/yb/err/y
d1ɔɹ0ɪs,d/or/is
d1ɛɹ0ɪŋ,d/ar/ing
d1ʊɹ0ɪŋ,d/ur/ing
d2ɛkl0əɹ1eɪʃ0ən,d/ecl/ar/at/ion
d2ɛk0əɹ1eɪʃ0ən,d/ec/or/at/ion
d2ɪs#k0ənt1ɛnt0ɪdl0ɪ,d/is#c/ont/ent/edl/y
d2ɪs#k0ənt2ɪnj0u1eɪʃ0ən,d/is#c/ont/in/u/at/ion
d2ɪs#0ədv1ænt0ɪdʒd,d/is#/adv/ant/aged
d2ɪs#ɹ0ɪsp1ɛkt,d/is#r/esp/ect
d2ɪs#ɹ0ɪɡ1ɑɹd,d/is#r/eg/ard
d2ɪs0æt0ɪsf1ækʃ0ən,d/iss/at/isf/act/ion
d2ɪs1aɪd,d/ec/ide
d2ɪs1aɪd0ɪd,d/ec/id/ed
d2ɪsk1ʌʃ0ən,d/isc/uss/ion
d2ɪs0ɪpl0ɪn1ɛɹ0ɪ0ənz,d/isc/ipl/in/ar/i/ans
d2ɪs0əp1ɪ0ə,d/is/app/ea/r
d2ɪs0əp1ɪ0əɹ0əns,d/is/app/e/ar/ance
d2ɪs0əpɹ1uv,d/is/appr/ove
d2ɪs0əp1ɔɪnt,d/is/app/oint
d2ɪs0əp1ɔɪnt0ɪd,d/is/app/oint/ed
d2ɪs0əs1oʊʃ0ɪ0əɪt0əd,d/is/ass/oc/i/at/ed
d2ɛz0ɪɡn1iz,d/es/ign/ees
d2ɑɹ#dʒ1il0ɪŋ,d/ar#j/eel/ing
dʒ1æk0ɪ,j/ack/y
dʒ1ænj0u2ɛɹ0ɪ,j/an/u/ar/y
dɹ1æɡ,dr/ag
dɹ1aɪ,dr/y
dɹ1aɪl0ɪ,dr/yl/y
dɹ1aʊn,dr/own
dɹ1aɪv,dr/ive
dɹ1aɪvz,dr/ive's
dɹ1aɪvz,dr/ives
dʒ1eɪmz,j/ames
dʒ1eɪm0ɪs0ən,j/am/is/on
dɹ1im,dr/eam
dʒ1inz,g/ene's
dʒ1inz,g/enes
dʒ1iz0ʌs,j/es/us
dʒ2i0əm1ɑt2i,g/i/am/att/i
dʒ2i0əʊp0əl1ɪt0ɪk0əl0ɪ,g/e/op/ol/it/ic/all/y
dʒ1oʊk,j/oke
dʒ1ud0ɪ2ɪzm,j/ud/a/ism
dʒ1ud0ɪ2ɪz0əm,j/ud/a/is/m
dʒ1ufɹ0ɪd0ə,g/iuffr/id/a
dʒ1un,j/une
dʒ1us,j/uice
dʒ1uz,j/ews'
dʒ1u0əl#ɹ0ɪ,j/ew/el#r/y
dʒ1u0əl,j/ew/el
dʒ2ul1aɪ,j/ul/y
dɹ0ək1oʊn0ɪ0ən,dr/ac/on/i/an
dʒ0ɛn1ɑd0ɪ,g/enn/ad/i
dʒ0əɹ1ɑɹd,g/er/ard
dɹ1ɔ,dr/aw
dʒ1ɔ,j/aw
dʒ1ɑb,j/ob
dʒ1ɑbz,j/obs
dɹ1ɔd2aʊn,dr/awd/own
dʒ1ʌdʒ#m0ənt,j/udg#m/ent
dʒ1ʌdʒ,j/udge
dʒ1ɛl0ɪ,j/ell/y
dʒ1ɑl0ɪ,j/oll/ey
dʒ1ɛl0əs,j/eal/ous
dʒ1ɛl0əs0ɪ,j/eal/ous/y
dɹ1ʌm,dr/um
dʒ1ʌmp,j/ump
dʒ1ɑn,j/ohn
dʒ1ɛntl#m0ən,g/entle#m/an
dʒ1ɛntl,g/entle
dʒ1ɛn0ɛɹ0əl,g/en/er/al
dʒ1ɑn0əθ0ən,j/on/ath/an
dʒ1ɛn0əɹ0əs,g/en/er/ous
dɹ1ɑp,dr/op
dɹ1ɛs,dr/ess
dʒ1ʌst,j/ust
dʒ1ʌst0ɪf0aɪ,j/ust/if/y
dʒ1ʌst0əs,j/ust/ice
dɹ1ɪvn,dr/iven
dɹ1ɔɹ,dr/awer
dɹ1ʌɡ,dr/ug
dʒ1ɔʃ,j/osh
dɹ1ɪŋk,dr/ink
dɹ1ʌŋk,dr/unk
dʒ1ʌŋk0ɪ0əst,j/unk/i/est
dʒ1ʌɡlz,j/uggles
dʒ1ɜɹn0ɪ,j/ourn/ey
dʒ1ɜɹn0əl,j/ourn/al
dɹ1ʌɡz,dr/ugs
dʒ1ɔʃ0ʊ0ə,j/osh/u/a
dʒ2ɛn0ɛɹ1eɪʃ0ən,g/en/er/at/ion
dʒ2ɛɹ0ənt1ɑl0ədʒ0ɪ,g/er/ont/ol/og/y
dʒ1ɔɪ,j/oy
dʒ1ɔɪn,j/oin
dʒ1ɔɪnt,j/oint
dʒ1ɔɪz,j/oys
1eɪbl,/able
1eɪdʒ,/age
1eɪd0ən,/aid/an
1eɪd0əɹ,/ad/er
1eɪdʒ0ɛns0ɪ,/ag/enc/y
1eɪdʒ0ənt,/ag/ent
1eɪk,/ache
1eɪk0ɪn,/ak/in
1eɪk0ɔɹn,/ac/orn
1eɪm,/aim
1eɪntʃ0ənt,/anc/ient
1eɪpɹ0əl,/apr/il
1eɪt,/eight
1eɪtθ,/eighth
f1ækt,f/act
f1ækt0əɹ,f/act/or
f1ækt0əɹ0ɪ,f/act/or/y
f1æm0əl0ɪ,f/am/il/y
f1æm0əl0ɪz,f/am/il/ies
f1æn,f/an
f1æns0ɪ,f/anc/y
f1æns0ɪ0əɹz,f/anc/i/ers
f1æs,f/ahs
f1æst,f/ast
f1æst0əɹ,f/ast/er
f1æs0ən,f/ast/en
f1æs0ən0əɹ,f/ast/en/er
f1æt,f/at
f1ætn,f/atten
f1æʃ0ən,f/ash/ion
f1æʃ0ən0əbl,f/ash/ion/able
f0aʊnd1eɪʃ0ən,f/ound/at/ion
f1aɪ,f/ye
f1aɪl,f/ile
f1aɪn,f/ine
f1aɪnd,f/ind
f1aʊnd,f/ound
f1aɪn0əl,f/in/al
f1aɪn0əl0ɪ,f/in/all/y
f1aɪt,f/ight
f1aɪv,f/ive
f1aɪ0əɹ,f/i/re
f1aɪ0əɹpl2eɪs,f/i/repl/ace
f1eɪd,f/ade
f1eɪl,f/ail
f1eɪlj0əɹ,f/ail/ure
f1eɪm,f/ame
f1eɪm0əs,f/am/ous
f1eɪnt,f/aint
f1eɪs,f/ace
f1eɪt,f/ate
f1eɪv0əɹ,f/av/or
f1eɪv0əɹz,f/avor/s
f1eɪv0əɹ0əbl,f/av/or/able
f1eɪv0əɹ0ɪt,f/av/or/ite
f1eɪθ#f0əl,f/aith#f/ul
f1eɪθ,f/aith
f1id,f/eed
f1il,f/eel
f1ild,f/ield
f1il0ɪŋ,f/eel/ing
f1il0ɪŋz,f/eel/ings
f1im2eɪl,f/em/ale
f1is2iz,f/ec/es
f1ist,f/east
f1it,f/eet
f1itʃ0əɹ,f/eat/ure
f1itʃ0əɹz,f/eat/ures
f1iv0əɹ,f/ev/er
fl0æmb1ɔɪ0ənt,fl/amb/oy/ant
fl1æn0əlz,fl/ann/els
fl1æt,fl/at
fl1ætn,fl/atten
fl1æt0ən,fl/att/en
fl1aw0əɹ,fl/o/ur
fl1aw0əɹ,fl/ow/er
fl1æɡ#ʃ2ɪp,fl/ag#sh/ip
fl1æɡ,fl/ag
fl1æʃ,fl/ash
fl1aɪ,fl/y
fl1aʊnd0əɹ,fl/ound/er
fl1aɪt,fl/ight
fl1eɪm,fl/ame
fl1eɪv0əɹ,fl/av/or
fl1oʊ,fl/ow
fl1oʊt,fl/oat
fl0əm1ɪŋɡ0əʊz,fl/am/ing/os
fl1ɔd,fl/awed
fl1ʌd,fl/ood
fl1ɛʃ,fl/esh
fl1ɔɹ,fl/oor
fl1ɜɹ0ɪʃ,fl/ou/rish
fl1ʌɹ0ɪʃ,fl/ou/rish
fl1ɔɪ,fl/oy
f1oʊkst2oʊn,f/olkst/one
f1oʊk0əs,f/oc/us
f1oʊk0əst,f/oc/used
f1oʊld,f/old
f1oʊn,ph/one
f1oʊt2oʊ,ph/ot/o
f1oʊt0əɡɹ2æf,ph/ot/ogr/aph
f1ud,f/ood
f1ul,f/ool
f1ul0ɪʃ,f/ool/ish
fj1u,f/ew
fj1un0əɹ0əl,f/un/er/al
fj1utʃ0əɹ,f/ut/ure
f0ɪft1in,f/ift/een
f0ʊlf1ɪl,f/ulf/ill
f0əm1ɪlj0əɹ,f/am/il/iar
f0ən1ænʃ0əl,f/in/anc/ial
f0əs1ɪl0ɪt0ɪ,f/ac/il/it/y
f0ət1ɑɡɹ0əf0ɪ,ph/ot/ogr/aph/y
f0ɔɹ#t1eɪst,f/ore#t/aste
f0ɔɹb1ɪd,f/orb/id
f0ɔɹt1u0ɪt0əs,f/ort/u/it/ous
f0ɛɹ1ʌɹ2i,f/err/ar/i
f0ɪɡ1ɜɹsk0ɪ,f/ig/ursk/i
f0ɔɹɡ1ɛt,f/org/et
f0ɔɹɡ1ɪv,f/org/ive
f1ɛbj0əw2ɛɹ0ɪ,f/ebr/u/ar/y
f1ɛd0əɹ0əl,f/ed/er/al
f1ɛd0ɛɹ0əl,f/ed/er/al
f1ɛdɹ0əl2ɪzm,f/eder/al/ism
f1ɛdɹ0əl2ɪz0əm,f/eder/al/is/m
f1ɪft0ɪ,f/ift/y
f1ɪfθ,f/ifth
f1ɪks,f/ix
f1ɑks,f/ox
f1ʊl#n0ɛs,f/ull#n/ess
f1ɔl,f/all
f1ɪl,f/ill
f1ʊl,f/ull
f1ɛld,f/eld
f1ɔldz,f/aulds
f1ɪlm,f/ilm
f1ɔls,f/alse
f1ɔlt,f/ault
f1ɛlt,f/elt
f1ɛl0əʊ,f/ell/ow
f1ɑl0əʊ,f/oll/ow
f1ɑl0əʊ0ɪŋ,f/oll/ow/ing
f1ɛl0əʊʃ2ɪp,f/ell/owsh/ip
f1ʌn,f/un
f1ɑnd,f/ond
f1ʌnd,f/und
f1ɛns,f/ence
f1ʌn0ɪ,f/unn/y
f1ɪn0ɪʃ,f/in/ish
f1ʊt#b2ɔl,f/oot#b/all
f1ʊt#p2æθ,f/oot#p/ath
f1ʊt#st2ɛp,f/oot#st/ep
f1ɪt,f/it
f1ʊt,f/oot
f1ɑt0ə,f/at/a
f1ɪt0ɪd,f/itt/ed
f1ɪz0ɪk0əl,ph/ys/ic/al
f1ɛz0ənt,ph/eas/ant
f1ɑð0əɹ,f/ath/er
f1ɛð0əɹ,f/eath/er
f1ɑð0əɹz,f/ath/ers
f1ɔɹ#h0ɛd,f/ore#h/ead
f1ɑɹ,f/ar
f1ɪʃ,f/ish
f1ɔɹ,f/or
f1ɔɹ,f/our
f1ɜɹ,f/ur
f1ɛ0ə,f/ai/r
f1ɛ0ə,f/err/e
f1ɪ0ə,f/ea/r
f1ɜɹb0ɪʃ0ɪŋ,f/urb/ish/ing
f1ɔɹk,f/ork
f1ɔɹk0əɹ,f/ork/er
f1ʌŋkʃ0ən,f/unct/ion
f1ɑɹm#j2ɑɹd,f/arm#y/ard
f1ɑɹm,f/arm
f1ɜɹm,f/irm
f1ɔɹm,f/orm
f1ɔɹm0əl,f/orm/al
f1ɑɹm0əɹ,f/arm/er
f1ɔɹm0əɹ,f/orm/er
f1ɔɹm0əɹl0ɪ,f/orm/erl/y
f1ɜɹn0ɪtʃ0əɹ,f/urn/it/ure
f1ɜɹn0ɪʃ,f/urn/ish
f1ɪɹs,f/ierce
f1ɔɹs,f/orce
f1ɜɹst,f/irst
f1ɜɹs0ən,ph/ers/on
f1ɔɹt,f/ort
f1ɔɹtʃ0un0ət,f/ort/un/ate
f1ɔɹtʃ0ʊn,f/ort/une
f1ɑɹv2eɪ,f/arv/e
f1ɔɹw0əɹd,f/orw/ard
f1ɔɹw0əɹdz,f/orw/ards
f1ɪɡj0ʊɹ,f/ig/ure
f1ɑɹð0əɹ,f/ath/er
f1ɜɹð0əɹ,f/urth/er
f1ɔɹθ,f/orth
f1ɔɹθ,f/ourth
f1ɛɹ0ɪ,f/air/y
f1ɛɹ0ɪ,f/er/y
f1ɔɹ0ɪd,f/oreh/ead
f1ɛɹ0ɪk,f/err/ick
f1ɔɹ0ən,f/or/eign
f1ɔɹ0ɪn,f/or/eign
f1ɔɹ0ɪn0əɹ,f/or/eign/er
f1ɔɹ0əst,f/o/rest
f1ɪʃ0əɹ#m2æn,f/ish/er#m/an
f1ɪŋɡ0əɹ,f/ing/er
f2ɛm0ən1ɪn0ət0ɪ,f/em/in/in/it/y
f2ɔɹt0əf0ək1eɪʃ0ənz,f/ort/if/ic/at/ions
fɹ1æns0ɪs,fr/anc/is
fɹ1æŋkl0ɪn,fr/anckl/in
fɹ1æŋk0əf2aɪl,fr/anc/oph/ile
fɹ2æns1ɪsk0oʊ,fr/anc/isc/o
fɹ1aɪ,fr/y
fɹ1aɪt,fr/ight
fɹ1aɪtn,fr/ighten
fɹ1aɪt0ən0ɪŋ,fr/ight/en/ing
fɹ1aɪ0əɹ,fr/iar/
fɹ1eɪm#w2ɜɹk,fr/ame#w/ork
fɹ1eɪm,fr/ame
fɹ1eɪz,phr/ase
fɹ1i,fr/ee
fɹ1id0əm,fr/eed/om
fɹ1id0əmz,free#d/om's
fɹ1ikw0əns0ɪ,fr/equ/enc/y
fɹ1ikw0ənt,fr/equ/ent
fɹ1iz,fr/eeze
fɹ1i0ə,fr/ei/a
fɹ1ut#l0ɛs,fr/uit#l/ess
fɹ1ut,fr/uit
fɹ1ʌm,fr/om
fɹ1ɛnd,fr/iend
fɹ1ɛndl0ɪ,fr/iendl/y
fɹ1ɛndz,fr/iends
fɹ1ɛndʃ0ɪp,fr/iendsh/ip
fɹ1ʌnt,fr/ont
fɹ1ɛntʃ,fr/ench
fɹ1ɛʃ,fr/esh
fɹ1ɪɡ0ɪŋ,fr/igg/ing
g1aɪ0ɛt0ɪ,g/ai/et/y
g1ɔ,g/ogh
g1ɑɹdn0əɹ,g/ardn/er
g1ɑɹtn0əɹ,g/artn/er
h0æph1æz0əɹd,h/aph/az/ard
h1æb0ət,h/ab/it
h1æd,h/ad
h1æf,h/alf
h1ælp0əɹ,h/alper/
h1æmd0ən,h/amd/an
h1æm0əɹ,h/amm/er
h1ænd#ɹ2aɪt0ɪŋ,h/and#wr/it/ing
h1ænd#ʃ2eɪk,h/and#sh/ake
h1ænd,h/and
h1ændl,h/andle
h1ændz,h/ands
h1æpn,h/appen
h1æp0ɪ,h/app/y
h1æp0ənd,h/app/ened
h1æp0ənz,h/app/ens
h1æp0ɪn0əs,h/app/in/ess
h1æp0ən0ɪŋ,h/app/en/ing
h1æt,h/at
h1æv,h/ave
h1æv0ɪŋ,h/av/ing
h1æz,h/as
h1æŋ,h/ang
h1æŋk0əɹtʃ0ɪf,h/andk/erch/ief
h1aɪ,h/igh
h1aʊ,h/ow
h1aɪd,h/ide
h1aɪk0ɪl0ə,h/eikk/il/a
h1aɪl0ɪ,h/ighl/y
h1aʊs,h/ouse
h1aɪst0əɹ,h/eist/er
h1aɪt,h/eight
h1aɪtn,h/eighten
h1aɪw2eɪ,h/ighw/ay
h1aɪ0əɹ,h/igh/er
h1aɪ0əɹ,h/i/re
h1aʊ0ɪŋt0ən,h/ow/ingt/on
h2aɪb1ɜɹ#n0ɪ0əz,h/ib/er#n/i/a's
h2aɪp0əm1æn0ɪk,h/yp/om/an/ic
h2aɪp0əm1eɪn0ɪ0ə,h/yp/om/an/i/a
h2aʊ1ɛv0əɹ,h/ow/ev/er
h1eɪ,h/ay
h1eɪsn,h/asten
h1eɪst,h/aste
h1eɪst0ɪ,h/ast/y
h1eɪt,h/ate
h1eɪtɹ0ɪd,h/atr/ed
h1eɪw2ʊd,h/ayw/ood
h1i,h/e
h1il,h/eal
h1il,h/eel
h1ip,h/eap
h1it,h/eat
h1i0ə,h/er/e
h1i0ə,h/ea/r
h0oɹ1aɪzn,h/or/izon
h0oɹ1aɪz0ən,h/or/iz/on
h1oʊl#d2aʊt,h/ol#d/out
h1oʊl#s2eɪl0əɹz,wh/ole#s/al/er's
h1oʊl,h/ole
h1oʊl,wh/ole
h1oʊld,h/old
h1oʊl0ɪ,h/ol/y
h1oʊm#k2ʌm0ɪŋ,h/ome#c/om/ing
h1oʊm#m1eɪd,h/ome#m/ade
h1oʊm#w2ɜɹk,h/ome#w/ork
h1oʊm,h/ome
h1oʊp,h/ope
h1oʊpf0əl,h/opef/ul
h1oʊpl0əs,h/opel/ess
h1oʊst,h/ost
h2oʊm0əʊs1ɛkʃ0ʊ0əl,h/omo#s/ex/u/al
h2oʊm0əʊs2ɛkʃ0ʊ1æl0ət2i,h/om/os/ex/u/al/it/y
h0u1ɛv0əɹ,wh/o/ev/er
h1u,wh/o
h1ud0ə,h/ud/a
h1um,wh/om
h1uz,wh/ose
hw1aɪ,wh/y
hw1aɪl,wh/ile
hw1aɪt#h1ɛ0ə,wh/ite#h/ai/r
hw1aɪt#l2ɑk,wh/ite#l/ock
hw1ɛn,wh/en
hw1ɪskt,wh/isked
hw1ʌt,wh/at
hw1ɪtʃ,wh/ich
hw1ɛð0əɹ,wh/eth/er
hw1ɛ0ə,wh/er/e
hw1ɜɹl0ɪŋ,wh/irl/ing
hw2ʌt1ɛv0əɹ,wh/at/ev/er
hj1udʒ,h/uge
hj1um0ən,h/um/an
hj1um0ənz,h/um/ans
hj1um0ɔɹ,h/um/or
hj1um0əɹ0əs,h/um/or/ous
h0əb1ib0ɪ,h/ab/ib/i
h0əb1ɪtʃ0ʊ0əl,h/ab/it/u/al
h0əl1oʊ,h/ell/o
h0ɪms1ɛlf,h/ims/elf
h0ɪst1ɔɹ0ɪk0əl,h/ist/or/ic/al
h0əɹs1ɛlf,h/ers/elf
h0əɹz,h/ers
h0ɪɡ0ɪn#b1ɑθ0əm,h/igg/in#b/oth/am
h0ʊɹ1ɑ,h/urr/ah
h1ɛd,h/ead
h1ɛd2eɪk,h/ead/ache
h1ʌdl,h/uddle
h1ɛdz,h/ead's
h1ɛdɹ2ɛs,h/eaddr/ess
h1ɑfl0əɹ,h/ofl/er
h1ʌf0ɪ,h/uff/y
h1ʊk,h/ook
1ɪl#n0əs,/ill#n/ess
h1ɔl,h/all
h1ɪl,h/ill
h1ɛld,h/eld
h1ɛlp,h/elp
h1ɛlpf0əl,h/elpf/ul
h1ɛlθ,h/ealth
h1ɑl0ɪd2eɪ,h/ol/id/ay
h1ɛlθ0ɪ,h/ealth/y
h1ɑl0əʊ,h/oll/ow
h1ɛm,h/emme
h1ɪm,h/im
h1ʌm,h/umm
h1ʌmbl,h/umble
h1ʌmfɹ0ɪ,h/umfr/ey
h1ɛn,h/en
h1ɪnd0əɹ,h/ind/er
h1ʌndɹ0ɛd,h/undr/ed
h1ʌndɹ0ɛdz,h/undr/eds
h1ʌndɹ0ɛdθ,h/undr/edth
h1ɪndɹ0əns,h/indr/ance
h1ʌnt,h/unt
h1ɑps,h/ops
h1ɑsp2ɪt0əl,h/osp/it/al
h1ɪst0əɹ0ɪ,h/ist/or/y
h1ɪt,h/it
h1ɑt,h/ot
h1ʌt,h/ut
h1ɑtw2aɪ0əɹd,h/otw/i/red
h1ɛtɹ0ɪk,h/ettr/ick
h1ɛvn#l0ɪ,h/eaven#l/y
h1ɛvn,h/eaven
h1ɛv0ɪ,h/eav/y
h1ɛv0ən#l0ɪ,h/eav/en#l/y
h1ɛv0ən,h/eav/en
h1ɪz,h/is
h1ʌzb0ənd,h/usb/and
h1ɛz0ət2eɪt,h/es/it/ate
h1ɜɹ,h/er
h1ɛ0ə,h/ai/r
h1ɑɹb0əɹ,h/arb/or
h1ɑɹd#ʃ0ɪp,h/ard#sh/ip
h1ɑɹd,h/ard
h1ɜɹd,h/eard
h1ɑɹdl0ɪ,h/ardl/y
h1ɑɹdn,h/arden
h1ɑɹd0ən,h/ard/en
h1ʌŋk,h/unk
h1ɑɹm,h/arm
h1ɑɹmf0əl,h/armf/ul
h1ɑɹml0əs,h/arml/ess
h1ɔɹn,h/orn
h1ɜɹn0ɪ,h/urn/ey
h1ɑɹp0əɹz,h/arp/ers
h1ɔɹs,h/orse
h1ɔɹs0ɪz,h/ors/es
h1ɑɹt,h/eart
h1ɜɹt,h/urt
h1ɜɹtl0ɪŋ,hur/tl/ing
h1ɑɹv0əst,h/arv/est
h1ɛɹ0ɪ,h/air/y
h1ʌɡ0ɪ,h/ugh/ey
h1ɜɹ0ɪ,h/urr/y
h1ɛɹ0ɪs0ənz,h/arr/is/on's
h1ɛɹ0ɪt0ɪdʒ,h/er/it/age
h1ɜɹ0ɪŋ,h/eur/ing
h1ʌŋɡ0əɹ,h/ung/er
h1ʌŋɡɹ0ɪ,h/ungr/y
h2ɑn0əl1ul0uz,h/on/ol/ul/u's
h2ɛz0ət1eɪʃ0ən,h/es/it/at/ion
h2ɔɹ0əz1ɑnt0əl,h/or/iz/ont/al
h0əʊt1ɛl,h/ot/el
1ikw0ɔl,/equ/al
1ist,/east
1ist0əɹn,/east/ern
1it,/eat
1itʃ,/each
1it0ən,/eat/en
1ivn,/even
1ivn0ɪŋ,/even/ing
1iv0əl,/ev/il
1iz,/ease
1iz0ɪ,/eas/y
1iz0əl0ɪ,/eas/il/y
1ið0əɹ,/eith/er
1i0ə,/ea/r
1iɡ0əɹ,/eag/er
j1uɹ,y/ou're
j1ʊn0oʊ,/y'kn/ow
k0æmp1eɪn,c/amp/aign
k0æɹ1ɪ0ə,c/ar/ee/r
k1ælkj0əl2eɪt,c/alc/ul/ate
k1ælkj0əl2eɪt0əɹ,c/alc/ul/at/or
k1æl0əm2aɪnz,c/al/am/ine's
k1æmb0ɛl,c/ampb/ell
k1æmp,c/amp
k1æm0ɛɹ0ə,c/am/er/a
k1æn,c/an
k1ændl,c/andle
k1æns0əɹ,c/anc/er
k1ænt,c/an't
k1ænt,k/andt
k1æn0əd0ə,c/an/ad/a
k1æp,c/ap
k1æpt0ɛn,c/apt/ain
k1æp0ɪt0əl,c/ap/it/al
k1æsl,c/astle
k1æs0ɪs,k/ass/is
k1æt,c/at
k1ætl,c/attle
k1ætʃ,c/atch
k1aw0əɹd0əs,c/ow/ard/ice
k1æɹ0ækt0əɹ,ch/ar/act/er
k1æɹ0ɪ,c/arr/y
k2ælkj0ʊl1eɪʃ0ən,c/alc/ul/at/ion
k1aʊ,c/ow
k1aɪnd,k/ind
k1aɪndz,k/inds
k1aʊns0əl,c/ounc/il
k1aʊnt,c/ount
k1aʊnt0ɪ,c/ount/y
k1aʊnt0əɹ#f2ɪt0əɹz,c/ount/er#f/eit/ers
k1aʊn0əɹ#tʃ2ɑɹdʒ0ɪz,c/ount/er#ch/arg/es
k1aɪn0əɹ,k/in/er
k1eɪ,k/ay
k1eɪ,qu/ai
k1eɪdʒ,c/age
k1eɪk,c/ake
k1eɪm,c/ame
k1eɪnz,k/eynes
k1eɪp,c/ape
k1eɪs,c/ase
k1eɪs0ɪz,c/as/es
k1eɪv,c/ave
k1eɪz0əɹ,k/ays/er
k1i,k/ey
k1in,k/een
k1ip,k/eep
k1iz,k/ee's
kl1æs,cl/ass
kl1æsp,cl/asp
kl1æs0əf2aɪ,cl/ass/if/y
kl2æs0əf0ək1eɪʃ0ən,cl/ass/if/ic/at/ion
kl1aʊd,cl/oud
kl1aɪm,cl/imb
kl1aɪm0ət,cl/im/ate
kl1aɪ0ənt,cl/i/ent
kl1eɪ,cl/ay
kl1eɪm,cl/aim
kl1in,cl/ean
kl2iʃ1eɪd,cl/ich/ed
kl1oʊs,cl/ose
kl1oʊð,cl/othe
kl1oʊðz,cl/othes
kl1oʊð0ɪŋ,cl/oth/ing
kl1ʌb,cl/ub
kl1ɪf,cl/iff
kl1ɑk#w2ɜɹk,cl/ock#w/ork
kl1ɪk,cl/ick
kl1ɑk,cl/ock
kl1ʌk0ɪŋ,cl/uck/ing
kl1ɛv0əɹ,cl/ev/er
kl1ɔθ,cl/oth
kl1ɪ0ə,cl/ea/r
kl1ɜɹk,cl/erk
kl1ʌŋk0əɹz,cl/unk/ers
k1oʊb2ɔlt,c/ob/alt
k1oʊd,c/ode
k1oʊl,c/oal
k1oʊld,c/old
k1oʊlt,c/olt
k1oʊm,c/omb
k1oʊn,c/ohn
k1oʊn0ən,k/ohn/en
k1oʊst,c/oast
k1oʊt,c/oat
k2oʊ0əl1ɛs0ɪz,c/o/al/esc/es
k2oʊ0əl1ɪʃ0ənz,c/o/al/it/ions
k1ul,c/ool
k1ulz,c/ools
kw1aɪt,qu/ite
kw1aɪ0ɛt,qu/i/et
kw1eɪz0aɪ,qu/as/i
kw1in,qu/een
kw1ɪk#l0ɪ,qu/ick#l/y
kw1ɪk,qu/ick
kw1ɑl0əf2aɪ,qu/al/if/y
kw1ɑl0əf2aɪ0ɪŋ,qu/al/if/y/ing
kw1ɑl0ət0ɪ,qu/al/it/y
kw1ɑn,ku/an
kw1ɑnt0ət0ɪ,qu/ant/it/y
kw1ɛstʃ0ən,qu/est/ion
kw1ɛstʃ0ənz,qu/est/ions
kw1ɑs0ɪ,qu/as/i
kw1ɔɹt,qu/art
kw1ɔɹt0əɹ,qu/art/er
kw1ɔɹt0əɹb2æk,qu/art/erb/ack
kw1ɔɹ0əl,qu/arr/el
kw2ɑl0əf0ək1eɪʃ0ən,qu/al/if/ic/at/ion
kw2ɑl0ɪt1eɪt0ɪvl0ɪ,qu/al/it/at/ivel/y
kj1us0əʊ,c/us/o
kj1ʊ0ə,c/u/re
kj1ʊɹ0ɪ0əs,c/ur/i/ous
k0əl1ɛkt,c/oll/ect
k0əl1ɛkt0əɹ,c/oll/ect/or
k0əl1ɛkʃ0ən,c/oll/ect/ion
k0əl1ɑmb0ʌs,c/ol/umb/us
k0əl1ɑm0ət0əɹ,k/il/om/et/er
k0əl1ɪɡɹ0əf0ɪ,c/all/igr/aph/y
k0əm1ænd,c/omm/and
k0əmb1aɪn0əbl,c/omb/in/able
k0əmp1ænj0ənʃ2ɪp,c/omp/an/ionsh/ip
k0əmp1æn0ɪ0ən,c/omp/an/i/on
k0əmp1æʃ0ən,c/omp/ass/ion
k0əmp1it,c/omp/ete
k0əmpl1eɪn,c/ompl/ain
k0əmpl1eɪnt,c/ompl/aint
k0əmpl1it,c/ompl/ete
k0əmpl1itl0ɪ,c/ompl/etel/y
k0əmpl1iʃ0ən,c/ompl/et/ion
k0əmp1oʊz,c/omp/ose
k0əmpj1ut0əɹ,c/omp/ut/er
k0əmpj1ut0əɹz,c/omp/ut/ers
k0əmp1ɛt0ət0əɹ,c/omp/et/it/or
k0əmp1ɛ0ə,c/omp/a/re
k0əmp1ɛɹ0əs0ən,c/omp/ar/is/on
k0əmj1un0ət0ɪ,c/omm/un/it/y
k0əmj2un0ək1eɪʃ0ən,c/omm/un/ic/at/ion
k0əm1ɪt,c/omm/it
k0əm1ɪt0ɪ,c/omm/itt/ee
k0əm1ɪt0ɪd,c/omm/itt/ed
k0əm1ɪt0ɪŋ,c/omm/itt/ing
k0əm1ɪʃ0ən,c/omm/iss/ion
k0əm1ɜɹʃ0əl,c/omm/erc/ial
k0əm2ɛm0əɹ1eɪʃ0ən,c/omm/em/or/at/ion
k0ən1æl,c/an/al
k0ənd1ʌkts,c/ond/ucts
k0ənd1ɪʃ0ən,c/ond/it/ion
k0ənd1ɪʃ0ənz,c/ond/it/ions
k0ənd1ɪʃ0ən0əl0ɪ,c/ond/it/ion/all/y
k0ənfj1uz,c/onf/use
k0ənfj1uʒ0ən,c/onf/us/ion
k0ənf1ɛs,c/onf/ess
k0ənf1ɛʃ0ən,c/onf/ess/ion
k0ənk1ɑkʃ0ənz,c/onc/oct/ions
k0ənstɹ1ʌkʃ0ən,c/onstr/uct/ion
k0əns1ɪd0əɹ,c/ons/id/er
k0əns1ɪd0əɹd,c/ons/id/ered
k0əns1ɪst,c/ons/ist
k0əns1ɜɹn,c/onc/ern
k0əns1ɜɹn0ɪŋ,c/onc/ern/ing
k0əns2ɛps0ɪ1oʊn,c/onc/epc/i/on
k0ənt2æm0ən1eɪʃ0ən,c/ont/am/in/at/ion
k0ənt1eɪn,c/ont/ain
k0ənt1ɪnj0u,c/ont/in/ue
k0ənt1ɪnj0u0əs,c/ont/in/u/ous
k0əntɹ1oʊl,c/ontr/ol
k0əntɹ1oʊl0əɹz,c/ontr/oll/ers
k0ənv1in0ɪ0ɛns,c/onv/en/i/ence
k0ənv1in0ɪ0ɛnt,c/onv/en/i/ent
k0ən1ɛkt,c/onn/ect
k0ən1ɛkt0ɪd,c/onn/ect/ed
k0ən1ɛkʃ0ən,c/onn/ect/ion
k0ənɡɹ1ætʃ0əl2eɪt,c/ongr/at/ul/ate
k0ənɡɹ2ætʃ0əl1eɪʃ0ən,c/ongr/at/ul/at/ion
k0ɪs1ɪm0ɪ,k/iss/imm/ee
k0ɔɹn1ilj0ɪs,c/orn/el/ious
k0əɹt1eɪlm0ənts,c/urt/ailm/ents
k0əɹ1ɛkt,c/orr/ect
k0əɹ1ɪkj0əl2ɜɹ,c/urr/ic/ul/ar
k0əɹ1ɛkʃ0ən,c/orr/ect/ion
k0əɹ1ɪ0ə,c/ar/eer
k1ʌb0əɹd,c/upb/oard
k1ʊd,c/ould
k1ʌd,c/udd
k1ɪd,k/id
k1ɪdz,k/ids
k1ɑf,c/ough
k1ɑf0ɪ,c/off/ee
k1ʊk#b2ʊk,c/ook#b/ook
k1ʊk,c/ook
k1ɪk,k/ick
k1ɔl,c/all
k1ɪl,k/ill
k1ɔld,c/alled
k1ɪld,k/illed
k1ɪl2oʊ,k/il/o
k1ʌlt0əv2eɪt,c/ult/iv/ate
k1ʌlt0ɪv2eɪt0əɹ,c/ult/iv/at/or
k1ʌltʃ0əɹ,c/ult/ure
k1ɑl0ɪdʒ,c/oll/ege
k1ɑl0ən0ɪ,c/ol/on/y
k1ɑl0əɹ,c/oll/ar
k1ɑl0ɪɡ,c/oll/eague
k1ʌl0əɹ,c/ol/or
k1ʌl0əɹ,c/ol/our
k1ɪl0əɡɹ2æm,k/il/ogr/am
k1ɑl0əʊ,c/al/o
k1ɑm,c/alm
k1ʌm,c/ome
k1ɑmb0aɪn,c/omb/ine
k1ʌmf0ɪ,c/omf/y
k1ʌmf0əɹt,c/omf/ort
k1ʌmf0əɹt0əbl,c/omf/ort/able
k1ɛmp,k/empe
k1ɑmp0aʊnd,c/omp/ound
k1ɑmpl0ək2eɪt,c/ompl/ic/ate
k1ɑmpl0ək2eɪt0əd,c/ompl/ic/at/ed
k1ɑmpl0ɛks,c/ompl/ex
k1ʌmp0ən2i,c/omp/an/y
k1ʌmp0ən2iz,c/omp/an/ies
k1ɑmpɹ0ɛs0əz,c/ompr/ess/es
k1ʌmz,c/omes
k1ɑm0ə,c/omm/a
k1ɛm0ɪk0əl,ch/em/ic/al
k1ɑm0ən,c/omm/on
k1ɑm0ɛnt,c/omm/ent
k1ɛm0ɪstɹ0ɪ,ch/em/istr/y
k1ɑm0ɪz,c/omm/ies
k1ʌm0ɪŋ,c/om/ing
k1ɑm0əɹs,c/omm/erce
k1ɑnd0əkt,c/ond/uct
k1ɑnf0əd0ɛns,c/onf/id/ence
k1ɑnf0əd0ənt,c/onf/id/ent
k1ɑnf0əd2ɛns0ɪz,c/onf/id/enc/es
k1ɑnf0əɹ0əns,c/onf/er/ence
k1ɑnf0əɹ0ɛns,c/onf/er/ence
k1ɑnst2ɑɹ,c/onst/ar
k1ɑns0ən0ənt,c/ons/on/ant
k1ɑns0əɹt,c/onc/ert
k1ɑnt2ækt,c/ont/act
k1ɑnt0ɛnt,c/ont/ent
k1ɑnt0ɛnts,c/ont/ents
k1ɑntɹ0æst,c/ontr/ast
k1ɑntɹ2ækt,c/ontr/act
k1ʌntɹ0ɪ,c/ountr/y
k1ʌntɹ0ɪz,c/ountr/ies
k1ɪn0ə,k/yn/a
k1ɑnʃ0əns,c/onsc/ience
k1ɑnʃ0əs,c/onsc/ious
k1ʌp,c/up
k1ʌpl,c/ouple
k1ɑp0ɪ,c/op/y
k1ɑp0əɹ,c/opp/er
k1ɑp0əɹz,c/opp/er's
k1ɪs,k/iss
k1ɑst,c/ost
k1ɑsts,c/osts
k1ʌst0əm,c/ust/om
k1ʌst0əm0əɹ,c/ust/om/er
k1ʌst0əm0əɹz,c/ust/om/ers
k1ʌst0əm2ɛɹ0ɪ,c/ust/om/ar/y
k1ʌt,c/ut
k1ɑt0ədʒ,c/ott/age
k1ɑt0ɪdʒ0ɪz,c/ott/ag/es
k1ɑt0ən,c/ott/on
k1ʌt0ɪŋ,c/utt/ing
k1ɪtʃ0ən,k/itch/en
k1ʌv0əɹ,c/ov/er
k1ʌw0əɹd,c/ow/ard
k1ʌw0əɹdl0ɪ,c/ow/ardl/y
k1ɑz,c/ause
k1ɔzd,c/aused
k1ʌzn,c/ousin
k1ʌz0ən,c/ous/in
k1ɛɹ#f0əl,c/are#f/ul
k1ɑɹ#l0ɪ,c/ar#l/y
k1ɛɹ#l0ɛs,c/are#l/ess
k1ɑɹ,c/ar
k1ɪŋ,k/ing
k1ɛ0ə,c/a/re
k1ɔ0ɪ,c/augh/ey
k1ɑɹb0ən,c/arb/on
k1ɑɹd,c/ard
k1ɔɹd,c/ord
k1ɑɹdb2ɔɹd,c/ardb/oard
k1ɪŋd0əm,k/ingd/om
k1ɔɹk,c/ork
k1ɑŋkw0ɛst,c/onqu/est
k1ɑŋk0əɹ,c/onqu/er
k1ɑŋk0əɹ0əɹ,c/onqu/er/or
k1ɜɹl,c/url
k1ɑɹm0ən,c/arm/en
k1ɔɹn,c/orn
k1ɔɹn#kɹ2ɪb,c/orn#cr/ib
k1ɜɹnz,k/erns
k1ɔɹn0əɹ,c/orn/er
k1ɔɹps0əz,c/orps/es
k1ɔɹs,c/orse
k1ɔɹs,c/oarse
k1ɔɹs,c/ourse
k1ɜɹs,c/urse
k1ɑɹt,c/art
k1ɔɹt,c/ourt
k1ɜɹt0ɛn,c/urt/ain
k1ɜɹv,c/urve
k1ɑɹz,c/ars
k1ɛɹ0ɪ,c/arr/ey
k1ɛɹ0ədʒ,c/arr/iage
k1ʌɹ0ɛdʒ,c/ou/rage
k1ɛɹ0ɪkt0əɹ,ch/ar/act/er
k1ɔɹ0əlz,ch/or/als
k1ɑʃ0ən,c/aut/ion
k1ʊʃ0ən,c/ush/ion
k1ɜɹ0ənt,c/urr/ent
k1ʌɹ0ɛnt,c/urr/ent
k1ɜɹ0əntl0ɪ,c/urr/entl/y
k1ɔʃ0əs,c/aut/ious
k1ɛɹ0əv2ɛl,c/ar/av/elle
k2ʌlt0ɪv1eɪʃ0ən,c/ult/iv/at/ion
k2ɑmb0ən1eɪʃ0ən,c/omb/in/at/ion
k2ɑmpl0ək1eɪʃ0ən,c/ompl/ic/at/ion
k2ɑmp0ət1ɪʃ0ən,c/omp/et/it/ion
k2ɑmp0əz1ɪʃ0ən,c/omp/os/it/ion
k2ɑmpɹ0ɪh1ɛns0ɪv,c/ompr/eh/ens/ive
k2ɑnf0əd1ɛnʃ0əl,c/onf/id/ent/ial
k2ɑnst0ænt0ən1oʊpl,c/onst/ant/in/ople
k2ɑns0əlt1eɪʃ0ən,c/ons/ult/at/ion
k2ɑnv0əɹs1eɪʃ0ən,c/onv/ers/at/ion
k2ɑɹb0əʊh1aɪdɹ0əɪts,c/arb/oh/ydr/ates
k2ɔɹp0əɹ1eɪʃ0ənz,c/orp/or/at/ion's
kɹ1æk,cr/ack
kɹ1æʃ,cr/ash
kɹ0aɪt1ɪɹ0ɪ0ə,cr/it/er/i/a
kɹ1aɪ,cr/y
kɹ1aʊd,cr/owd
kɹ1aɪm,cr/ime
kɹ1aʊn,cr/own
kɹ1aɪst,chr/ist
kɹ1eɪz0ɪ,cr/az/y
kɹ1eɪz0ɪj0ɜɹ,cr/az/i/er
kɹ1im,cr/eam
kɹ1ip,cr/eep
kɹ1itʃ0əɹ,cr/eat/ure
kɹ1iʃn0ə,kr/ishn/a
kɹ1oʊk2ip0əɹz,cr/owk/eep/ers
kɹ1oʊl0ɪ,cr/ol/ey
kɹ1oʊn0ɪ2ɪz0əm,cr/on/y/is/m
kɹ1u0ɛl,cr/u/el
kɹ1u0ɛlt0ɪ,cr/u/elt/y
kɹ0ɪ1eɪt,cr/e/ate
kɹ0ɪ1eɪt0əd,cr/e/at/ed
kɹ0ɪ1eɪt0ɪv,cr/e/at/ive
kɹ0ɪ1eɪt0ɪŋ,cr/e/at/ing
k0əʊlm0əɪn1ɛɹ0əʊ,c/olm/en/er/o
k0əʊm1ɔɹ0ɪ,k/om/or/i
k0əʊm1ɪŋɡld,c/omm/ingled
k0əʊ1ɜɹs0ɪv,c/o/erc/ive
kɹ1ɛd0ət,cr/ed/it
kɹ1ɪk0ɛt,cr/ick/et
kɹ1ɔl,cr/all
kɹ1ɛl,kr/ell
kɹ1ɪm0ən0əl,cr/im/in/al
k1ɔɪn,c/oin
kɹ1ʌntʃ,cr/unch
kɹ1ɑp,cr/op
kɹ1ɔs,cr/oss
kɹ1ɪsm0əs,chr/istm/as
kɹ1ɪst0ɑf0ɜɹ,chr/ist/oph/er
kɹ1ɪstʃ0ən,chr/ist/ian
kɹ1ɪt0ɪk,cr/it/ic
kɹ1ɪt0ɪs2aɪz0ɪz,cr/it/ic/iz/es
kɹ1ʌʃ,cr/ush
l1æb,l/ab
l1æd0əɹ,l/add/er
l1æk,l/ack
l1æm,l/amb
l1æmd0ə,l/ambd/a
l1æmp,l/amp
l1ænd#l2ɔɹd,l/and#l/ord
l1ænd#sk2eɪp0ɪŋ,l/and#sc/ap/ing
l1ænd,l/and
l1æst,l/ast
l1æt0əɹ,l/att/er
l1æŋɡw0ədʒ,l/angu/age
l0aɪbɹ1ɛɹ2i0ən,l/ibr/ar/i/an
l1aɪ,l/ie
l1aɪbɹ0ɛɹ2i,l/ibr/ar/y
l1aʊd,l/oud
l1aɪf,l/ife
l1aɪk,l/ike
l1aɪkl0ɪ,l/ikel/y
l1aɪl,l/isle
l1aɪn,l/ine
l1aɪnz,l/ines
l1aʊn0əɹ,l/awn/er
l1aɪs0ɪŋ,l/eis/ing
l1aɪt,l/ight
l1aɪtl,l/ytle
l1aɪtn,l/ighten
l1aɪtn0ɪŋ,l/ightn/ing
l1aɪv,l/ive
l1aɪ0ən,l/i/on
l1aɪ0əɹ,l/i/ar
l1eɪ,l/ay
l1eɪb0əɹ,l/ab/or
l1eɪd0ɪ,l/ad/y
l1eɪk,l/ake
l1eɪm0ən,l/aym/en
l1eɪt#l0ɪ,l/ate#l/y
l1eɪt,l/ate
l1eɪt0əst,l/at/est
l1eɪt0əɹ,l/at/er
l1eɪz0ɪ,l/az/y
l1ib,l/eeb
l1id0əɹ#ʃ2ɪp,l/ead/er#sh/ip
l1id0əɹ,l/ead/er
l1id0ɪŋ,l/ead/ing
l1if,l/eaf
l1ik0əʊ,l/eec/o
l1in,l/ean
l1ist,l/east
l1it0əɹ,l/it/er
l1iv,l/eave
l1iɡ0əl,l/eg/al
l1ow0əɹ,l/ow/er
l1oʊ,l/ow
l1oʊd,l/oad
l1oʊf,l/oaf
l1oʊk2eɪt,l/oc/ate
l1oʊk2eɪt0əd,l/oc/at/ed
l1oʊk0əl,l/oc/al
l1oʊn#l0ɪ,l/one#l/y
l1oʊn,l/oan
l1us,l/oose
l1usn,l/oosen
l1uz,l/ose
l0əɹ1in0ə,l/ar/in/a
l1ɔ,l/aw
l1ɪb0əɹt2i,l/ib/ert/y
l1ɛd,l/ed
l1ɛd,l/ead
l1ɪd,l/id
l1ɛdl1oʊ,l/edl/ow
l1ɑdʒ,l/odge
l1ɑdʒ0ɪŋ,l/odg/ing
l1ɑdʒ0ɪŋz,l/odg/ings
l1ʌf,l/augh
l1ɛft,l/eft
l1ɪft,l/ift
l1ʌft0əɹ,l/aught/er
l1ɛf0əɹt,l/ef/ort
l1ɑk,l/ock
l1ʊk,l/ook
l1ʌk,l/uck
l1ʌk0i,l/uck/y
l1ʊks,l/ooks
l1ʊkt,l/ooked
l1ɪkw0ɪd,l/iqu/id
l1ʊk0ɪŋ,l/ook/ing
l1ɪm,l/imb
l1ʌmp,l/ump
l1ɪm0ət,l/im/it
l1ɪm0ət0əd,l/im/it/ed
l1ɛnd,l/end
l1ʌnd0ən,l/ond/on
l1ɔntʃ,l/aunch
l1ʌntʃ,l/unch
l1ɪp#st2ɪk,l/ip#st/ick
l1ɪp,l/ip
l1ɛs,l/ess
l1ɔs,l/oss
l1ɛsn,l/essen
l1ɛsn,l/esson
l1ɪsn,l/isten
l1ɪst,l/ist
l1ɔst,l/ost
l1ɪs0ɪ,l/iss/y
l1ɛs0ən,l/ess/on
l1ɛt,l/et
l1ɑt,l/ot
l1ɪtl,l/ittle
l1ɑts,l/ots
l1ɛt0əɹ,l/ett/er
l1ɪt0ɪɡ2eɪt0ɪd,l/it/ig/at/ed
l1ɪt0ɛɹ0əl0ɪ,l/it/er/all/y
l1ɪt0əɹ0ətʃ0əɹ,l/it/er/at/ure
l1ɪt0əɹ2ɛɹ0ɪ,l/it/er/ar/y
l1ʌv#l0ɪ,l/ove#l/y
l1ʌv,l/ove
l1ɪvd,l/ived
l1ɪvz,l/ives
l1ɛv0ɛl,l/ev/el
l1ɛv0əlz,l/ev/els
l1ɛv0ɛlz,l/ev/els
l1ɪv0ɪŋ,l/iv/ing
l1ɔj0əɹ,l/awy/er
l1ɛð0əɹ,l/eath/er
l1ɛɡ,l/eg
l1ɔɡ,l/og
l1ɔŋ,l/ong
l1ʌŋ,l/ung
l1ɔɹd,l/ord
l1ɑɹdʒ#l0ɪ,l/arge#l/y
l1ɑɹdʒ,l/arge
l1ɛŋg#θ,l/eng#th
l1ɪŋk,l/ink
l1ɪŋks,l/ink's
l1ɜɹn,l/earn
l1ɜɹnd,l/earned
l1ɜɹn0ɪŋ,l/earn/ing
l1ɑɹ0ə,l/ar/a
l1ɔɹ0əns,l/owr/ance
l1ɑŋɡl0ɪ,l/ongl/ey
l1ɛŋθn,l/engthen
l1ɛŋθ0ən,l/ength/en
l1ɔŋɡ0əɹ,l/ong/er
l2ɔŋ#d1ist0əns,l/ong#d/ist/ance
l0əʊk1eɪʃ0ən,l/oc/at/ion
l0əʊkw1eɪʃ0əs,l/oqu/ac/ious
l1ɔɪ0əl,l/oy/al
l1ɔɪ0əlt0ɪ,l/oy/alt/y
m1æd,m/ad
m1ædn,m/adden
m1ædʒ0ɪk,m/ag/ic
m1æm0əʊɡɹ2æm,m/amm/ogr/am
m1æn#k1aɪnd,m/an#k/ind
m1æn,m/an
m1ænd2eɪts,m/and/ates
m1ænd0əɹ0ənz,m/and/ar/ins
m1æn0ədʒ,m/an/age
m1æn0ədʒm0ənt,m/an/agem/ent
m1æn0ədʒ0əɹ,m/an/ag/er
m1æn0ɛdʒ0əɹ,m/an/ag/er
m1æn0ɪk,m/an/ic
m1æn0əɹ,m/ann/er
m1æp,m/ap
m1æs,m/ass
m1æst0əɹ,m/ast/er
m1æst0əɹb2eɪt0ɪŋ,m/ast/erb/at/ing
m1æt,m/at
m1ætʃ,m/atch
m1æt0əɹ,m/att/er
m1æɡn0əm,m/agn/um
m1æɹ0ɪ,m/arr/y
m1æɹ0ɪdʒ,m/arr/iage
m1æɡ0əz2in,m/ag/az/ine
m2æks0ɪm1ɪl0ɪ0ən,m/ax/im/il/i/an
m2ænj0əf1æktʃ0əɹ,m/an/uf/act/ure
m2æs0əd1oʊn0ɪ0ən,m/ac/ed/on/i/an
m1aɪ,m/y
m1aɪkɹ2oʊk0əmpj1ut0əɹz,m/icr/oc/omp/uter/s
m1aɪkɹ0əsk2oʊp,m/icr/osc/ope
m1aɪl,m/ile
m1aɪld,m/ild
m1aɪlz,m/iles
m1aɪn,m/ine
m1aɪnd,m/ind
m1aʊntn,m/ountain
m1aʊnt0ɛn,m/ount/ain
m1aɪnz,m/inds
m1aʊs,m/ouse
m1aɪt,m/ight
m1aʊθ,m/outh
m2aɪkɹ0əʊb0ɪ1ɑl0ədʒ0ɪsts,m/icr/ob/i/ol/og/ists
m2aɪs1ɛlf,m/ys/elf
m1eɪ,m/ay
m1eɪb0ɪ,m/ayb/e
m1eɪd,m/ade
m1eɪdʒ0əɹ,m/aj/or
m1eɪk,m/ake
m1eɪks,m/akes
m1eɪk0ɪŋ,m/ak/ing
m1eɪl,m/ale
m1eɪl,m/ail
m1eɪn,m/ain
m2eɪh1æɹ0ɪ,m/eh/arr/y
m1i,m/e
m1id0ɪ0ə,m/ed/i/a
m1id0ɪ0əm,m/ed/i/um
m1il,m/eal
m1il,m/iele
m1in#t2aɪm,m/ean#t/ime
m1in#w2aɪl,m/ean#wh/ile
m1in,m/ean
m1inz,m/eans
m1in0ɪŋ,m/ean/ing
m1it,m/eat
m1it,m/eet
m1it0əɹ,m/et/er
m1it0ɪŋ,m/eet/ing
m1it0əɹd,m/et/ered
m1oʊd0əɹ,m/od/er
m1oʊm0ənt,m/om/ent
m1oʊm0ənt2ɛɹ0ɪ,m/om/ent/ar/y
m1oʊnz,m/oans
m1oʊn0əs,m/on/us
m1oʊst,m/ost
m1oʊt0əɹ,m/ot/or
m1oʊʃ0ən,m/ot/ion
m2oʊh1ik0ənz,m/oh/ic/ans
m1un#l2aɪt,m/oon#l/ight
m1un,m/oon
m1uv,m/ove
m1uvd,m/oved
m1uvm0ənt,m/ovem/ent
m1uv0ɪ,m/ov/ie
m1uv0ɪŋ,m/ov/ing
m2udʒ0əh0ɛd1in,m/uj//ahed/een
mj0uz1ɪʃ0ən,m/us/ic/ian
mj1uz0ɪk,m/us/ic
mj1uz0ɪ0əm,m/us/e/um
mj2un0ɪs0əp1æl0ət0ɪ,m/un/ic/ip/al/it/y
mj2uz0ɪk1æl0ət0ɪ,m/us/ic/al/it/y
m0ɪ1ænd0əɹd,m/e/and/ered
m0ədʒ1ɪʃ0ən,m/ag/ic/ian
m0ʊh1ɑm0ɛdz,m/uh/am/ed's
m0ək#d1uɡ0əlz,m/c#d/oug/als
m0ɛk1æn0ɪk,m/ech/an/ic
m0ək1aʊ0ən,m/cc/ow/en
m0əkf1i,m/cf/ee
m0ək1i,m/ck/ey
m0əkn1il,m/acn/eill
m0ək1ɑn0əlz,m/cc/onn/ell's
m0ən1uv0əɹ0ɪŋz,m/an/euv/er/ings
m0ɪs#t1eɪts,m/is#st/ates
m0ɪst1eɪk,m/ist/ake
m0ɪst1ɪɹ0ɪ0əs,m/yst/er/i/ous
m0ət1i0əs,m/ath/i/as
m0ət1ɪɹ0ɪ0əl,m/at/er/i/al
m0ət1ɪɹ0ɪ0əlz,m/at/er/i/als
m0əʃ1in,m/ach/ine
m0əʃ1in0əɹ0ɪ,m/ach/in/er/y
m0ɔɹ1oʊv0əɹ,m/o/reov/er
m1ʌd,m/ud
m1ɪdl,m/iddle
m1ɛd0ək0əl,m/ed/ic/al
m1ɑd0ɛl,m/od/el
m1ɛd0əl0ɪŋ,m/edd/l/ing
m1ɑd0əst,m/od/est
m1ɑd0əst0ɪ,m/od/est/y
m1ɛd0əs0ən,m/ed/ic/ine
m1ɑd0əɹn,m/od/ern
m1ɑd0əɹ0ət,m/od/er/ate
m1ɑd0əɹ0əts,m/od/er/ates
m1ɪks,m/ix
m1ɪkstʃ0əɹ,m/ixt/ure
m1ɛks0ək0ən,m/ex/ic/an
m1ɛk0ən2ɪzm,m/ech/an/ism
m1ɛk0ən2ɪz0əm,m/ech/an/is/m
m1ɪl,m/ill
m1ɪlk,m/ilk
m1ɔlt,m/ault
m1ɛlt,m/elt
m1ʌlt0ɪpl,m/ult/iple
m1ʌlt0əpl,m/ult/ipl/e
m1ʌlt0əpl2aɪ,m/ult/ipl/y
m1ɪlj0ən#θ,m/ill/ion#th
m1ɪlj0ɪ0ən#θ,m/ill/i/on#th
m1ɪl0ət2ɛɹ0ɪ,m/il/it/ar/y
m1ɪl0ɪ0ən,m/ill/i/on
m1ɪl0ɪ0ənz,m/ill/i/ons
m1ɛmb0əɹ#ʃ2ɪp,m/emb/er#sh/ip
m1ɛmb0əɹ,m/emb/er
m1ɛmb0əɹz,m/emb/ers
m1ʌm0ɪf2aɪd,m/umm/if/ied
m1ɛm0əɹ0ɪ,m/em/or/y
m1ɛn,m/en
m1ɛnd,m/end
m1ɛnt0əl,m/ent/al
m1ʌnz,m/unns
m1ʌnθ#l0ɪ,m/onth#l/y
m1ʌnθ,m/onth
m1ɛn0ɪ,m/an/y
m1ʌn0ɪ,m/on/ey
m1ɪn0əst0əɹ,m/in/ist/er
m1ɪn0ət,m/in/ute
m1ɪn0əts,m/in/utes
m1ɪn0əɹ0əl,m/in/er/al
m1ʌnθs,m/onths
m1ɛnʃ0ən,m/ent/ion
m1ɪs,m/iss
m1ʌsl,m/uscle
m1ɪst,m/ist
m1ʌst,m/ust
m1ʌst2æŋ,m/ust/ang
m1ɑst0əl0əɹ,m/ost/ell/er
m1ɪst0əɹ0ɪ,m/yst/er/y
m1ɛs0ədʒ,m/ess/age
m1ɛs0ɪdʒ,m/ess/age
m1ʌs0əl,m/usc/l/e
m1ɛs0əndʒ0əɹ,m/ess/eng/er
m1ɛt,m/et
m1ʌtʃ,m/uch
m1ɛt0əl,m/et/al
m1ɛtɹ0ɪk,m/etr/ic
m1ɪz0əɹ0ɪ,m/is/er/y
m1ɪz0əɹ0əbl,m/is/er/able
m1ʌð0əɹ#h2ʊd,m/oth/er#h/ood
m1ʌð0əɹ#l0ɪ,m/oth/er#l/y
m1ʌð0əɹ,m/oth/er
m1ɔɹ,m/ore
m1ɪ0ə,m/er/e
m1ɜɹd0əɹ,m/urd/er
m1ɑɹdʒ0ənz,m/arg/ins
m1ɑɹk,m/ark
m1ʌŋk0ɪ,m/onk/ey
m1ɑɹk0ɛt,m/ark/et
m1ɑɹm0əɹ,m/arm/or
m1ɔɹn,m/ourn
m1ɔɹn0ɪŋ,m/orn/ing
m1ɜɹs0ɪ,m/erc/y
m1ɔɹts2ɑɹt,m/oz/art
m1ɑɹtʃ,m/arch
m1ɜɹtʃ0ənt,m/erch/ant
m1ɛɹ0ɪ,m/err/y
m1ɛθ0əd,m/eth/od
m1ɔɹ0əl,m/or/al
m1ɔɹ0əlz,m/or/als
m1ɪɹ0əsl0əv,m/ir/osl/av
m1ɛʒ0əɹ,m/eas/ure
m1ɪɹ0əɹ,m/irr/or
m2ɛd0ɪk1eɪʃ0ənz,m/ed/ic/at/ions
m2ɑd0əɹ1eɪʃ0ən,m/od/er/at/ion
m2ʌlt0aɪl1ɛv0ɛl,m/ult/il/ev/el
m2ʌlt0ɪf1ʌŋkʃ2ʌn0əl,m/ult/if/unct/ion/al
m2ʌlt0əpl0ək1eɪʃ0ən,m/ult/ipl/ic/at/ion
m2ɪs#0ɪnf0əɹm1eɪʃ0ən,m/is#/inf/orm/at/ion
m0əɪnt1eɪn,m/aint/ain
mɹ1ɑtʃk0ə,mr/oczk/a
n1æp,n/ap
n1æst0ɪ,n/ast/y
n1ætʃ0ʊɹ0əl,n/at/ur/al
n1ætʃ0əɹ0əl2aɪz0ɪŋ,n/at/ur/al/iz/ing
n1æv0əɡ2eɪt0ɪd,n/av/ig/at/ed
n1æʃn0əl2aɪzd,n/ation/al/ized
n1æʃ0ən0əl,n/at/ion/al
n2ætʃ0əɹ0əl1ɪst0ɪk,n/at/ur/al/ist/ic
n1aʊ,n/ow
n1aɪf,kn/ife
n1aɪl2ɑn,n/yl/on
n1aɪn#θ,n/in#th
n1aɪn,n/ine
n1aʊn,n/oun
n1aɪnt0i,n/inet/y
n1aɪnt0iz,n/inet/ies
n1aɪs,n/ice
n1aɪt#kl2ʌbz,n/ight#cl/ubs
n1aɪt#st2eɪdʒ,n/ight#st/age
n1aɪt,n/ight
n1aɪtɹ2eɪts,n/itr/ates
n1aʊ0əd2eɪz,n/ow/ad/ays
n1eɪb0əɹ#h2ʊd,n/eighb/or#h/ood
n1eɪb0əɹ,n/eighb/or
n1eɪb0əɹh2ʊd,n/eighb/orh/ood
n1eɪb0əɹz,n/ab/ors
n1eɪl,n/ail
n1eɪm,n/ame
n1eɪmd,n/amed
n1eɪt0ɪv,n/at/ive
n1eɪtʃ0əɹ,n/at/ure
n1eɪtʃ0əɹz,n/at/ures
n1eɪv0ɪ,n/av/y
n1eɪv0əl,n/av/al
n1eɪʃ0ən,n/at/ion
n1i,kn/ee
n1id,n/eed
n1idl,n/eedle
n1idz,n/eeds
n1id0əd,n/eed/ed
n1il,kn/eel
n1is,n/iece
n1it,n/eat
n1iz,n/eis
n1ið0əɹ,n/eith/er
n1oʊ,kn/ow
n1oʊ,n/o
n1oʊbl#m0ən,n/oble#m/an
n1oʊbl,n/oble
n1oʊb2ɑd2i,n/ob/od/y
n1oʊn,kn/own
n1oʊt#b2ʊk,n/ote#b/ook
n1oʊt,n/ote
n1oʊt0əs,n/ot/ice
n1oʊw2ɛɹ,n/owh/ere
n1oʊz,kn/ows
n1oʊz,n/ose
n1u,kn/ew
n1u,n/ew
n1uf0əɹ,n/uf/er
n1um0əɹ0əs,n/um/er/ous
n1un,n/oon
n1us0əns,n/uis/ance
n1uz#p2eɪp0əɹ,n/ews#p/ap/er
n1uz,n/ews
n1u0ədʒ,n/ew/edge
nj1um0ɛɹ0əs,n/um/er/ous
n0ən#ɹ0ɪk1ɜɹ0ɪŋ,n/on#r/ec/urr/ing
n0əs1ɛs0ət0ɪ,n/ec/ess/it/y
n0əɡl1ɛkt,n/egl/ect
n0ɪɡl1ɛkts,n/egl/ects
n1ɛd0əʊ,n/edd/o
n1ɛfj0u,n/eph/ew
n1ɑk,kn/ock
n1ɛk,n/eck
n1ɛkst,n/ext
n1ɑl0ədʒ,kn/owl/edge
n1ʌmb0əɹ,n/umb/er
n1ʌmb0əɹz,n/umb/ers
n1ɑn#f1ɑɹm,n/on#f/arm
n1ʌn,n/one
n1ɑns0ɛns,n/ons/ense
n1ɛp,kn/epp
n1ɛsl0əɹz,n/esl/er's
n1ɛst,n/est
n1ɛst0ɪd,n/est/ed
n1ɛs0əs2ɛɹ0ɪ,n/ec/ess/ar/y
n1ɛt#w2ɜɹk,n/et#w/ork
n1ɑt,kn/ot
n1ɛt,n/et
n1ɑt,n/ot
n1ʌt,n/ut
n1ʌts,n/uts
n1ɛv0əɹ,n/ev/er
n1ɔɹ,n/or
n1ɪ0ə,n/ea/r
n1ɑɹk0əʊs,n/arc/os
n1ɪɹl0ɪ,n/earl/y
n1ɔɹm0əl,n/orm/al
n1ɜɹs,n/urse
n1ɜɹs0əɹ0ɪ,n/urs/er/y
n1ɜɹv,n/erve
n1ɜɹv0əs,n/erv/ous
n1ɔɹð0əɹn,n/orth/ern
n1ɔɹθ,n/orth
n1ʊɹ0ən,n/eur/on
n1ʌθ0ɪŋ,n/oth/ing
n1ɛɹ0əʊ,n/arr/ow
n2ɪk0əɹ1ɑɡw0ənz,n/ic/ar/agu/ans
n2ʊɹ0əl1ɑdʒ0ɪk0əl,n/eur/ol/og/ic/al
n0əʊv1ɛmb0əɹ,n/ov/emb/er
n1ɔɪz,n/oise
1oʊ,/oh
1oʊ,/owe
1oʊk0ɪ,/oak/ey
1oʊld,/old
1oʊldf2ɑð0əɹ,/oldf/ath/er
1oʊn,/own
1oʊnl0ɪ,/onl/y
1oʊn0əɹ#ʃ2ɪp,/own/er#sh/ip
1oʊn0əɹ,/own/er
1oʊpn,/open
1oʊv0əɹ#fl2oʊ,/ov/er#fl/ow
1oʊv0əɹ#k2ʌm,/ov/er#c/ome
1oʊv0əɹ#t2ɜɹn0ɪŋ,/ov/er#t/urn/ing
1oʊv0əɹ#2ɔl,/ov/er#/all
1oʊv0əɹ#ɹ2ʌn0ɪŋ,/ov/er#r/unn/ing
1oʊv0əɹ,/ov/er
1oʊv0əɹs2iz,/over/s/ees
1oʊv0əɹstɹ1ɑm,/ov/erstr/om
1oʊv0əɹθɹ2oʊ,/ov/erthr/ow
1oʊz0əl,/oz/al
1oʊ0ən,/ow/en
1oʊ0ɪŋ,/ow/ing
1oʊʃ0ən,/oc/ean
2oʊd1ɑm0ət0əɹ,/od/om/eter/
2oʊk1eɪ,/ok/ay
2oʊld#f1æʃ0ənd,/old#f/ash/ioned
2oʊldf1æʃ0ənd,/old-f/ash/ioned
2oʊvj0əl1eɪʃ0ənz,/ov/ul/at/ions
2oʊv0əɹ#m2ɛd0ɪk1eɪʃ0ənz,/ov/er#m/ed/ic/at/ions
p1æd,p/ad
p1ædl2ɑks,p/adl/ocks
p1æk,p/ack
p1ækt,p/acked
p1æk0ədʒ,p/ack/age
p1æk0ɛt,p/ack/et
p1æl0əs,p/al/ace
p1æn,p/an
p1ænkɹ0ɛ0əs,p/ancr/e/as
p1æntʃ0əʊ,p/anch/o
p1ænθ0əɹz,p/anth/er's
p1æs,p/ass
p1æst,p/ast
p1æs0ɛdʒ,p/ass/age
p1æs0ɛndʒ0əɹ,p/ass/eng/er
p1æt0əɹn,p/att/ern
p1ætʃ0ɪ,p/atch/y
p1aw0əɹ#f0əl,p/ow/er#f/ul
p1aw0əɹ,p/ow/er
p1æθ,p/ath
p1æɹ0əl2ɛl,p/ar/all/el
p2æt0əɡ1oʊn0ɪ0ən,p/at/ag/on/i/an
p1aʊd0əɹ,p/owd/er
p1aɪl,p/ile
p1aɪl0ət,p/il/ot
p1aʊnd,p/ound
p1aɪnt,p/int
p1aɪp,p/ipe
p1aɪp0əɹz,p/ip/ers
p1aʊtʃ,p/ouch
p1eɪ,p/ay
p1eɪb2æk,p/ayb/ack
p1eɪdʒ,p/age
p1eɪl,p/ale
p1eɪm0ənt,p/aym/ent
p1eɪn#f0əl,p/ain#f/ul
p1eɪn,p/ain
p1eɪn,p/ayne
p1eɪnt,p/aint
p1eɪnt0ɪŋ,p/aint/ing
p1eɪp0əɹ,p/ap/er
p1eɪp0əɹb2æk,p/ap/erb/ack
p1eɪst,p/aste
p1eɪstɹ0ɪ,p/astr/y
p1eɪj0əɹz,p/ay/ers
p1eɪzl0ɪz,p/aisl/ey's
p1eɪʃ0əns,p/at/ience
p1eɪʃ0ənt,p/at/ient
p1eɪʃ0ənts,p/at/ients
p2eɪ1iz,p/ay/ee's
p2eɪtɹ0ɪ1ɑt0ɪk,p/atr/i/ot/ic
p1il,p/iel
p1ipl,p/eople
p1is#f0əl,p/eace#f/ul
p1is,p/eace
p1is,p/iece
p1is0əbl0ɪ,p/eac/eabl/y
p1itʃ0əɹ,p/each/er
pl1æn,pl/an
pl1ænt,pl/ant
pl1ænts,pl/ants
pl1ænz,pl/ans
pl1æn0ət,pl/an/et
pl1æn0ɪŋ,pl/ann/ing
pl1æst0ɪk,pl/ast/ic
pl1æst0əɹ,pl/ast/er
pl1aʊ,pl/ough
pl1aʊ,pl/ow
pl1eɪ,pl/ay
pl1eɪd,pl/ayed
pl1eɪn,pl/ane
pl1eɪn,pl/ain
pl1eɪs,pl/ace
pl1eɪs0ɪz,pl/ac/es
pl1eɪt,pl/ate
pl1eɪj0əɹ,pl/ay/er
pl1eɪj0əɹz,pl/ay/ers
pl1eɪɡ,pl/ague
pl1eɪ0əɹ,pl/ay/er
pl1eɪ0ɪŋ,pl/ay/ing
pl1eɪ0əɹz,pl/ay/ers
pl1iz,pl/ease
pl1izd,pl/eased
pl1ɛnt0ɪ,pl/ent/y
pl1ɛz0ənt,pl/eas/ant
pl1ʊɹ0əl,pl/ur/al
pl1ɛʒ0əɹ,pl/eas/ure
p1oʊl,p/ole
p1oʊl0əɹ,p/ol/ar
p1oʊl0əɹ2aɪzd,p/ol/ar/ized
p1oʊst,p/ost
p1oʊ0ɛm,p/o/em
p1oʊ0ɛt,p/o/et
p1oʊ0ɛtɹ0ɪ,p/o/etr/y
p1ul,p/ool
p1ul0əŋk,p/oul/enc
p1uz0əʊ,p/uz/o
p1uɹ,p/oor
pj1eɹ0ɪ0əd,p/er/i/od
pj1up0əl,p/up/il
pj1uz,p/ugh's
pj1ʊ0ə,p/u/re
p0ɪ1æn0əʊ,p/i/an/o
p0əkj1ulj0əɹ,p/ec/ul/iar
p0əl1aɪt,p/ol/ite
p0əl1is,p/ol/ice
p0əl1oʊm0ə,p/al/om/a
p0əl1ɪt0ək0əl,p/ol/it/ic/al
p0əl1ɪt0ɪk0əl0ɪ,p/ol/it/ic/all/y
p0ət1eɪt2oʊ,p/ot/at/o
p0ət1ɛnʃ0əl,p/ot/ent/ial
p0ət1ɛnʃ0əlz,p/ot/ent/ials
p0əz1ɛs,p/oss/ess
p0əz1ɛs0əɹ,p/oss/ess/or
p0əz1ɪʃ0ən,p/os/it/ion
p0əz1ɛʃ0ən,p/oss/ess/ion
p0əɹd1it0ə,p/erd/it/a
p0əɹf1ɛkt,p/erf/ect
p0əɹf1ɛkʃ0ən,p/erf/ect/ion
p0əɹf1ɔɹm,p/erf/orm
p0əɹf1ɔɹm0ə,p/erf/orm/a
p0əɹf1ɔɹm0əns,p/erf/orm/ance
p0ɜɹf1ɔɹm0əɹ,p/erf/orm/er
p0əɹh1æps,p/erh/aps
p0əɹm1ɪt,p/erm/it
p0əɹm1ɪʃ0ən,p/erm/iss/ion
p0əɹsw1eɪd,p/ers/uade
p0əɹsw1eɪʒ0ən,p/ers/uas/ion
p0əɹs1ɛnt,p/erc/ent
p0əɹt1ɪkj0ʊl0əɹ,p/art/ic/ul/ar
p1ɔ,p/aw
p1ʌbl0ɪk,p/ubl/ic
p1ʌbl0ɪʃ,p/ubl/ish
p1ʌbl0ɪʃt,p/ubl/ished
p1ɪdʒ0ən,p/ig/eon
p1ɪk,p/ick
p1ɪktʃ0əɹ,p/ict/ure
p1ɪktʃ0əɹz,p/ict/ures
p1ɪk0ɪ,p/ick/y
p1ɑk0ɛt,p/ock/et
p1ʊl,p/ull
p1ɑl0əs0ɪ,p/ol/ic/y
p1ɑl0ət2ɪks,p/ol/it/ics
p1ɑl0ɪʃ,p/ol/ish
p1ɪl0əɹd,p/ill/ared
p1ɪl0əɹ0ɪ,p/ill/or/y
p1ʌmp,p/ump
p1ɛn,p/en
p1ɪn,p/in
p1ɛns,p/ence
p1ɛns0əl,p/enc/il
p1ɪntʃ,p/inch
p1ɛn0ɪ,p/enn/y
p1ʌn0ɪʃ#m0ənt,p/un/ish#m/ent
p1ʌn0ɪʃ,p/un/ish
p1ɑpj0əl0əɹ,p/op/ul/ar
p1ɑpj0ʊl0əɹ,p/op/ul/ar
p1ɛp0əɹ,p/epp/er
p1ɑs0əbl,p/oss/ible
p1ɑs0əbl0ɪ,p/oss/ibl/y
p1ɛt,p/et
p1ɑt,p/ot
p1ʊt,p/ut
p1ɪt0ɪ,p/it/y
p1ʌt0ɪŋ,p/utt/ing
p1ɛtɹ0əʊl,p/etr/ol
p1ɑv0əɹt0ɪ,p/ov/ert/y
p1ɔz,p/ause
p1ʌzl,p/uzzle
p1ɑz0ət0ɪv,p/os/it/ive
p1ɜɹ,p/er
p1ɪɡ,p/ig
p1ɔɹ,p/our
p1ʊʃ,p/ush
p1ɛ0ə,p/ai/r
p1ɛ0əɹ0ɛnt,p/a/r/ent
p1ɑɹd0ən,p/ard/on
p1ɑɹk,p/ark
p1ɪŋk,p/ink
p1ʌŋktʃ0u0əl,p/unct/u/al
p1ɜɹl,p/earl
p1ɑɹl0əm0ɛnt,p/arl/iam/ent
p1ɜɹm0ən2ɛnt,p/erm/an/ent
p1ɜɹpl,p/urple
p1ɜɹp0əs,p/urp/ose
p1ɜɹs,p/eirce
p1ɪɡsk2ɪnz,p/igsk/ins
p1ɑɹsl,p/arcel
p1ɑɹs0əl,p/arc/el
p1ɜɹs0ən,p/ers/on
p1ɜɹs0ɪn0əl,p/ers/on/al
p1ɜɹs0ɪv0əl,p/erc/iv/al
p1ɑɹt,p/art
p1ɔɹt,p/ort
p1ɑɹtn0əɹ,p/artn/er
p1ɑɹts,p/arts
p1ɑɹt0ɪ,p/art/y
p1ɑɹt0əkl,p/art/icle
p1ɑɹt0ək0əl,p/art/ic/le
p1ɑɹt0ɪs2ɪpl,p/art/ic/iple
p1ɑɹt0ɪs2ɪplz,p/art/ic/iples
p1ɜɹtʃ0əs,p/urch/ase
p1ɪɹ0ən2iz,p/yr/en/ees
p1ɛɹ0ənts,p/a/rent's
p1ɛɹ0ɛnts,p/a/rents
p1ɪθ0ɪ0ə,p/yth/i/a
p1ɪɹ0ɪ0əd,p/er/i/od
p2ɑl2i1ʊɹ0əθ2eɪn,p/ol/y/u/reth/ane
p2ɑl0ət1ɪʃ0ən,p/ol/it/ic/ian
p2ɑpj0əl1æɹ0ɪt0ɪ,p/op/ul/ar/it/y
p2ɑpj0əl1eɪʃ0ən,p/op/ul/at/ion
p2ɑs0əb1ɪl0ət2i,p/oss/ib/il/it/y
p2ɑɹt1ɪkj0ʊl0əɹl0ɪ,p/art/ic/ul/arl/y
pɹ1ækt0ɪk0əl,pr/act/ic/al
pɹ1ækt0ɪs,pr/act/ice
pɹ1ækt0ɪst,pr/act/iced
pɹ1ækt0ɪs0ɪŋ,pr/act/ic/ing
pɹ1aɪ,pr/y
pɹ1aɪd,pr/ide
pɹ1aʊd,pr/oud
pɹ1aɪm2ɛɹ0ɪ,pr/im/ar/y
pɹ1aɪs,pr/ice
pɹ1aɪv0ət,pr/iv/ate
pɹ1aɪz,pr/ize
pɹ1eɪ,pr/ay
pɹ1eɪz,pr/aise
pɹ1ist,pr/iest
pɹ1itʃ,pr/each
pɹ1iv0ɪ0əs,pr/ev/i/ous
pɹ1oʊt0ɪ2eɪz,pr/ot/e/ase
pɹ1oʊt2ɛst0əɹ,pr/ot/est/er
pɹ1oʊɡɹ2æm,pr/ogr/am
pɹ1oʊɡɹ2æmz,pr/ogr/ams
pɹ1uf,pr/oof
pɹ1uv,pr/ove
pɹ1u0əɹ,pr/u/er
pɹ0əd1us,pr/od/uce
pɹ0ɪd1ɪks,pr/ed/icts
pɹ0əd1ʌkʃ0ən,pr/od/uct/ion
pɹ0əf1ɛs0əɹ,pr/of/ess/or
pɹ0əf1ɛs0əɹʃ2ɪp,pr/of/ess/orsh/ip
pɹ0əf1ɜɹ,pr/ef/er
pɹ0əf1ɛʃ0ən,pr/of/ess/ion
pɹ0əf1ɛʃ0ən0əl,pr/of/ess/ion/al
pɹ0əm1oʊt,pr/om/ote
pɹ0əm1oʊt0ɪŋ,pr/om/ot/ing
pɹ0ən1aʊns,pr/on/ounce
pɹ0əp1oʊz,pr/op/ose
pɹ0əp1oʊz0əl,pr/op/os/al
pɹ0ɪp1ɛ0ə,pr/ep/a/re
pɹ0ɪs1aɪs,pr/ec/ise
pɹ0əs1idz,pr/oc/eeds
p0əʊst#p1oʊn,p/ost#p/one
pɹ0əs1ɛʃ0ən,pr/oc/ess/ion
pɹ0ət1ɛkt,pr/ot/ect
pɹ0ət1ɛkt0ɪv,pr/ot/ect/ive
pɹ0ət1ɛkʃ0ən,pr/ot/ect/ion
pɹ0ɪt1ɛnd,pr/et/end
pɹ0ɪt1ɛns,pr/et/ense
pɹ0əv1aɪd,pr/ov/ide
pɹ0əv1aɪdz,pr/ov/ides
pɹ0əv1aɪd0əd,pr/ov/id/ed
pɹ0əv1aɪd0ɪŋ,pr/ov/id/ing
pɹ0ɪv1ɛnt,pr/ev/ent
pɹ0ɪv1ɛnt0ɪŋ,pr/ev/ent/ing
pɹ0ɪv1ɛnʃ0ən,pr/ev/ent/ion
pɹ0əv1ɪʒ0ən,pr/ov/is/ion
pɹ0əv1ɪʒ0ənz,pr/ov/is/ions
pɹ0əv1ɪʒ0ən0əl,pr/ov/is/ion/al
pɹ0əz1ɜɹv,pr/es/erve
pɹ0ɪ1ɑkj0əp2aɪz,pre#/occ/up/ies
pɹ1ɑbl0əm,pr/obl/em
pɹ1ɑbl0əmz,pr/obl/ems
pɹ1ɑb0əbl,pr/ob/able
pɹ1ɑb0əbl2i,pr/ob/abl/y
pɹ1ɑd0əkt,pr/od/uct
pɹ1ɑd0əkts,pr/od/ucts
pɹ1ɛdʒ0ʊd0ɪs,pr/ej/ud/ice
pɹ1ɑdʒ0ɛkt,pr/oj/ect
pɹ1ɑdʒ0ɛkts,pr/oj/ects
pɹ1ɑf0ət,pr/of/it
pɹ1ɛf0əɹ0əns,pr/ef/er/ence
pɹ1ɪk#l0ɪ,pr/ick#l/y
pɹ1ɑmpt,pr/ompt
pɹ1ɑm0əs,pr/om/ise
pɹ1ɑm0əst,pr/om/ised
pɹ1ɑm0əs0ɪŋ,pr/om/is/ing
pɹ1ɔn,pr/aun
pɹ1ɪns,pr/ince
pɹ1ɪns0əpl,pr/inc/iple
pɹ1ɪns0ɪz,pr/inc/e's
p1ɔɪnt,p/oint
pɹ1ɪnt,pr/int
p1ɔɪnts,p/oints
p1ɔɪnt0ɪd,p/oint/ed
pɹ1ɑp0əɹ,pr/op/er
pɹ1ɑp0əɹt0ɪ,pr/op/ert/y
pɹ1ɛs,pr/ess
pɹ1ɑs2ɛs,pr/oc/ess
pɹ1ɪt0ɪ,pr/ett/y
pɹ1ɑt0əʊ,pr/at/o
pɹ1ɛz0ɪd0ənt,pr/es/id/ent
p1ɔɪz0ən,p/ois/on
pɹ1ɪz0ən,pr/is/on
pɹ1ɛz0əns,pr/es/ence
pɹ1ɛz0ənt,pr/es/ent
p1ɔɪz0ən0əs,p/ois/on/ous
pɹ1ɪz0ən0əɹ,pr/is/on/er
pɹ1ɛ0ə,pr/ayer/
pɹ1ɛʃ0əs,pr/ec/ious
pɹ1ɛʃ0əɹ,pr/ess/ure
pɹ1ɑɡɹ2ɛs,pr/ogr/ess
pɹ2ɑb0əb1ɪl0ət2i,pr/ob/ab/il/it/y
pɹ2ɑf0ət1ɪɹ0ɪŋ,pr/of/it/eer/ing
pɹ2ɛp0əɹ1eɪʃ0ən,pr/ep/ar/at/ion
pɹ0əʊn2ʌns0ɪ1eɪʃ0ən,pr/on/unc/i/at/ion
s0æmp1i0ə,s/amp/er/e
s1æd,s/ad
s1ædl,s/addle
s1ædn,s/adden
s1ækɹ0əf2aɪs,s/acr/if/ice
s1æl0əɹ0ɪ,s/al/ar/y
s1æmpl,s/ample
s1æn,s/an
s1ænd,s/and
s1ænd0əl,s/and/al
s1æt0əsf2aɪ,s/at/isf/y
s1aw0əɹ,s/ou/r
s1æŋkʃ0ənz,s/anct/ions'
s1æɹ0əm,s/ar/um
s2æt0əsf1æktɹ0ɪ,s/at/isf/actor/y
s2æt0əsf1ækʃ0ən,s/at/isf/act/ion
s1aʊ,s/ow
s1aɪd#w2eɪz,s/ide#w/ays
s1aɪd,s/ide
s1aɪk,ps/ych
s1aɪk2aɪ0ətɹ0ɪst,ps/ych/i/atr/ist
s1aɪk0əl,c/yc/le
s1aɪk0əl0ɪst,c/yc/l/ist
s1aɪl0əns,s/il/ence
s1aɪl0ənt,s/il/ent
s1aɪl0əɹ,s/yl/er
s1aɪn,s/ign
s1aɪnd,s/igned
s1aʊnd,s/ound
s1aʊndz,s/ounds
s1aɪt,s/ight
s1aɪt,s/ite
s1aɪz,s/ize
s1aʊθ,s/outh
s1aɪ0ɛns,sc/i/ence
s1aɪ0ənt0ɪst,sc/i/ent/ist
s1aɪ0ɛnt0ɪsts,sc/i/ent/ist's
s1aɪ0ənt0ɪsts,sc/i/ent/ists
s2aɪk0ɪ1ætɹ0ɪk,ps/ych/i/atr/ic
s2aɪ0ənt1ɪf0ɪk,sc/i/ent/if/ic
s1eɪ,s/ay
s1eɪf,s/afe
s1eɪft0ɪ,s/afet/y
s1eɪk,s/ake
s1eɪkɹ0ɪd,s/acr/ed
s1eɪl,s/ale
s1eɪl,s/ail
s1eɪlz,s/ales
s1eɪlzm0ən,s/alesm/an
s1eɪl0əɹ,s/ail/or
s1eɪm,s/ame
s1eɪv,s/ave
s1eɪ0ɪŋ,s/ay/ing
sf1ɪɹ2ɔɪd,sph/er/oid
s1i,s/ea
s1i,s/ee
s1ib2ɛɹ0ɪ,s/eab/err/y
s1id,s/eed
s1ik,s/eek
s1ikɹ0əs0ɪ,s/ecr/ec/y
s1ikɹ0ət,s/ecr/et
s1il0ək2ænθ,c/oel/ac/anth
s1im,s/eem
s1imz,s/eems
s1in,sc/ene
s1in,s/een
s1in0əɹ0ɪ,sc/en/er/y
s1it,s/eat
s1iw2ʊlf,s/e/awolf
s1iz,s/eize
s1iz0ən,s/eas/on
s1i0ɪŋ,s/ee/ing
sk1æt0əɹ,sc/att/er
sk2ænd0ɪn1eɪv0ɪ0ən,sc/and/in/av/i/an
sk1aɪ,sk/y
sk1eɪl,sc/ale
skl2ɪɹ0əd1ɜɹm0ə,scl/er/od/erm/a
sk1oʊld,sc/old
sk1ul,sch/ool
sk1ulz,sch/ools
skw1ɔlz,squ/alls
skw1ɑnd0əɹ,squ/and/er
skw1ɛ0ə,squ/a/re
sk1ɛdʒ0ul,sch/ed/ule
sk1ɪl#f0əl,sk/ill#f/ul
sk1ɪl#n0əs,sk/ill#n/ess
sk1ɪl,sk/ill
sk1ʌl,sk/ull
sk1ʌlptʃ0əɹ0əl,sc/ulpt/ur/al
sk1ɪlz,sk/ills
sk1ɪn,sk/in
sk1ɔɹ,sc/ore
sk1ɛ0əɹ0i,sc/a/r/y
sk1ɔɹn,sc/orn
sk1ɛɹs,sc/arce
sk1ɜɹt,sk/irt
skɹ1ætʃ,scr/atch
skɹ1eɪp,scr/ape
skɹ1in,scr/een
skɹ1u,scr/ew
skɹ1ɪpts,scr/ipts
sl1æʃt,sl/ashed
sl1aɪd,sl/ide
sl1aɪt,sl/ight
sl1eɪv,sl/ave
sl1eɪv0əɹ0ɪ,sl/av/er/y
sl1ip,sl/eep
sl1ip0ɪŋ,sl/eep/ing
sl1oʊ,sl/ow
sl1oʊp,sl/ope
sl1uθs,sl/euths
sl1ɪp,sl/ip
sl1ɑp0ɪ0ɛst,sl/opp/i/est
sl1ɪp0əɹ0ɪ,sl/ipp/er/y
sm1aɪl,sm/ile
sm1oʊk,sm/oke
sm1uð,sm/ooth
sm1ɔl,sm/all
sm1ɛl,sm/ell
sm1ɪ0ə,sm/ea/r
sm1ɑɹt,sm/art
sn1aɪp0əɹz,sn/ip/ers'
sn1eɪk,sn/ake
sn1oʊ,sn/ow
sn1oʊz,sn/ows
sn1ɪft,sn/iffed
sn1ɑɹl0ɪŋ,sn/arl/ing
s1oʊ,s/ew
s1oʊ,s/o
s1oʊl,s/oul
s1oʊldʒ0əɹ,s/old/ier
s1oʊl0əɹ,s/ol/ar
s1oʊp,s/oap
s1oʊʃ0əl,s/oc/ial
sp1ænd,sp/anned
sp1aɪt,sp/ite
sp1eɪd,sp/ade
sp1eɪs#kɹ2æft,sp/ace#cr/aft
sp1eɪs,sp/ace
sp1id,sp/eed
sp1ik,sp/eak
sp1ik0ɜɹz,sp/eak/ers
sp1itʃ,sp/eech
sp1i0ə,sp/ea/re
sp1iʃ0ɪz,sp/ec/ies
spl1ɛnd0ɪd,spl/end/id
spl1ɪt,spl/it
sp1un,sp/oon
sp0əs1ɪf0ɪk,sp/ec/if/ic
sp1ɑ,sp/a
sp1ɛktɹ0əm,sp/ectr/um
sp1ɛkj0əl2eɪt0ɪŋ,sp/ec/ul/at/ing
sp1ɛl,sp/ell
sp1ɪl,sp/ill
sp1ɪn,sp/in
sp1ɛnd,sp/end
sp1ɛnt,sp/ent
sp1ɪt,sp/it
sp1ɑt,sp/ot
sp1ɔɹ,sp/aur
sp1ɛ0ə,sp/a/re
sp1ɪ0ə,sp/ea/r
sp1ɔɹt,sp/ort
sp1ɛʃ0əl,sp/ec/ial
sp1ɛʃ0əl0ɪst,sp/ec/ial/ist
sp1ɪɹ0ət,sp/ir/it
spɹ1ɛd,spr/ead
sp1ɔɪl,sp/oil
spɹ1ɪŋ,spr/ing
spɹ1ɪŋklz,spr/inkles
st1æf,st/aff
st1æmp,st/amp
st1ænd,st/and
st1ænd0ɪŋ,st/and/ing
st1ænd0əɹd,st/and/ard
st1ætʃ2uz,st/at/ues
st1aɪl,st/yle
st1eɪ,st/ay
st1eɪdʒ,st/age
st1eɪn,st/ain
st1eɪt,st/ate
st1eɪtm0ənt,st/atem/ent
st1eɪts,st/ates
st1eɪʃ0ən,st/at/ion
st1il#h2ɛd,st/eel#h/ead
st1il,st/eal
st1il,st/eel
st1im,st/eam
st1ip,st/eep
st1iv,st/eve
st1oʊn,st/one
st1oʊv,st/ove
st1udm0ən,st/udem/an
st1ud0ənt,st/ud/ent
st1ud0ənts,st/ud/ents
st1up0əd,st/up/id
st1u0ɪŋ,st/ew/ing
st1u0əɹts,st/u/arts
st1ɛd0ɪ,st/ead/y
st1ʌd0ɪ,st/ud/y
st1ʌd0ɪz,st/ud/ies
st1ɪf,st/iff
st1ʌf,st/uff
st1ɪf0ən,st/iff/en
st1ɪk,st/ick
st1ɑk,st/ock
st1ɪk0ɪ,st/ick/y
st1ɑk0ɪŋ,st/ock/ing
st1ɪl,st/ill
st1ɛm,st/em
st1ʌmb2ɔ,st/umb/augh
st1ʌm0ək,st/om/ach
st1ɛp,st/ep
st1ɑp,st/op
st1ɪtʃ,st/itch
st1ɜɹ#b0ɪns,st/er#b/enz
st1ɑɹ,st/ar
st1ɪŋ,st/ing
st1ɜɹ,st/ir
st1ɔɹ,st/ore
st1ɛ0ə,st/ai/r
st1ɪ0ə,st/eer/
st1ɔɹm,st/orm
st1ɑɹt,st/art
st1ɑɹts,st/arts
st1ɑɹt0əd,st/art/ed
st1ɑɹt0ɪŋ,st/art/ing
st1ɜɹz,stir/s
st1ɔɹ0ɪ,st/or/y
st1ɔɹ0ɪz,st/or/ies
st1ɜɹ0ɪŋz,st/irr/ings
stɹ1æp,str/ap
stɹ1æt0ədʒ0ɪ,str/at/eg/y
stɹ1æt0ɪdʒ0ɪst,str/at/eg/ist
stɹ1aɪk,str/ike
stɹ1aɪp,str/ipe
stɹ1aɪp0əɹz,str/ip/ers
stɹ1aɪvz,str/ives
stɹ1eɪndʒ,str/ange
stɹ1eɪndʒ0əɹ,str/ang/er
stɹ1eɪt,str/aight
stɹ1eɪtn,str/aighten
stɹ1im,str/eam
stɹ1it,str/eet
stɹ1oʊk,str/oke
stɹ1ɔ,str/aw
stɹ1ɪkt,str/ict
stɹ1ʌktʃ0əɹ,str/uct/ure
stɹ1ɪp,str/ip
stɹ1ɪp0ɪŋ,str/ipp/ing
stɹ1ɛtʃ,str/etch
stɹ1ɪŋ,str/ing
stɹ1ɔŋ,str/ong
stɹ1ɛŋg#θ,str/eng#th
stɹ1ʌɡl,str/uggle
stɹ1ɛŋθ0ən,str/ength/en
s1un,s/oon
s1up,s/oup
s1ut,s/uit
s1ut0əbl,s/uit/able
s1u0ɪs2aɪd,s/u/ic/ide
s2up0əɹ#st1ɪʃ0ənz,s/up/er#st/it/ions
sw1ip,sw/eep
sw1it,sw/eet
sw1itn,sw/eeten
sw1ɛl,sw/ell
sw1ɑl0əʊ,sw/all/ow
sw1ɪm,sw/im
sw1ɛt,sw/eat
sw1ɪŋ,sw/ing
sw1ɛ0ə,sw/ea/r
sw1ɔɹθ#m2ɔɹ,sw/arth#m/ore
sw1ɔɹθ2aʊt,sw/arth/out
s0əb#tɹ1ækt,s/ub#tr/act
s0əbdʒ1ɛkt,s/ubj/ect
s0ədʒ1ɛst,s/ugg/est
s0ədʒ1ɛstʃ0ən,s/ugg/est/ion
s0əf2ɪst0ək1eɪʃ0ən,s/oph/ist/ic/at/ion
s0əks1id,s/ucc/eed
s0əks1ɛs,s/ucc/ess
s0əks1ɛsf0əl,s/ucc/essf/ul
s0ɪkj1ʊɹ0ət0ɪ,s/ec/ur/it/y
s0əl1uʃ0ən,s/ol/ut/ion
s0əl1ɛkt,s/el/ect
s0ɪmpl1ɪs0ət0ɪ,s/impl/ic/it/y
s0əmt1aɪmz,s/omet/imes
s0əm1ɛnt,c/em/ent
s0ɪnkl1ɛ0ə,s/incl/ai/r
s0ɛns1eɪʃ0ən,s/ens/at/ion
s0ɪns1ɪ0ə,s/inc/er/e
s0əpl1aɪ,s/uppl/y
s0əp1oʊz,s/upp/ose
s0əp1oʊzd,s/upp/osed
s0ɛpt1ɛmb0əɹ,s/ept/emb/er
s0əp1ɔɹt,s/upp/ort
s0əsp1ɛkt,s/usp/ect
s0əsp1ɪʃ0ən,s/usp/ic/ion
s0əsp1ɪʃ0əs,s/usp/ic/ious
s0əv1ɪ0ə,s/ev/er/e
s0ɔw1ɑɹ,s/o/ir
s0əɹ1aʊnd,s/urr/ound
s0əɡn1ɪf0ɪk0ənt,s/ign/if/ic/ant
s0əɹpɹ1aɪz,s/urpr/ise
s0əɹ1ɔɹ0ət0ɪ,s/or/or/it/y
s1ɔ,s/aw
s1ʌb#st0əns,s/ub#st/ance
s1ɑb0ɪ0ə,s/ab/i/a
s1ɛd,s/aid
s1ʌd0ən,s/udd/en
s1ʌd0ənl0ɪ,s/udd/enl/y
s1ɑfn,s/often
s1ɔft#w2ɛɹ,s/oft#w/are
s1ɑft,s/oft
s1ɛf0əl0əp2ɑd,c/eph/al/op/od
s1ʌf0əɹ,s/uff/er
s1ʌf0ɜɹ0ɪŋ,s/uff/er/ing
s1ɪk,s/ick
s1ɑk,s/ock
s1ʌk,s/uck
s1ɪks#θ,s/ix#th
s1ɛks,s/ex
s1ɪks,s/ix
s1ɪkst0in,s/ixt/een
s1ɪkst0ɪz,s/ixt/ies
s1ɛk0ənd,s/ec/ond
s1ɛkʃ0u0əl,s/ex/u/al
s1ɛkʃ0ən,s/ect/ion
s1ɛkɹ0ət2ɛɹ0ɪ,s/ecr/et/ar/y
s1ɛl,c/ell
s1ɔl,s/aul
s1ɛl,s/ell
s1ɪl,s/il
s1ɛld0əm,s/eld/om
s1ɛlf,s/elf
s1ɛlf0ɪʃ,s/elf/ish
s1ɪlk,s/ilk
s1ɔlt,s/alt
s1ɑlv,s/olve
s1ɪlv0əɹ,s/ilv/er
s1ɛlz,c/ells
s1ɪl0ɪ,s/ill/y
s1ɑl0əd,s/ol/id
s1ɑl0əm,s/ol/emn
s1ʌm#b2ɑd0ɪ,s/ome#b/od/y
s1ʌm#h2aʊ,s/ome#h/ow
s1ʌm#t2aɪm,s/ome#t/ime
s1ʌm#w2ʌn,s/ome#/one
s1ʌm#w2ɛɹ,s/ome#wh/ere
s1ʌm#θ0ɪŋ,s/ome#th/ing
s1ʌm,s/ome
s1ʌm,s/um
s1ɪmpl,s/imple
s1ɪmpl0ɪ,s/impl/y
s1ɪmp0əθ0ɪ,s/ymp/ath/y
s1ɪm0ɪl0əɹ,s/im/il/ar
s1ʌm0əɹ#h2ɪl,s/umm/er#h/ill
s1ʌm0əɹ,s/umm/er
s1ʌn,s/on
s1ʌn,s/un
s1ɛnd,s/end
s1ɛns#l0ɛs,s/ense#l/ess
s1ɛns,s/ense
s1ɪns,s/ince
s1ɛns0ɪbl,s/ens/ible
s1ɛns0ɪt0ɪv,s/ens/it/ive
s1ɛnt,c/ent
s1ɛnt,sc/ent
s1ɛnt,s/ent
s1ɛnt0əm2it0əɹ,c/ent/im/et/er
s1ɛnt0əns,s/ent/ence
s1ɛnt0əɹ,c/ent/er
s1ɛnt0əɹ,c/entr/e
s1ɛntɹ0əl,c/entr/al
s1ɛntʃ0əɹ0ɪ,c/ent/ur/y
s1ɪn0əm0ə,c/in/em/a
s1ɪn0əɹdʒ0ɪ,c/in/erg/y
s1ʌp0əɹ,s/upp/er
s1ɛp0əɹ2eɪt,s/ep/ar/ate
s1ɔs,s/auce
s1ɪst0əm,s/yst/em
s1ɪst0əmz,s/yst/ems
s1ɪst0əɹ,s/ist/er
s1ɔs0əɹ,s/auc/er
s1ɛt,s/et
s1ɪt,s/it
s1ɑth2ɔf,s/aath/off
s1ɛtl,s/ettle
s1ʌtʃ,s/uch
s1ɪt0ɪ,c/it/y
s1ɪt0ɪz,c/it/ies
s1ɪt0əz0ən,c/it/iz/en
s1ɪt0ɪŋ,s/itt/ing
s1ɛvn#θ,s/even#th
s1ɛvn,s/even
s1ɪv0əl2aɪz,c/iv/il/ize
s1ɛvɹ0əl,s/ever/al
s1ɛz,s/ays
s1ɪz0əɹz,sc/iss/ors
s1ʌð0əɹn,s/outh/ern
s1ɜɹ#ɹ0ɪb0ət0əl,s/ur#r/eb/utt/al
s1ɪŋ,s/ing
s1ɜɹ,s/ir
s1ɔŋ,s/ong
s1ɔɹ,s/ore
s1ɔɹd,sw/ord
s1ɜɹf#b2ɔɹdz,s/urf#b/oards
s1ɜɹf0əs,s/urf/ace
s1ɪŋk,s/ink
s1ɜɹkj0ʊl0əɹ,c/irc/ul/ar
s1ɜɹk0əl,c/irc/le
s1ɜɹm0ə,s/urm/a
s1ɪɡn0əl,s/ign/al
s1ɪɡn0ətʃ0əɹ,s/ign/at/ure
s1ɔɹs,s/ource
s1ɔɹt,s/ort
s1ɔɹts,s/orts
s1ɜɹtʃ,s/earch
s1ɜɹt0ən,c/ert/ain
s1ɜɹt0ənl0ɪ,c/ert/ainl/y
s1ɜɹt0ənt0ɪ,c/ert/aint/y
s1ɜɹv,s/erve
s1ɜɹvd,s/erved
s1ɜɹv0ənt,s/erv/ant
s1ɜɹv0əs,s/erv/ice
s1ɜɹv0əs0əz,s/erv/ic/es
s1ɔŋz,s/ongs
s1ɑɹ0ɪ,s/orr/y
s1ɜɹ0ɪb0ət0əl,s/urr/eb/utt/al
s1ɛɹ0əd2eɪz,c/er/ed/ase
s1ɛɹ0əm2oʊn0ɪ,c/er/em/on/y
s1ɛʃ0ən,s/ess/ion
s1ɪɹ0ɪz,s/er/ies
s1ɪɹ0ɪ0əs,s/er/i/ous
s1ɪŋɡl,s/ingle
s1ɪŋɡj0ul0əɹ,s/ing/ul/ar
s1ɑɹ0əʊ,s/orr/ow
s2ʌb#z1ɪɹ0əʊ,s/ub#z/er/o
s2ɪm#p0əθ1ɛt0ɪk,s/ym#p/ath/et/ic
s2ɛm0ɪ1ænj0əw0əl,s/em/i/ann/u/al
s2ɪm0əl1æɹ0ɪt0ɪ,s/im/il/ar/it/y
s2ɪnd0ɪk1eɪʃ0ən,s/ynd/ic/at/ion
s2ɛnʃ2ʊ1æl0ət2i,s/ens/u/al/it/y
s2ɛp0əɹ1eɪʃ0ən,s/ep/ar/at/ion
s2ɪtʃ0u1eɪʃ0ən,s/it/u/at/ion
s2ɪv0əl0ɪz1eɪʃ0ən,c/iv/il/iz/at/ion
s2ɪɡ0əɹ1ɛt,c/ig/a/rette
s0əʊs1aɪ0ət0ɪ,s/oc/i/et/y
s1ɔɪl,s/oil
t1æks,t/ax
t1æks0ɪ,t/ax/i
t1æp,t/ap
t1æsk,t/ask
t1æt0əɹd,t/att/ered
t1aw0əɹ,t/ow/er
t1æɡ0əl2ɑɡ,t/ag/al/og
t1aɪ,t/ie
t1aɪ,t/ye
t1aɪd,t/ide
t1aɪd0ɪ,t/id/y
t1aɪm#t2eɪbl,t/ime#t/able
t1aɪm,t/ime
t1aɪmz,t/imes
t1aʊn,t/own
t1aʊn#h2aʊs0ɪz,t/own#h/ous/es
t1aɪn0ɪ,t/in/y
t1aɪp,t/ype
t1aɪps,t/ypes
t1aɪt,t/ight
t1aɪtl,t/itle
t1aɪtn,t/ighten
t1aʊ0əl,t/ow/el
t1aʊ0əl,t/ow/el
t1aɪ0əɹ,t/i/re
t1aɪɡ0əɹ,t/ig/er
t1eɪbl#t2ɑp,t/able#t/op
t1eɪbl,t/able
t1eɪk,t/ake
t1eɪkn,t/aken
t1eɪks,t/akes
t1eɪk0əɹ,t/ak/er
t1eɪk0ɪŋ,t/ak/ing
t1eɪl,t/ale
t1eɪl,t/ail
t1eɪl0əɹ,t/ail/or
t1eɪm,t/ame
t1eɪst,t/aste
t1i,t/ea
t1im,t/eam
t1itʃ,t/each
t1itʃ0əɹ,t/each/er
t1itʃ0əɹz,t/each/ers
t1oʊ,t/oe
t1oʊld,t/old
t1oʊm0ə,t/om/a
t1oʊt0əl,t/ot/al
t1oʊt0əl0ɪ,t/ot/all/y
t1u,t/o
t1u,t/oo
t1u,tw/o
t1ub,t/ube
t1ul,t/ool
t1ulz,t/ools
t1ul0ɪp,t/ul/ip
t1un,t/une
t1uθ,t/ooth
t2uθ1aʊz0ənd#t1ɛn,tw/oth/ous/and#t/en
tw1aɪl2aɪt,tw/il/ight
tw1aɪs,tw/ice
tw1ikt,tw/eaked
tw1ɛlvθ,tw/elvth
tw1ɛnt0ɪ,tw/ent/y
tw1ɪst,tw/ist
t0əb1æk2oʊ,t/ob/acc/o
t0əd1eɪ,t/od/ay
t0ɛkn1ɑl0ədʒ0ɪ,t/echn/ol/og/y
t0ɛkn1ɑl0ədʒ0ɪz,t/echn/ol/og/ies
t0əm1ɑɹ2oʊ,t/om/orr/ow
t0ən1aɪt,t/on/ight
t0əw1ɔɹd,t/ow/ard
t0əw1ɔɹdz,t/ow/ards
t0əɡ1æð0əɹ,t/og/eth/er
t0ɔɹt0ɔɹ1ɛl0ə,t/ort/o/rell/a
t0əɡ1ɛð0əɹ,t/og/eth/er
t1ɛd,t/ed
t1ʌf,t/ough
t1ɔk,t/alk
t1ʊk,t/ook
t1ɛkst,t/ext
t1ɔkt,t/alked
t1ɪk0ɛt,t/ick/et
t1ɔk0ɪŋ,t/alk/ing
t1ɪk0əɹ,t/ick/er
t1ɔl,t/all
t1ɛl,t/ell
t1ɪl,t/ill
t1ɛl0ɛf2oʊn,t/el/eph/one
t1ɛl0ɛv2ɪʒ0ən,t/el/ev/is/ion
t1ɛl0ɪŋ,t/ell/ing
t1ɑl0əɹ2eɪt,t/ol/er/ate
t1ɛl0əɡɹ2æf,t/el/egr/aph
t1ɪm,t/im
t1ɛmpl,t/emple
t1ɛmpt,t/empt
t1ɛmp0əɹ,t/emp/er
t1ɛmp0əɹ2ɛɹ0ɪ,t/emp/or/ar/y
t1ɛmpɹ0ətʃ0əɹ,t/emper/at/ure
t1ɛn,t/en
t1ɪn,t/in
t1ʌn,t/on
t1ɛnd,t/end
t1ɛnd0əns0ɪ,t/end/enc/y
t1ɛnd0əɹ,t/end/er
t1ɛns,t/ense
t1ɛnt,t/ent
t1ɛn0əs,t/enn/is
t1ɪp,t/ip
t1ɑp,t/op
t1ɪp0ək0əl,t/yp/ic/al
t1ɛst,t/est
t1ʌtʃ,t/ouch
t1ʌtʃt,t/ouched
t1ɛð0əɹ,t/eth/er
t1ʌŋ,t/ongue
t1ɛ0ə,t/ea/r
t1ʊ0ə,t/ou/r
t1ɔ0əl,t/aw/il
t1ɜɹb0əʊtʃ2ɑɹdʒ,t/urb/och/arge
t1ɜɹm,t/erm
t1ɜɹmz,t/erms
t1ɜɹn#t2eɪbl,t/urn#t/able
t1ɜɹn,t/urn
t1ɜɹnd,t/urned
t1ɜɹnz,t/urns
t1ɜɹn0ɜɹ,t/urn/er
t1ɛɹ0əbl,t/err/ible
t1ɛɹ0ɪf0aɪd,t/err/if/ied
t1ɪɹ0ən2aɪzd,t/yr/ann/ized
t1ɔɹ0ənt,t/orr/ent
t1ʊɹ0ɪst,t/ou/rist
t1ɛɹ0əɹ,t/err/or
t1ɑɹɡ0ət,t/arg/et
t2ɛmpɹ0əm1ɛnt0əl0ɪ,t/emper/am/ent/all/y
t2ɛtɹ0əh1idɹ0əl,t/etra#h/edr/al
tɹ0ænsf1ɜɹ,tr/ansf/er
tɹ0ænskɹ1aɪbz,tr/anscr/ibes
tɹ0ænsl1eɪt,tr/ansl/ate
tɹ0ænsl1eɪt0əɹ,tr/ansl/at/or
tɹ0ænsl1eɪʃ0ən,tr/ansl/at/ion
tɹ0ænsp1ɛɹ0ənt,tr/ansp/a/rent
tɹ0æns1ɛnd0ɪŋ,tr/ansc/end/ing
tɹ0ænz#ɡɹ1ɛs0əɹ,tr/ans#gr/ess/or
tɹ0ænzl1eɪt,tr/ansl/ate
tɹ0ænzl1eɪʃ0ən,tr/ansl/at/ion
tɹ1æf0ɪk,tr/aff/ic
tɹ1æk,tr/ack
tʃ1æl0əndʒ,ch/all/enge
tʃ1æmbl0ɪn,ch/ambl/in
tʃ1æmb0əɹ#l0ənd,ch/amb/er#l/and
tʃ1æns,ch/ance
tɹ1æns2ɛkʃ0ən,tr/ans/ect/ion
tɹ1æp,tr/ap
tɹ1æv0əl,tr/av/el
tɹ2ænz#k2ɑn0ɪn1ɛnt0əl,tr/ans#c/ont/in/ent/al
tʃ0aɪn1iz,ch/in/ese
tɹ1aɪ,tr/y
tɹ1aɪb,tr/ibe
tɹ1aɪd,tr/ied
tʃ1aɪld#h2ʊd,ch/ild#h/ood
tʃ1aɪld,ch/ild
tʃ1aɪn0ə,ch/in/a
tɹ1aʊz0əɹz,tr/ous/ers
tɹ1aɪ0əl,tr/i/al
tɹ1aɪ0ɪŋ,tr/y/ing
tɹ1eɪ,tr/ay
tɹ1eɪd,tr/ade
tʃ1eɪn,ch/ain
tɹ1eɪn,tr/ain
tʃ1eɪndʒ,ch/ange
tʃ1eɪndʒd,ch/anged
tʃ1eɪndʒ0ɪz,ch/ang/es
tʃ1eɪndʒ0ɪŋ,ch/ang/ing
tɹ1eɪn1iz,tr/ain/ees
tɹ1eɪn0ɪŋ,tr/ain/ing
tʃ1eɪs,ch/ase
tɹ1eɪt0əɹ0əs,tr/ait/or/ous
tɹ1i,tr/ee
tʃ1if,ch/ief
tʃ1ik,ch/eek
tʃ1ip,ch/eap
tʃ1it,ch/eat
tɹ1it,tr/eat
tɹ1itm0ənt,tr/eatm/ent
tʃ1iz,ch/eese
tɹ1iz,tr/ees
tʃ1u,ch/oo
tɹ1u,tr/ue
tʃ1uz,ch/oose
tɹ1uθ,tr/uth
tɹ0əd1ɪʃ0ən0əl,tr/ad/it/ion/al
tʃ1ɑ,ch/a
t1ɔɪ,t/oy
tɹ1ʌbl,tr/ouble
tɹ1ʌbl0ɪŋ,tr/oubl/ing
tɹ1ʌk#l2oʊdz,tr/uck#l/oads
tʃ1ɑk,ch/alk
tʃ1ɛk,ch/eck
tʃ1ɛk,ch/eque
tɹ1ɪk,tr/ick
tʃ1ɔkl0ɛt,ch/ocol/ate
tʃ1ɔkl0əts,ch/ocol/ates
tʃ1ɔk0əl0əts,ch/oc/ol/ates
tʃ1ɪk0ɛn,ch/ick/en
tʃ1ɪldɹ0ɛn,ch/ildr/en
tɹ1ɛmbl,tr/emble
tɹ1ɑmbl0ɪ,tr/ombl/y
tʃ1ɪmn0ɪ,ch/imn/ey
tʃ1ʌmp,ch/ump
tʃ1ɪn,ch/in
tɹ1ɪnt2ɛks,tr/int/ex
tʃ1ɛn0əw0ɛθ,ch/en/ow/eth
tɹ1ɪp,tr/ip
tɹ1ɑp0ɪk0əl,tr/op/ic/al
tʃ1ɛst,ch/est
tɹ1ʌst,tr/ust
tʃ1ɛst0əɹs0ən,ch/est/ers/on
tʃ1ɪɹ#f0əl,ch/eer#f/ul
tʃ1ɛɹ#p2ɜɹs0ən,ch/air#p/ers/on
tʃ1ɛ0ə,ch/ai/r
tʃ1ɪ0ə,ch/eer/
tʃ1ɑɹdʒ,ch/arge
tɹ1ʌŋk,tr/unk
tʃ1ɑɹm,ch/arm
tʃ1ɛɹm0ən,ch/airm/an
tʃ1ɜɹtʃ,ch/urch
tɹ1ɛʒ0əɹ,tr/eas/ure
tɹ1ɛʒ0əɹ0ɪ,tr/eas/ur/y
tʃ2ɛɹ0əm1ɪɹd0ənz,ch/er/um/ird/an's
tʃ1ɔɪs,ch/oice
v0æɹ1aɪ0ət0ɪ,v/ar/i/et/y
v1ækj0um,v/ac/uum
v1ælj0u,v/al/ue
v1ælj0əbl,v/al/uable
v1æl0ɪ,v/all/ey
v1æl0ɪn,v/al/in
v0aɪ1æɡɹ0ə,v/i/agr/a
v1aʊw0ɛl,v/ow/el
v1aɪ0ə,v/i/a
v1aɪ0əl0ɛns,v/i/ol/ence
v1aɪ0əl0ɛnt,v/i/ol/ent
v1eɪl,v/ale
v1eɪl,v/eil
v1eɪn,v/ain
v1ih0ɪk0əl,v/eh/ic/le
v1in0ə,v/in/a
v1oʊt,v/ote
vj1u,vi/ew
vj1u0əɹz,vi/ew/ers
v0əɹ1aɪ0ət0ɪ,v/ar/i/et/y
v1ɪd0ɪ0əʊ,v/id/e/o
v1ɛdʒt0əbl,v/eget/able
v1ɪkt0əɹ0ɪ,v/ict/or/y
v1ʌltʃ0əɹ,v/ult/ure
v1ɑlj0um,v/ol/ume
v1ɪl0ədʒ,v/ill/age
v1ɑl0ɪz,v/oll/eys
v1ɑn,v/an
v1ɪnt,v/int
v1ɛsl,v/essel
v1ɛs0əl,v/ess/el
v1ɪttʃ0æk,w/itcz/ak
v1ɪz0ɪt,v/is/it
v1ɪz0ɪts,v/is/its
v1ɪz0ɪt0əɹ,v/is/it/or
v1ɜɹb,v/erb
v1ɜɹs,v/erse
v1ɜɹtʃ0u,v/irt/ue
v1ɛɹ0ɪ,v/ar/y
v1ɛɹ0ɪ,v/er/y
v1ɪʒ0ən,v/is/ion
v1ɪʒ0əw0əl,v/is/u/al
v1ɛɹ0ɪ0əs,v/ar/i/ous
v1ɛɹ0əʊ,v/ar/o
v1ɜɹʒ0ən,v/ers/ion
v2ɑl0ənt1ɛɹ0əl0ɪ,v/ol/unt/ari#l/y
v1ɔɪs,v/oice
v1ɔɪ0ədʒ,v/oy/age
w1æks,w/ax
w1aɪ,wh/y
w1aɪd#spɹ1ɛd,w/ide#spr/ead
w1aɪd,w/ide
w1aɪdn,w/iden
w1aɪf,w/ife
w1aɪl,wh/ile
w1aɪld,w/ild
w1aɪn,w/ine
w1aɪnd,w/ind
w1aʊnd,w/ound
w1aɪp,w/ipe
w1aɪt#h1ɛ0ə,wh/ite#h/ai/r
w1aɪt,wh/ite
w1aɪtn,wh/iten
w1aɪvz,w/ives
w1aɪz#kɹ2æk0ɪŋ,w/ise#cr/ack/ing
w1aɪz,w/ise
w1aɪz0əɹ,w/is/or
w1aɪ0əɹ,w/i/re
w1eɪ,w/ay
w1eɪ,w/eigh
w1eɪdʒ,w/age
w1eɪdʒ0ɪz,w/ag/es
w1eɪk,w/ake
w1eɪst,w/aste
w1eɪst,w/aist
w1eɪt,w/ait
w1eɪt,w/eight
w1eɪt0ɪd,w/eight/ed
w1eɪt0əɹ,w/ait/er
w1eɪv,w/ave
w1eɪv0əɹ,w/aiv/er
w1eɪz,w/ays
w1i,w/e
w1id,w/eed
w1ik#d2eɪ,w/eek#d/ay
w1ik#l0ɪ,w/eek#l/y
w1ik,w/eak
w1ik,w/eek
w1ikn,w/eaken
w1iks,w/eeks
w1ik2ɛnd,w/eek/end
w1il,wh/eel
w1in,w/ean
w1it,wh/eat
w1iv,w/eave
w1oʊl,w/oehl
w0ɛn1ɛv0əɹ,wh/en/ev/er
w0ɪtʃ#1ɛv0əɹ,wh/ich#/ev/er
w0ɪð1ɪn,w/ith/in
w0ɛ0əɹ1ɛv0əɹ,wh/e/r/ev/er
w0ɪθ1aʊt,w/ith/out
w1ɛb,w/eb
w1ɛbs2aɪt,w/ebs/ite
w1ʊd,w/ood
w1ʊd,w/ould
w1ʊdn,w/ooden
w1ɪdθ,w/idth
w1ɑd0ɪd,w/add/ed
w1ʊd0ən,w/ood/en
w1ɛd0ɪŋ,w/edd/ing
w1ɪd0əʊ,w/id/ow
w1ɪd0əʊ0əɹ,w/id/ow/er
w1ɪf,wh/iff
w1ɔk,w/alk
w1ɪk0ɪd,w/ick/ed
w1ɔk0ɪŋ,w/alk/ing
w1ɔl,w/all
w1ɛl,w/ell
w1ɪl,w/ill
w1ʊl,w/ool
w1ʊlfs,w/olfe's
w1ɛlk0əm,w/elc/ome
w1ʊln,w/oolen
w1ɔlt0ɜɹz,w/alt/ers
w1ɛlθ,w/ealth
w1ʊl0ən,w/ool/en
w1ɪl0ɪŋ,w/ill/ing
w1ʊm0ən,w/om/an
w1ɪm0ən,w/om/en
w1ʌn#m1æn,/one#m/an
w1ʌn,/one
w1ɛn,wh/en
w1ɪn,w/in
w1ʌn,w/on
w1ɪnd,w/ind
w1ɑnd0ə,w/ond/a
w1ɑnd0əɹ,w/and/er
w1ʌnd0əɹ,w/ond/er
w1ʌnd0əɹf0əl,w/ond/erf/ul
w1ɪnd0əʊ,w/ind/ow
w1ʌns,/once
w1ɑnt,w/ant
w1ɛnt,w/ent
w1ɑnts,w/ants
w1ɔnt0ɪd,w/ant/ed
w1ɪnt0əɹ,w/int/er
w1ʌnz,/one's
w1ʌnz,/ones
w1ɪp,wh/ip
w1ɛp0ən,w/eap/on
w1ɪsl,wh/istle
w1ɪsp0əɹ,wh/isp/er
w1ɛst,w/est
w1ɛst0əɹn,w/est/ern
w1ɛt,w/et
w1ʌt,wh/at
w1ɪtn0əs,w/itn/ess
w1ɑtʃ,w/atch
w1ɪtʃ,wh/ich
w1ɪt0ək0əɹ,wh/it/eak/er
w1ɔt0əɹ,w/at/er
w1ɑtʃ0ɪŋ,w/atch/ing
w1ɑz,w/as
w1ɪzd0əm,w/isd/om
w1ɑznt,w/asn't
w1ɪð,w/ith
w1ɛð0əɹ,w/eath/er
w1ɛð0əɹ,wh/eth/er
w1ɔɹ,w/ar
w1ɑʃ,w/ash
w1ɜɹ,w/ere
w1ɪŋ,w/ing
w1ɪʃ,w/ish
w1ɔɹ,w/ore
w1ɪ0ə,w/e'r/e
w1ɛ0ə,w/ea/r
w1ɛ0ə,wh/er/e
w1ɔɹd,w/ard
w1ɪɹd,w/eird
w1ɜɹd,w/ord
w1ɜɹdz,w/ords
w1ɪɹd0əst,w/eird/est
w1ɜɹk#ɡɹ2up,w/ork#gr/oup
w1ɜɹk,w/ork
w1ɜɹks,w/orks
w1ɜɹkt,w/orked
w1ɜɹk0əɹ,w/ork/er
w1ɜɹk0ɪŋ,w/ork/ing
w1ɜɹk0əɹz,w/ork/ers
w1ɜɹld,w/orld
w1ɛɹl0ɪ,w/ehrl/y
w1ɔɹm#θ,w/arm#th
w1ɔɹm,w/arm
w1ɜɹm,w/orm
w1ɔɹn,w/arn
w1ɜɹs,w/orse
w1ɜɹst,w/orst
w1ɑʃt,w/ashed
w1ɜɹð0ɪ,w/orth/y
w1ɜɹθ,w/orth
w1ɔɹ0ɪ,w/orr/y
w1ɔɹ0ənt#l0ɛs,w/arr/ant#l/ess
w1ɑʃ0ɪŋt0ən,w/ash/ingt/on
w1ɜɹʃ0əp,w/orsh/ip
w2ʌn#s1ɛlf,/one#s/elf
w2ʌt1ɛv0əɹ,wh/at/ev/er
j1æ,ye/ah
j1ild,y/ield
j1oʊkt,y/oked
j1oʊ0əl,y/ough/al
j0un1aɪt0əd,/un/it/ed
j0un1ik,/un/ique
j1u,y/ou
j1un2aɪt,/un/ite
j1unj0ən,/un/ion
j1un0əf2ɔɹm,/un/if/orm
j1un0ət,/un/it
j1un0ət0ɪ,/un/it/y
j1un0ɪv2ɜɹs,/un/iv/erse
j1un0ɪ0ən,/un/i/on
j1us#f0əl,/use#f/ul
j1us#l0ɛs,/use#l/ess
j1us,/use
j1us0əz,/us/es
j1uzd,/used
j1uz0əɹ,/us/er
j1uz0ɪŋ,/us/ing
j1uz0əɹz,/us/ers
j1uθ,y/outh
j1u0əl,/ew/ell
j1uʒ0uw0əl,/us/u/al
j1uʒ0əw0əl0ɪ,/us/u/all/y
j2un0əv1ɜɹs0əl,/un/iv/ers/al
j2un0əv1ɜɹs0ət0ɪ,/un/iv/ers/it/y
j0ʊɹs1ɛlf,y/ours/elf
j1ɛl,y/ell
j1ɛl0əʊ,y/ell/ow
j1ɛs,y/es
j1ɛst0əɹ#d2eɪ,y/est/er#d/ay
j1ɛt,y/et
j1ɑt0ɪŋz,y/acht/ing's
j1ɪj0əɹz,y/e/ars
j1ʌŋ,y/oung
j1ʊ0ə,y/ou/r
j1ɪ0əɹ,y/e/ar
j1ɑɹd,y/ard
j1ɔɹk,y/ork
j1ɪɹl0ɪ,y/earl/y
j1ʊɹz,y/ours
j1ʊɹ0ɪ,y/ou/ri
j1ʊɹ0əp,/eur/ope
j2ʊɹ0əp1i0ən,/eur/op/e/an
z1æɹ0ə,z/ar/ah
z2aɪpɹ1ɛks0ə,z/ypr/ex/a
z1i0æd,z/i/ad
z1iɹ0əʊ,z/er/o
z1ɑm,z/alm
z1ɪns0əɹ,z/ins/er
ð1æn,th/an
ð1æt,th/at
ð1æts,th/at's
ð1eɪ,th/ey
ð1eɪl,th/ey'll
ð1eɪɹ,th/ey're
ð1iz,th/ese
ð1oʊ,th/ough
ð1oʊz,th/ose
ð0ə,th/e
ð0ɛms1ɛlvz,th/ems/elves
ð1ɛm,th/em
ð1ɛn,th/en
ð1ɪs,th/is
ð1ʌs,th/us
ð1ɛ0ə,th/er/e
ð1ɛ0ə,th/eir/
ð1ɛ0əf2ɔɹ,th/er/ef/ore
ð1ɛɹf2ɔɹ,th/eref/ore
ð1ɛɹz,th/ere's
ð1ɛɹz,th/eirs
0ə,/a
0əb1aʊt,/ab/out
0əbdʒ1ɛkt0əɹz,/obj/ect/ors
0əbdʒ1ɛkʃ0ən,/obj/ect/ion
0əbt1eɪn,/obt/ain
0əbz1ɜɹv,/obs/erve
0əb1ɪl0ət2i,/ab/il/it/y
0əb1ɪs,/ab/yss
0əb1ʌv,/ab/ove
0əbɹ1ɔd,/abr/oad
0ədm1ɪt,/adm/it
0ədm1ɪt0əns,/adm/itt/ance
0ədv1æns,/adv/ance
0əd1ʌlt,/ad/ult
0əd1ɑpt,/ad/opt
0əd1ɑpʃ0ən,/ad/opt/ion
0əd1ɔɹ0ə,/ad/or/a
0əd1ɪʃ0ən,/add/it/ion
0əd1ɪʃ0ən0əl,/add/it/ion/al
0əf1ɛkt,/aff/ect
0ɪf1ɛkt,/eff/ect
0ɪf1ɛkts,/eff/ects
0ɪf1ɛkt0ɪv,/eff/ect/ive
0əf1ɛnd,/off/end
0əf1ɛns,/off/ense
0əf1ɛns0ɪv,/off/ens/ive
0əf1ɛ0ə,/aff/ai/r
0əf1ɔɹd,/aff/ord
0əf1ɪʃ0əl,/off/ic/ial
0ɪf1ɪʃ0əns0ɪ,/eff/ic/ienc/y
0ɪf1ɪʃ0ənt,/eff/ic/ient
0əfɹ1eɪd,/afr/aid
0əh1ɛd,//ahead
0ək1aʊnt,/acc/ount
0ək1eɪʒ0ən,/occ/as/ion
0əkl1ɑk,/o'cl/ock
0ɪks#pl1oʊd,/ex#pl/ode
0ɪks#pl1oʊs0ɪv,/ex#pl/os/ive
0ɪks#pl1oʊʒ0ən,/ex#pl/os/ion
0ɪks1aɪt,/exc/ite
0ɪks1aɪt0ɪd,/exc/it/ed
0ɪks1aɪt0ɪŋ,/exc/it/ing
0ɪkskl1uʒ0ənz,/excl/us/ions
0ɪkskj1us,/exc/use
0ɪkspl1eɪn,/expl/ain
0ɪkspl1eɪnd,/expl/ained
0ɪkspl1ɔɹ,/expl/ore
0ɪksp1ɛkt,/exp/ect
0ɪksp1ɛkt0əd,/exp/ect/ed
0ɪksp1ɛns,/exp/ense
0ɪksp1ɛns0ɪv,/exp/ens/ive
0ɪksp1ɛɹ0ɪm0ənt,/exp/er/im/ent
0ɪksp1ɪɹ0ɪ0əns,/exp/er/i/ence
0ɪksp1ɪɹ0ɪ0əns0ɪz,/exp/er/i/enc/es
0ɪkspɹ1ɛs,/expr/ess
0ɪkspɹ1ɛʃ0ən,/expr/ess/ion
0ɪkst1ɛnd,/ext/end
0ɪkst1ɛns0ɪv,/ext/ens/ive
0ɪkst1ɛnt,/ext/ent
0ɪkst1ɛnʃ0ən,/ext/ens/ion
0ɪkst1ɪŋɡw0ɪʃ0əɹz,/ext/ingu/ish/ers
0ɪkstʃ1eɪndʒ,/exch/ange
0ɪkstɹ1im,/extr/eme
0ɪkstɹ1iml0ɪ,/extr/emel/y
0ɪks1ɛpt,/exc/ept
0ɪks1ɛpʃ0ən,/exc/ept/ion
0ɪks1ɛs0ɪv,/exc/ess/ive
0əks1ɛʃ0ən,/acc/ess/ion
0əkt1oʊb0əɹ,/oct/ob/er
0ɪkw1ɑl0ət0ɪ,/equ/al/it/y
0ɪkw1ɪpm0ənt,/equ/ipm/ent
0ɪkw1ɪps,/equ/ips
0əkj1uz,/acc/use
0ək1ʌlt,/occ/ult
0ɪk1ɑn0əm0ɪ,/ec/on/om/y
0ək1ʌst0əm,/acc/ust/om
0ək1ɜɹ,/occ/ur
0ək1ɔɹd,/acc/ord
0ək1ɔɹd0ɪd,/acc/ord/ed
0ək1ɔɹd0əns,/acc/ord/ance
0ək1ɔɹd0ɪŋ,/acc/ord/ing
0əkɹ1ɔs,/acr/oss
0ɪl1æst0ɪk,/el/ast/ic
0əl1aʊ,/all/ow
0əl1aʊd,/all/owed
0əl1aʊd,/al/oud
0əl1aɪk,/al/ike
0əl1aɪv,/al/ive
0əl1aʊz,/all/ows
0əl1aʊ0əns,/all/ow/ance
0əl1oʊn,/al/one
0əl1oʊŋɡ0ɪ,/al/ong/i
0ɪl0ɛktɹ1ɪʃ0ən,/el/ectr/ic/ian
0ɪl1ɛkt,/el/ect
0ɪl1ɛktɹ0ɪk,/el/ectr/ic
0ɪl1ɛkʃ0ən,/el/ect/ion
0əl1ɔŋ,/al/ong
0ɪl2ɛktɹ1ɪs0ət0ɪ,/el/ectr/ic/it/y
0ɔlɹ1ɛd0ɪ,/alr/ead/y
0ɪm#b1æl0əns,/im#b/al/ance
0əm1aʊnt,/am/ount
0ɪm1eɪl,/em/ail
0əm1eɪz0ɪŋ,/am/az/ing
0ɛmpl1ɔɪ,/empl/oy
0ɛmpl1ɔɪm0ənt,/empl/oym/ent
0ɛmpl1ɔɪ0ɪ,/empl/oy/ee
0ɛmpl1ɔɪ0əɹ,/empl/oy/er
0əmj1uz#m0ɛnt,/am/use#m/ent
0əmj1uz,/am/use
0əmj1uz0ɪŋ,/am/us/ing
0əm1ʌŋ,/am/ong
0əm1ʌŋst,/am/ongst
0əm1ɛɹ0ɪk0ə,/am/er/ic/a
0əm1ɛɹ0ɪk0ən,/am/er/ic/an
0ən#b1ʊk,/un#b/ook
0ən#b1ɛɹ0əbl,/un#b/ear/abl/e
0ən#d1u,/un#d/o
0ən#1iv0ənl0ɪ,/un#/ev/enl/y
0ɛn#k1æps0əl2eɪt,/en#c/aps/ul/ate
0ən#pɹ1ɪns0əpld,/un#pr/inc/ipled
0ən#s1aɪnd,/un#s/igned
0ən#st1eɪdʒ,/on#st/age
0ən#s1ʌtl,/un#s/ubtle
0ɪn,/in
0ɛn1ækt#m0ənt,/en/act#m/ent
0ən1aʊns,/ann/ounce
0ənd,/and
0ənd0əɹ#k1æp0ət0əl2aɪz,/und/er#c/ap/it/al/ize
0ɛn1eɪbl,/en/able
0ɛnf1ɔɹs0əbl,/enf/orc/eable
0ɪnkl1oʊz,/encl/ose
0ɛnk1ɜɹ0ɪdʒm0ənt,/enc/ou/ragem/ent
0ənl1ɛs,/unl/ess
0ɪnt1aɪ0əɹ,/ent/i/re
0ənt1ɪl,/unt/il
0ɪnv1aɪɹ0ən#m0ənt,/env/ir/on#m/ent
0ɪnv2aɪɹ0ənm1ɛnt0əl,/env/ir/onm/ent/al
0ənv1ɛɹ0ɪf2aɪd,/unv/er/if/ied
0ɪn1ʌf,/en/ough
0ən1ʌð0əɹ,/an/oth/er
0ən1ɔɪ,/ann/oy
0ɛnʃ1ʊ0ə,/ens/ure
0ɛnʃ1ʊ0ə,/ens/u/re
0ən1ɔɪ0əns,/ann/oy/ance
0əp#st1ɛɹz,/up#st/airs
0əp#s1ɛt,/up#s/et
0əp#ɹ1aɪt,/up#r/ight
0əpd1eɪt,/upd/ate
0əpl1aɪ,/appl/y
0əpl1ɔd,/appl/aud
0əpl1ɔz,/appl/ause
0əp1oʊn0ənt,/opp/on/ent
0əp1oʊz,/opp/ose
0əp1ɑl0ədʒ2i,/ap/ol/og/y
0əp1ɑn,/up/on
0əp1ɪnj0ən,/op/in/ion
0əp1ɪn0ɪ0ən,/op/in/i/on
0əp1ɪ0ə,/app/ea/r
0əp1ɪ0əɹ0əns,/app/e/ar/ance
0əp1ɑɹt,/ap/art
0əpɹ1oʊtʃ,/appr/oach
0əpɹ1uv,/appr/ove
0əpɹ1uv0əl,/appr/ov/al
0əp1ɔɪnt,/app/oint
0əs1aɪd,/as/ide
0ɪsk1eɪp,/esc/ape
0əsl1ip,/asl/eep
0əs1oʊs0ɪ2eɪt0əd,/ass/oc/i/at/ed
0əs1oʊs0ɪ0ət,/ass/oc/i/ate
0əs2oʊs0ɪ1eɪʃ0ən,/ass/oc/i/at/ion
0əsp1ɛʃ0əl0ɪ,/esp/ec/iall/y
0ɪst1æbl0ɪʃ,/est/abl/ish
0ɪst1æbl0ɪʃm0ənt,/est/abl/ishm/ent
0ɪst1æbl0ɪʃt,/est/abl/ished
0əst1ɑn0ɪʃ,/ast/on/ish
0ɔstɹ1eɪlj0ən,/austr/al/ian
0əs1ɛmbl,/ass/emble
0əs1ɛmblz,/ass/embles
0ɛs1ɛnʃ0əl,/ess/ent/ial
0ɛs1ɛnʃ0əl0ɪ,/ess/ent/iall/y
0əs1ɪst0əd,/ass/ist/ed
0ət1æk,/att/ack
0ət1ɛmpt,/att/empt
0ət1ɛnd,/att/end
0ət1ɛnd0əns,/att/end/ance
0ət1ɛnd0ɪŋ,/att/end/ing
0ət1ɛnt0ɪv,/att/ent/ive
0ət1ɛnʃ0ən,/att/ent/ion
0ɪt1ɜɹn0əl0ɪ,/et/ern/all/y
0ətɹ1ækt,/attr/act
0ətɹ1ækt0ɪv,/attr/act/ive
0ətɹ1ækt0ɪŋ,/attr/act/ing
0ətɹ1ækʃ0ən,/attr/act/ion
0ətʃ1iv,/ach/ieve
0ətʃ0ɪlt#ɹ1i,/och/el#tr/ee
0ɪv1æp0əɹ2eɪt0əɹ,/ev/ap/or/at/or
0ɪv1eɪdz,/ev/ades
0əv1eɪl0əbl,/av/ail/able
0ɪv1ɑlvz,/ev/olves
0ɪv1ɛnt,/ev/ent
0ɪv1ɛnts,/ev/ents
0ɪv1ɛntʃ0əw0əl0ɪ,/ev/ent/u/all/y
0əv1ɔɪd,/av/oid
0əv1ɔɪd0əns,/av/oid/ance
0əw1eɪ,/aw/ay
0əw1eɪk,/aw/ake
0əw1ɔɹd,/aw/ard
0əɹ1aʊnd,/ar/ound
0əɹ1aɪv,/arr/ive
0əɹ1aɪv0əl,/arr/iv/al
0əɹ1aɪz,/ar/ise
0əɹ1aɪz0ɪz,/ar/is/es
0əʃ1eɪmd,/ash/amed
0əɹ1eɪndʒ#m0ɛnt,/arr/ange#m/ent
0əɹ1eɪndʒ,/arr/ange
0əɡ1oʊ,/ag/o
0əɹt1ɪkj0əl2eɪt,/art/ic/ul/ate
0ɪɡz1ækt,/ex/act
0ɪɡz1æktl0ɪ,/ex/actl/y
0ɪɡz1æmpl,/ex/ample
0ɪɡz1æmplz,/ex/amples
0ɪɡz1æm0ɪn,/ex/am/ine
0ɪɡz2æm0ən1eɪʃ0ən,/ex/am/in/at/ion
0ɪɡz1ɪst,/ex/ist
0ɛɡz1ɪst0əns,/ex/ist/ence
0əɹ0ɛk1iɡ0ə,/a/rech/ig/a
0əɹ1ɑb0əɪ,/ar/ab/e
0əɹ1ɪdʒ0ən0əl,/or/ig/in/al
0əɹ1ɪdʒ0ɪn0əl,/or/ig/in/al
0əɡ1ɛn,/ag/ain
0əɡ1ɛnst,/ag/ainst
0əɹ1ɛst,/arr/est
0əθ1ɔɹ0ət0ɪ,/auth/or/it/y
0əɡɹ1i,/agr/ee
0əɡɹ1im0ənt,/agr/eem/ent
0ɔɹθ1ɑɡɹ0əf0ɪ,/orth/ogr/aph/y
1ʌ,/uh
1ɑbdʒ0ɛkt,/obj/ect
1ɑbdʒ0ɛkts,/obj/ects
1ɑbv0ɪ2eɪt0əd,/obv/i/at/ed
1ɑbv0ɪ0əsl0ɪ,/obv/i/ousl/y
1ɑb0əʊz,/ab/o's
1ɑd,/odd
1ɛdʒ,/edge
1ɑd0ɛst,/odd/est
1ɑd0ɪ0əns,/aud/i/ence
1ɛdʒ0ək2eɪt,/ed/uc/ate
1ɛdʒ0ək2eɪt0əɹ,/ed/uc/at/or
1ɪf,/if
1ɔf,/off
1ɔfn,/often
1ɔft0ən,/oft/en
1ɔf0əs,/off/ice
1ɔf0əs0ɪz,/off/ic/es
1ɔf0əs0əɹ,/off/ic/er
1ɔf0əɹ,/off/er
1ɛf0əɹt,/eff/ort
1ɔf0əɹz,/off/ers
1ɛkstɹ0ə,/extr/a
1ɑks0ədʒ0ɛn,/ox/yg/en
1ɛks0əl0əns,/exc/ell/ence
1ɛks0əl0ənt,/exc/ell/ent
1ɛks0əɹs2aɪz,/ex/erc/ise
1ɛks2ɛs,/exc/ess
1ɔkw0əɹd,/awkw/ard
1ɛk0ɪn#ɹ0ɔθ,/eck/en#r/oth
1ɔl#bɹ2aɪts,/al#br/ight's
1ɔl,/all
1ɪl,/ill
1ɛlb2oʊ,/elb/ow
1ɛld0əɹ,/eld/er
1ɔlm2oʊst,/alm/ost
1ɛls#w2ɛɹ,/else#wh/ere
1ɛls,/else
1ɛls0ən,/els/on
1ɔls0əʊ,/als/o
1ɔlw2eɪz,/alw/ays
1ɛl0əf0ənt,/el/eph/ant
1ɛl0əm0ənt,/el/em/ent
1ʌmbɹ2ɛl0ə,/umbr/ell/a
1ɛmp0aɪ0əɹ,/emp/i/re
1ɛmpt0ɪ,/empt/y
1ɛmt0ɪ,/empt/y
1ɪm0ədʒ,/im/age
1ɪm0ədʒ0əz,/im/ag/es
1ɑm0ən,/am/an
1ɪm0ət2eɪt,/im/it/ate
1ɪn#d2ɔɹ,/in#d/oor
1ɪn#d2ɔɹz,/in#d/oors
1ɛn#f0əɹ,/en#f/or
1ɛn#tɹ0əl,/en#tr/ail
1ɪn#w0ɜɹdz,/in#w/ards
1ɪn,/inn
1ɑn,/on
1ɛnd#l0ɛs,/end#l/ess
1ɛnd,/end
1ɪnd0ək2eɪt,/ind/ic/ate
1ɪnd0əstɹ0ɪ,/ind/ustr/y
1ʌnd0əɹ,/und/er
1ɪnd0ɪ0ə,/ind/i/a
1ɛndʒ0ən,/eng/ine
1ɛndʒ0ən1ɪ0ə,/eng/in/eer/
1ɪndʒ0əɹz,/inj/ures
1ɪnfl0u0əns,/infl/u/ence
1ɪnk2ʌm,/inc/ome
1ɔnl2aɪn,/onl/ine
1ɪnst0ənt,/inst/ant
1ɪnstɹ0ʊm0ənt,/instr/um/ent
1ɪns2ɛkt,/ins/ect
1ɪns2ɛns,/inc/ense
1ɪnt0u,/int/o
1ɑnt0u,/ont/o
1ɪntʃ,/inch
1ɪnt0əɹ#f2eɪs,/int/er#f/ace
1ɛnt0əɹ,/ent/er
1ɪnt0əɹn2ɛt,/int/ern/et
1ɪnt0əɹvj2u,/int/ervi/ew
1ɪnt0əɹ2ɛst,/int/er/est
1ɪnt0əɹ2ɛst0ɪd,/int/er/est/ed
1ɪnt0əɹ2ɛst0ɪŋ,/int/er/est/ing
1ɛntɹ0əns,/entr/ance
1ɛnv0ɪ,/env/y
1ɛnv0əl2oʊp,/env/el/ope
1ɪnw0əɹd,/inw/ard
1ʌnj0ən,/on/ion
1ɛn0ɪ,/an/y
1ɛn0ɪb0əd0ɪ,/an/yb/od/y
1ɛn0ɪh2aʊ,/an/yh/ow
1ɛn0əm0ɪ,/en/em/y
1ɑn0əst,h/on/est
1ɑn0əst0ɪ,h/on/est/y
1ɛn0ɪw2eɪ,/an/yw/ay
1ɛn0ɪw2ʌn,/an/y/one
1ɛn0ɪw2ɛɹ,/an/ywh/ere
1ɑn0əɹ,h/on/or
1ɪn0əɹ,/inn/er
1ʌn0ɪ0ən,/on/i/on
1ɛn0əɹdʒ0ɪ,/en/erg/y
1ɑn0əɹ0əbl,h/on/or/able
1ɛn0ɪθ2ɪŋ,/an/yth/ing
1ɪn0əɡɹ2eɪt,/int/egr/ate
1ʌp#s1aɪd,/up#s/ide
1ʌp,/up
1ɑpt,/opt
1ɑp0ɪk,/op/ic
1ɛp0ɪs2oʊd,/ep/is/ode
1ɛp0ɪs2oʊdz,/ep/is/odes
1ɑp0əz0ɪt,/opp/os/ite
1ʌp0əɹ#m2oʊst,/upp/er#m/ost
1ʌp0əɹ,/upp/er
1ɑp0əɹ2eɪt,/op/er/ate
1ɑp0əɹ2eɪt0əɹ,/op/er/at/or
1ɑpʃ0ən,/opt/ion
1ɑpʃ0ənz,/opt/ions
1ʌs,/us
1ɪsl2ɑm,/isl/am
1ɔspɹ0ɪ,/ospr/ey
1ɔst,/aust
1ɑst0əɹ#t0əɡ,/ost/er#t/ag
1ɛs0əns,/ess/ence
1ɪt,/it
1ɔt,/ought
1ɪts,/it's
1ɪts,/its
1ɔt0əm,/aut/umn
1ʌv,/of
1ɛv0əd0əns,/ev/id/ence
1ɛv0əɹ,/ev/er
1ɛv0əɹ0ɪdʒ,/ev/er/age
1ɛv0əɹ2ɪdʒ,/ev/er/idge
1ɛvɹ0ɪ,/ever/y
1ɛvɹ0ɪb2ɑd0ɪ,/ever/yb/od/y
1ɛvɹ0ɪd1eɪ,/ever/yd/ay
1ɛvɹ0ɪw2ʌn,/ever/y/one
1ɛvɹ0ɪw2ʌnz,/ever/y/one's
1ɛvɹ0ɪw2ɛɹ,/ever/ywh/ere
1ɛvɹ0ɪθ2ɪŋ,/ever/yth/ing
1ɪz,/is
1ʌð0əɹ#w2aɪz,/oth/er#w/ise
1ʌð0əɹ,/oth/er
1ʌð0əɹz,/oth/ers
1ɛɹ#f0ɔɹs,/air#f/orce
1ɛɹ#kɹ2æft,/air#cr/aft
1ɛɡ#pl2ænt,/egg#pl/ant
1ɛɹ#pl2eɪn,/air#pl/ane
1ɛɹ#p2ɔɹt,/air#p/ort
1ɛŋ#ɡ0ənd0əɹz,/en#g/end/ers
1ɑɹ,/are
1ɛɡ,/egg
1ɔɹ,/or
1ɔɹ,/oar
1ɛ0ə,/ai/r
1ɛ0əp2aw0əɹ,/ai/rp/ow/er
1ɜɹdʒ,/urge
1ɔɹd0ən2ɛɹ0ɪ,/ord/in/ar/y
1ɔɹd0əɹ,/ord/er
1ɜɹdʒ0ənt,/urg/ent
1ɪŋk,/ink
1ʌŋk0əl,/unc/le
1ɜɹl0ɪ,/earl/y
1ʌɡl0ɪ,/ugl/y
1ɜɹl0ɪ0əɹ,/earl/i/er
1ɑɹm,/arm
1ɑɹmz,/arms
1ɑɹm0ɪ,/arm/y
1ɑɹm0əɹ,/arm/or
1ɜɹn,/earn
1ɔɹn0əm0ənt,/orn/am/ent
1ɜɹn0ɪst,/earn/est
1ɜɹn0əɹ,/earn/er
1ɜɹs0ən,/urs/on
1ɑɹt,/art
1ɑɹtʃ,/arch
1ɑɹt0ək0əl,/art/ic/le
1ɑɹt0ək0əl,/art/ic/l/e
1ɑɹt0əst,/art/ist
1ɪʃ0u,/iss/ue
1ɪʃ0uz,/iss/ues
1ɜɹθ,/earth
1ɔɹ0ədʒ0ɪn,/or/ig/in
1ɔɹ0əndʒ,/or/ange
1ɑɡ0əst,/aug/ust
1ɔθ0əɹ,/auth/or
1ɛɹ0ɪ0ə,/a/re/a
1ɛɹ0ɪ0əz,/a/re/as
1ɪŋɡl0ɪʃ,/engl/ish
1ɑɹɡj0u,/argu/e
1ɑɹɡj0uz,/argu/es
1ɑɹɡj0əm0ɛnt,/arg/um/ent
1ɔɹɡ0ən,/org/an
1ɔɹɡ0ən2aɪz,/org/an/ize
2ɑbl0əɡ1eɪʃ0ən,/obl/ig/at/ion
2ɛd0ət1ɔɹ0ɪ0əl0ɪsts,/ed/it/or/i/al/ists
2ɛdʒ0ək1eɪʃ0ən,/ed/uc/at/ion
2ɛkspl0ən1eɪʃ0ən,/expl/an/at/ion
2ɛkstɹ0ə1ɔɹd0ən2ɛɹ0ɪ,/extr/a/ord/in/ar/y
2ɛks0əkj1uʃ0ən0əɹz,/ex/ec/ut/ion/ers
2ɛk0ən1ɑm0ɪk,/ec/on/om/ic
2ɔl#t0əɡ1ɛð0əɹ,/al#t/og/eth/er
2ɔl#ð1oʊ,/al#th/ough
2ɪm#pl1ænt,/im#pl/ant
2ɪm#pl1ɪs0ətl0ɪ,/im#pl/ic/itl/y
2ɪm1ædʒ0ən,/im/ag/ine
2ɪm1ædʒ0ɪn0ət0ɪv,/im/ag/in/at/ive
2ɪm1ædʒ0ɪn2ɛɹ0ɪ,/im/ag/in/ar/y
2ɪm2ædʒ0ən1eɪʃ0ən,/im/ag/in/at/ion
2ɛmb1æɹ0əst,/emb/arr/assed
2ɛmbɹ1eɪs,/embr/ace
2ɛmbɹ1eɪst,/embr/aced
2ɪm1id2i0ət,/imm/ed/i/ate
2ɪmp1ækt,/imp/act
2ɪmp1ækts,/imp/acts
2ɪmp0əɹ0ɪ1ɑl0ɪ,/imp/er/i/al/e
2ɪmp1ɑs0əbl,/imp/oss/ible
2ɪmp1ɔɹt0əns,/imp/ort/ance
2ɪmp1ɔɹt0ənt,/imp/ort/ant
2ɪmpɹ1uv,/impr/ove
2ɪmpɹ1uvm0ənt,/impr/ovem/ent
2ɪmpɹ1ɛʃ0ən0ɪst,/impr/ess/ion/ist
2ɪmj1un0ɪt0ɪz,/imm/un/it/ies
2ɪm0ət1eɪʃ0ən,/im/it/at/ion
2ɪm1ɛns,/imm/ense
2ʌn#d0əm1ɪn0ɪʃt,/un#d/im/in/ished
2ʌn#d0ɪst1ɪŋɡw0ɪʃt,/un#d/ist/ingu/ished
2ɪn#d1ɛt0ɪd#n0ɪs,/in#d/ebt/ed#n/ess
2ʌn#0ɪn1ɪʃ0ɪ2eɪt0ɪd,/un#/in/it/i/at/ed
2ɪn2ækt0ɪv1eɪʃ0ən,/in/act/iv/at/ion
2ɪnd1id,/ind/eed
2ɪnd0əv1ɪdʒ0əw0əlz,/ind/iv/id/u/als
2ɪnd0əv1ɪdʒ0ʊ0əl,/ind/iv/id/u/al
2ʌnd0əɹ#n1iθ,/und/er#n/eath
2ʌnd0əɹst1ænd,/und/erst/and
2ʌnd0əɹst1ænd0ɪŋ,/und/erst/and/ing
2ɪnd1ʌstɹ0ɪ0əl,/ind/ustr/i/al
2ɛndʒ1ɔɪ,/enj/oy
2ɛndʒ1ɔɪm0ənt,/enj/oym/ent
2ɪnfl0u1ɛnʃ0əl,/infl/u/ent/ial
2ɪnfl1ɪkʃ0ən,/infl/ict/ion
2ɪnf1ɛkt,/inf/ect
2ɪnf1ɛkʃ0ən,/inf/ect/ion
2ɪnf1ɛkʃ0əs,/inf/ect/ious
2ɪnf1ɜɹd,/inf/erred
2ɪnf1ɔɹm,/inf/orm
2ɪnf2ɔɹm1eɪʃ0ən,/inf/orm/at/ion
2ɛnkl1oʊʒ0əɹ,/encl/os/ure
2ɪnkl1ud,/incl/ude
2ɪnkl1udz,/incl/udes
2ɪnkl1ud0əd,/incl/ud/ed
2ɪnkl1ud0ɪŋ,/incl/ud/ing
2ɪnkl1us0ɪv,/incl/us/ive
2ɪnkw1aɪ0ə,/inqu/i/re
2ɪnkw1aɪɹ2i,/inqu/ir/y
2ɛnk1ɜɹ0ɪdʒ,/enc/ou/rage
2ɪnkɹ1is,/incr/ease
2ɪnkɹ1ist,/incr/eased
2ɪnkɹ1ɛd0ɪbl,/incr/ed/ible
2ɪnkɹ1ɛd0ɪbl0ɪ,/incr/ed/ibl/y
2ɪns1aɪd,/ins/ide
2ɪnskɹ1ɪpʃ0ənz,/inscr/ipt/ions
2ɪnst1ɛd,/inst/ead
2ɪnstɹ1ʌkt,/instr/uct
2ɪnstɹ1ʌkʃ0ən,/instr/uct/ion
2ɪns1ʌlt,/ins/ult
2ɪnt0əɹ#k0ən1ɛkʃ0ənz,/int/er#c/onn/ect/ions
2ɪnt0əɹ#k1ʌmp0ən0ɪ,/int/er#c/omp/an/y
2ɪnt0əɹ#l1ɑk,/int/er#l/ock
2ɛnt0ɜɹ#t1eɪn0ɪŋ,/ent/er#t/ain/ing
2ɪnt0əɹf1ɪ0ə,/int/erf/er/e
2ɪnt0əɹf1ɪɹ0əns,/int/erf/er/ence
2ɪnt0əɹn1æʃ0ən0əl,/int/ern/at/ion/al
2ɪnt0əɹn1æʃ0ən0əl0aɪzd,/int/ern/at/ion/al/ized
2ɛnt0əɹt1eɪn,/ent/ert/ain
2ɛnt0əɹt1eɪnm0ənt,/ent/ert/ainm/ent
2ɪnt0əɹ1ʌpt,/int/err/upt
2ɪnt0əɹ1ʌpʃ0ən,/int/err/upt/ion
2ɪnt0əɡɹ1eɪʃ0ən,/int/egr/at/ion
2ɪnt1ɛnd,/int/end
2ɪnt1ɛntʃ0ən,/int/ent/ion
2ɪntɹ0əd1us,/intr/od/uce
2ɪntɹ0əd1ʌkʃ0ən,/intr/od/uct/ion
2ɪntɹ0əʊd1ust,/intr/od/uced
2ɪnv1aɪt,/inv/ite
2ɪnv0ɪt1eɪʃ0ən,/inv/it/at/ion
2ɪnv1ɑlv,/inv/olve
2ɪnv1ɑlvd,/inv/olved
2ɪnv1ɛnt,/inv/ent
2ɪnv1ɛnt0əɹ,/inv/ent/or
2ɪnv1ɛnʃ0ən,/inv/ent/ion
2ɪnv1ɛstm0ənt,/inv/estm/ent
2ɪnv1ɛst0əɹz,/inv/est/ors
2ɪn0əv1eɪʃ0ən,/inn/ov/at/ion
2ɪn0ɔɹɡ1æn0ɪk,/in/org/an/ic
2ɪnʃ1ʊ0ə,/ins/u/re
2ɪnʃ1ʊɹ0əns,/ins/ur/ance
2ɪnʃ1ʊɹ0əns0ɪz,/ins/ur/anc/es
2ɑp0əz1ɪʃ0ən,/opp/os/it/ion
2ɑp0əɹ1eɪʃ0ən,/op/er/at/ion
2ɑp0əɹt1un0ət0ɪ,/opp/ort/un/it/y
2ɛsk0ən1ɑb0ə,/esc/an/ab/a
2ɪt#s1ɛlf,/it#s/elf
2ɛv0əl1uʃ0ən,/ev/ol/ut/ion
2ɛv0əɹ#l1æst0ɪŋ,/ev/er#l/ast/ing
2ɑɹn1ɛlz,/arn/elle's
2ɑɹt0əf1ɪʃ0əl,/art/if/ic/ial
2ɔɹ0ɪɡ1ɑm2i,/or/ig/am/i
2ɔɹɡ0ən0əz1eɪʃ0ən,/org/an/iz/at/ion
ɹ1æb0ət,r/abb/it
ɡ1æb0ɪŋ,g/abb/ing
ʃ1æd2oʊ,sh/ad/ow
ʃ1æl,sh/all
ɡ1æl0ən,g/all/on
ɡ1æl0əntɹ0ɪ,g/all/antr/y
ʃ1æl0əʊ,sh/all/ow
ɡ1æp,g/ap
ɹ1æp,wr/ap
ɹ1æp0əd,r/ap/id
ɡ1æs,g/as
ɡ1æs0əl2in,g/as/ol/ine
ɹ1æt,r/at
θ1ætʃ,th/ach
ɹ1æt0əl0ɪŋ,r/att/l/ing
ʃ1aw0əɹ,sh/ow/er
ɡ1æð0əɹ,g/ath/er
ɹ1æð0əɹ,r/ath/er
ʃ1æŋ#h1aɪ,sh/ang#h/ai
ɹ1æŋk,r/ank
θ1æŋk,th/ank
θ1æŋks,th/anks
ɡ2æl0əɹ1i0ə,g/al/er/i/a
ɡ1aɪ,g/uy
ɡ1aɪd,gu/ide
ɹ1aɪd,r/ide
ɡ1aɪd0əns,gu/id/ance
ʃ1aɪn,sh/ine
ɹ1aʊnd,r/ound
ɹ1aɪp,r/ipe
ɹ1aɪpn,r/ipen
ɹ1aɪs,r/ice
ɹ1aɪt,r/ight
ʃ1aʊt,sh/out
ɹ1aɪt,wr/ite
ɹ1aɪts,r/ights
ɹ1aʊt0əɹ,r/outer/
ɹ1aɪt0ɪŋ,wr/it/ing
ɹ1aɪv0əl,r/iv/al
ɹ1aɪv0əlɹ0ɪ,r/iv/alr/y
ɡ1aɪz,g/uys
ɹ1aɪz,r/ise
θ1aʊz0ənd#θ,th/ous/and#th
θ1aʊz0ənd,th/ous/and
θ1aʊz0əndz,th/ous/ands
ɡ1aʊ0ɪnz,g/ow/ins
ɹ1aɪ0əts,r/i/ots
ɹ1aɪ0ɪθ,r/i/eth
ɡ1eɪ,g/ay
ɹ1eɪ,r/ay
ʃ1eɪd,sh/ade
ɹ1eɪd0ɪ2oʊ,r/ad/i/o
ɹ1eɪk,r/ake
ʃ1eɪk,sh/ake
ʃ1eɪk0ɪn0ɛs,sh/ak/in/ess
ʃ1eɪk0ɪ0ɪst,sh/ak/i/est
ɹ1eɪl#w2eɪ,r/ail#w/ay
ɹ1eɪl,r/ail
ɹ1eɪlɹ2oʊd,r/ailr/oad
ɡ1eɪm,g/ame
ʃ1eɪm,sh/ame
ɡ1eɪmz,g/ames
ɡ1eɪn,g/ain
ɹ1eɪn,r/ain
ɹ1eɪndʒ,r/ange
ɹ1eɪn0əʊ,r/ayn/o
ʃ1eɪp,sh/ape
ɹ1eɪs,r/ace
ɡ1eɪt,g/ate
ɹ1eɪt,r/ate
ɡ1eɪt0əɹ,g/at/or
ɡ1eɪv,g/ave
ʃ1eɪv,sh/ave
ɹ1eɪz,r/aise
ɹ1eɪz0əɹ,r/az/or
ʃ1i,sh/e
θ1id,th/iede
ɹ1id0ɪŋ,r/ead/ing
ɹ1idʒ0ən,r/eg/ion
θ1if,th/ief
ɹ1if2ʌnd,r/ef/und
ɹ1if2ʌndz,r/ef/unds
ʃ1ild,sh/ield
ʃ1ip,sh/eep
ɹ1is0ənt,r/ec/ent
ɹ1is0əntl0ɪ,r/ec/entl/y
ɹ1is0ɔɹs,r/es/ource
ɹ1is0ɔɹs0ɪz,r/es/ourc/es
ʃ1it,sh/eet
ɹ1itʃ,r/each
ɹ1iz0ən,r/eas/on
ɹ1iz0ənz,r/eas/ons
ɹ1iz0ən0əbl,r/eas/on/able
ɹ1i0əl,r/e/al
ɹ1i0əl2aɪz,r/e/al/ize
ɹ1i0əl2aɪzd,r/e/al/ized
ɹ1i0əl2aɪz0ɪŋ,r/e/al/iz/ing
ɹ1iɡ0əl0ɪ,r/eg/all/y
θ1i0əɪt0əɹ,th/e/at/er
ɹ1iɡ0əɹ,r/eg/er
ɹ2i1æl0ət2i,r/e/al/it/y
ɹ2ik1aʊnt,r/ec/ount
ɹ2ikw1aɪ0əɹ,r/equ/i/re
ɹ2ipl1eɪs,r/epl/ace
ɹ2ip1ɔɹt0əd,r/ep/ort/ed
ɹ2ipɹ0əd1us,r/epr/od/uce
ɹ2ipɹ0əd1ʌkʃ0ən,r/epr/od/uct/ion
ɹ2ivj1u,r/evi/ew
ɡl1æd,gl/ad
ɡl1æd,gl/add
ɡl1æs,gl/ass
ʃl1aɪm0əɹ,schl/eim/er
ɡl1oʊb0əl,gl/ob/al
ɡl1u,gl/ue
ɡl1ut0ən,gl/ut/en
ɡl1ɔɹ0ɪ,gl/or/y
ɡ1oʊ,g/o
ɹ1oʊ,r/ow
ʃ1oʊ,sh/ow
ɹ1oʊb2ɑt,r/ob/ot
ɹ1oʊd#1aɪl0ənd0əɹz,rh/ode#/isl/and/ers
ɹ1oʊd#ɹ2ʌn0əɹ,r/oad#r/unn/er
ɹ1oʊd,r/oad
ʃ1oʊd,sh/owed
ɡ1oʊl,g/oal
ɹ1oʊl,r/ole
ɹ1oʊl,r/oll
ɡ1oʊld#m2ɑɹk,g/old#m/ark
ɡ1oʊld,g/old
ɡ1oʊld0ən,g/old/en
ʃ1oʊld0əɹ,sh/ould/er
ʃ1oʊn,sh/own
ɹ1oʊp,r/ope
ɹ1oʊst,r/oast
ɡ1oʊt,g/oat
ɹ1oʊt,wr/ote
ɡ1oʊz,g/oes
ɹ1oʊz,r/ose
ʃ1oʊz,sh/ows
ɹ1oʊɡ,r/ogue
ɡ1oʊ0ɪŋ,g/o/ing
ʃ1oʊ0ɪŋ,sh/ow/ing
ʃ1u,sh/oe
ɹ1ud,r/ude
ɹ1uf,r/oof
ɹ1ul,r/ule
ɹ1ulz,r/ules
ɹ1ul0əɹ,r/ul/er
ɹ1um,r/oom
ɡ1us#b2ɛɹ0ɪ,g/oose#b/err/y
ɹ1ut,r/oot
ʃ1ut,sh/oot
ɹ1ut0əd,r/out/ed
ɹ1u0ɪn,r/u/in
ɹ1u0ənz,r/u/ins
ɡ1uɡl,g/oogle
ʃv1ɛd,szw/ed
ɡj1ubl0əɹ,g/ubl/er
θ0ɪ1ætɹ0ɪk0əl,th/e/atr/ic/al
0əʊb1eɪ,/ob/ey
0əʊb1eɪ0ɪŋ,/ob/ey/ing
0əʊb1id0ɪ0əns,/ob/ed/i/ence
0əʊb1id0ɪ0ənt,/ob/ed/i/ent
ɡ0ʊd#b1aɪ,g/ood#b/ye
ɹ0ɪd1im,r/ed/eem
ɹ0ɪd1us,r/ed/uce
ɹ0ɪd1ʌkʃ0ən,r/ed/uct/ion
ɹ0ɪdʒ1ɛkt,r/ej/ect
ɹ0ɪdʒ1ɔɪs,r/ej/oice
ɹ0əfl1ɛkt,r/efl/ect
ɹ0əfl1ɛkʃ0ən,r/efl/ect/ion
ɹ0əfj1uz,r/ef/use
ɹ0əfj1uz0əl,r/ef/us/al
ɹ0ɪf1ɜɹ,r/ef/er
ɹ0ɪf1ɜɹ0əlz,r/ef/err/als
ɹ0ɪfɹ1eɪnz,r/efr/ains
ɹ0ɪfɹ1ɛʃ,r/efr/esh
ɹ0ɪh1aɪɹ0ɪŋ,r/eh/ir/ing
ɹ0ɪh1i0ə,r/eh/ea/r
ɹ0ɪh1ɜɹs0əl,r/eh/ears/al
ɹ0ɪk1æptʃ0əɹd,r/ec/apt/ured
ɹ0ɪkw1aɪ0əm0ənt,r/equ/ire/m/ent
ɹ0ɪkw1aɪ0əɹd,r/equ/i/red
ɹ0ɪkw1aɪɹ#m0ənts,r/equ/ire#m/ents
ɹ0ɪkw1ɛst,r/equ/est
ɹ0ɪk1ʌv0əɹ0əbl,r/ec/ov/er/able
ɹ0ək1ɔɹd,r/ec/ord
ɹ0ɪl1eɪt,r/el/ate
ɹ0ɪl1eɪt0ɪd,r/el/at/ed
ɹ0ɪl1eɪʃ0ən,r/el/at/ion
ɹ0ɪl1eɪʃ0ən#ʃ2ɪp,r/el/at/ion#sh/ip
ɹ0ɪl1if,r/el/ief
ɹ0ɪl1is,r/el/ease
ɹ0ɪl1ist,r/el/eased
ɹ0ɪl1iv,r/el/ieve
ɹ0ɪl1ɪdʒ0ən,r/el/ig/ion
ɹ0ɪl1ɪdʒ0əs,r/el/ig/ious
ɹ0ɪl1ɜɹn0ɪŋ,r/el/earn/ing
0əʊl1ɪɹ0ɪz,/o'l/ear/y's
ɹ0ɪm1aɪnd,r/em/ind
ɡ0əm1aɪ0əlz,g/em/ay/el's
ɹ0ɪm1eɪn,r/em/ain
ɹ0ɪm1eɪnd,r/em/ained
ɹ0ɪm1uv,r/em/ove
ɹ0ɪm1ɛmb0əɹ,r/em/emb/er
0əʊm1ɪt,/om/it
ɹ0ɪm1ɑɹk,r/em/ark
ɹ0ɪm1ɔɹs,r/em/orse
0əʊm1ɛɡ0ə,/om/eg/a
0əʊm1ɪʃ0ən,/om/iss/ion
ɹ0ɪp1it,r/ep/eat
ɹ0ɪpl1aɪ,r/epl/y
ɹ0ɪp1ʌbl0ək,r/ep/ubl/ic
ɹ0ɪp1ʌbl0ɪk0ənz,r/ep/ubl/ic/ans
0əʊp1ɑs0əm,/op/oss/um
ɹ0ɪp1ɛ0ə,r/ep/ai/r
ɹ0ɪp1ɔɹt,r/ep/ort
ɹ0ɪp1ɔɹts,r/ep/orts
ɹ0ɪs1it,r/ec/eipt
ɹ0əs1iv,r/ec/eive
ɹ0əs1ivd,r/ec/eived
ɹ0ɪsp1ɛkt#f0əl,r/esp/ect#f/ul
ɹ0ɪsp1ɛkt,r/esp/ect
ɹ0ɪsp1ɛkt0ɪd,r/esp/ect/ed
ɹ0ɪsp1ɑns,r/esp/onse
ɹ0ɪsp1ɑns0əbl,r/esp/ons/ible
ɹ0ɪsp1ɑns0əbl,r/esp/ons/ibl/e
ɹ0ɪst0əɹ1ɑnt0əɪz,r/ist/or/ant/es
ɹ0ɪstɹ1eɪnts,r/estr/aints
ɹ0ɪs1ɛpʃ0ən0ɪsts,r/ec/ept/ion/ists
ɹ0ɪs1ɔɹts,r/es/orts
ɹ0ɪs1ɜɹtʃ,r/es/earch
ɹ0ɪt1aɪ0ə,r/et/i/re
ɹ0ɪt1ɜɹn,r/et/urn
ɹ0ɪtɹ1iv,r/etr/ieve
ɹ0ɪtɹ1ivd,r/etr/ieved
ɹ0ɪv1aɪvd,r/ev/ived
ɹ0ɪv1oʊk,r/ev/oke
ɹ0ɪv1oʊkt,r/ev/oked
0əʊv0əɹ#tɹ1eɪn0ɪŋ,/ov/er#tr/ain/ing
ɹ0ɪv1ɛndʒ,r/ev/enge
ɹ0ɪv1ɜɹs0əlz,r/ev/ers/als
ɹ0ɪw1ɔɹd,r/ew/ard
ɹ0ɪz1aɪn,r/es/ign
ɹ0ɪz1ʌlt,r/es/ult
ɹ0ɪz1ʌlts,r/es/ults
ɹ0ɪz1ɪst,r/es/ist
ɹ0ɪz1ɪst0əns,r/es/ist/ance
ɹ0ɪz1ɜɹv,r/es/erve
ɹ0ɪʃ1ʌf0əl0ɪŋ,r/esh/uff/l/ing
ɡ0əɹ1ɑʒ,g/ar/age
ɹ0ɪɡ1ɑɹd,r/eg/ard
ɡ0əɹ1ɑɹd0ɪ,gh/er/ard/i
ɹ0ɪθ1ɪŋk0ɪŋ,re#th/ink/ing
ɡ0əɹɡ1ɑn0əʊ,g/arg/an/o
ɹ0əɡɹ1ɛt,r/egr/et
ɹ1ɑ,r/aw
ɹ1ɑb,r/ob
ɹ1ʌb,r/ub
ɹ1ɪb0ən,r/ibb/on
ɹ1ɑb0ɪn,r/ob/in
ɹ1ʌb0əɹ,r/ubb/er
ɹ1ʌb0ɪʃ,r/ubb/ish
ɹ1ɑb0əɹ0ɪ,r/obb/er/y
ɹ1ɛd#f1ild,r/ed#f/ield
ɡ1ɑd,g/od
ɡ1ʊd,g/ood
ɹ1ɛd,r/ed
ɹ1ɛd,r/ead
ɹ1ɪd,r/id
ɹ1ɑd,r/od
ʃ1ʊd,sh/ould
ɡ1ʊdl0ɪ,g/oodl/y
ɹ1ɛdn,r/edden
ɡ1ʊdz,g/oods
ɹ1ɛd0ɪ,r/ead/y
ɹ1ɑd0ən#b0ɛɹ0ɪ,r/odd/en#b/err/y
ɹ1ʌf,r/ough
ɡ1ɪft,g/ift
ɹ1ɛf0əɹ0ɛns,r/ef/er/ence
ɹ1ɪfɹ1eɪm,r/efr/ame
ɹ1ɪfɹ1eɪmd,r/efr/amed
ɡ1ɑlk,g/ohlke
ɹ1ɑk,r/ock
ʃ1ɑk,sh/ock
θ1ɪk,th/ick
ɹ1ɛk,wr/eck
θ1ɪkn,th/icken
θ1ɪk0ən,th/ick/en
ɹ1ɛk0əɡn2aɪz,r/ec/ogn/ize
ʃ1ɛl#ʃ2ɑk,sh/ell#sh/ock
1ɔɪl,/oil
ʃ1ɛl,sh/ell
ʃ1ɛlf,sh/elf
ɡ1ɔlk0ɪ,g/ohlk/e
ɡ1ɪlt,gu/ilt
ʃ1ɛlt0əɹ,sh/elt/er
ʃ1ɛlt0əɹd,sh/elt/ered
ɹ1ɛl0ət0ɪv,r/el/at/ive
ʃ1ɪl0ɪŋ,sh/ill/ing
θ1ʌm,th/umb
ɹ1ɛm0əd0ɪ,r/em/ed/y
ɹ1ɑm0ɪnz,r/om/ines
ɡ1ɔn,g/awne
ɡ1ɔn,g/one
ɡ1ʌn,g/un
ɹ1ʌn,r/un
θ1ɪn,th/in
θ1ʌnd0əɹ,th/und/er
ɹ1ɛnt,r/ent
ɹ1ʌn0ɪŋ,r/unn/ing
ʃ1ɑp#k2ip0əɹ,sh/op#k/eep/er
ʃ1ɪp,sh/ip
ʃ1ɑp,sh/op
ɡ1ɛs,gu/ess
ɹ1ʌs,r/usse
ɹ1ɪsk,r/isk
ɹ1ɛskj0u,r/esc/ue
ɡ1ɛsk0əʊ,g/esc/o
ʃ1ɪsl0əɹ,sh/isl/er
ɡ1ɛst,gu/est
ɹ1ɛst,r/est
ɹ1ʌst,r/ust
ɹ1ɪst,wr/ist
ɹ1ɛst0əɹ2ɑnt,r/est/aur/ant
ɡ1ɛt,g/et
ɡ1ɑt,g/ot
ɹ1ɑt,r/ot
ʃ1ɑt,sh/ot
ʃ1ʌt,sh/ut
ʃ1ʌt,sh/utt
θ1ɔt,th/ought
ɹ1ɑtn,r/otten
ɹ1ɪtn,wr/itten
ɡ1ɛts,g/ets
ɹ1ɪtʃ#n0ɛs,r/ich#n/ess
ɹ1ɪtʃ,r/ich
ɹ1ɪt0ən,wr/itt/en
ɡ1ɛt0ɪŋ,g/ett/ing
ɡ1ɪv,g/ive
ɡ1ɪvn,g/iven
ɡ1ɪvz,g/ives
ɡ1ʌv0ɜm0ənt,g/ov/ernm/ent
ɹ1ɛv0ənj2u0əɹz,r/ev/en/u/ers
ɡ1ɪv0ɪŋ,g/iv/ing
ɹ1ɪv0əɹ,r/iv/er
ɡ1ʌv0əɹn,g/ov/ern
ɡ1ʌv0əɹnm0ɛnt,g/ov/ernm/ent
ɡ1ʌv0əɹn0əɹ,g/ov/ern/or
ʃ1ɑw0əɹ,sh/ow/er
ɡ1ɪz0əɹd,g/izz/ard
ɹ1ɪz0əʊ,r/es/o
ɹ1ɔŋ#d0u0ɪŋ,wr/ong#d/o/ing
ɡ1ɜɹl#h2ʊd,g/irl#h/ood
ɡ1ɔɹ,g/oar
ɹ1ɪŋ,r/ing
ɹ1ɔɹ,r/oar
ɹ1ʌɡ,r/ug
ɹ1ʌʃ,r/ush
ʃ1ɔɹ,sh/ore
θ1ɪŋ,th/ing
ɹ1ɔŋ,wr/ong
ɹ1ɛ0ə,r/a/re
ʃ1ɛ0ə,sh/a/re
ʃ1ʊ0ə,s/u/re
ɹ1ɪ0əl0ɪ,r/e/all/y
θ1ɪ1ʌɹ0ɪ,th/e/or/y
ɡ1ɜɹd,ger/d
ɡ1ɑɹd,gu/ard
θ1ɜɹd,th/ird
ɡ1ɜɹdl0əɹ,g/irdl/er
ɡ1ɑɹdn,g/arden
ɡ1ɑɹd0ən,g/ard/en
θ1ɪŋk,th/ink
ɡ1ɪŋk2oʊ,g/ingk/o
θ1ɪŋk0ɪŋ,th/ink/ing
ɡ1ɜɹl,g/irl
ɡ1ɜɹlz,g/irls
ʃ1ɑɹl0əts#v2ɪl,ch/arl/ottes#v/ille
ʃ1ɑɹl0əvw0ə,ch/arle#v/oix
ɡ1ɜɹl0ɪʃ,g/irl/ish
ɡ1ɑɹm0ənt,g/arm/ent
θ1ɔɹn,th/orn
ʃ1ɑɹp,sh/arp
ʃ1ɑɹpn,sh/arpen
ʃ1ɑɹp0ən,sh/arp/en
θ1ɜɹst,th/irst
θ1ɜɹst0ɪ,th/irst/y
ʃ1ɜɹt,sh/irt
ʃ1ɔɹt,sh/ort
θ1ɜɹt2i,th/irt/y
ʃ1ɔɹtn,sh/orten
ʃ1ɔɹt0ən,sh/ort/en
ʃ1ɔɹt0ənd,sh/ort/ened
θ1ɔɹv1ɑld,th/orv/ald
ɹ1ɛɡj0ul0əɹ,r/eg/ul/ar
ɹ1ɛɡj0əl2eɪt0əɹ,r/eg/ul/at/or
θ1ɪŋz,th/ings
ʃ1ɛɹ0ɪfs,sh/er/iff's
ɡ1ʌʃ0ɪŋ,g/ush/ing
ɹ1ɪɡ0əɹ,r/ig/or
ʃ1ʊɡ0əɹ,s/ug/ar
θ1ʌɹ0əʊ,th/or/ough
ɹ2ɪb1ɛld,r/eb/elled
ɹ2ɛk0əm1ɛnd,r/ec/omm/end
ɹ2ɛk0əɡn1ɪʃ0ən,r/ec/ogn/it/ion
ɹ2ɛpj0ət1eɪʃ0ən,r/ep/ut/at/ion
ɹ2ɛp0ət1ɪʃ0ən,r/ep/et/it/ion
ɹ2ɛpɹ0ɪz1ɛnt,r/epr/es/ent
ɹ2ɛpɹ0əz1ɛnts,r/epr/es/ents
ɹ2ɛpɹ0əz1ɛnt0ət0ɪv,r/epr/es/ent/at/ive
ɹ2ɛv0əl1uʃ0ən,r/ev/ol/ut/ion
ʃ2ɪz0əfɹ1ɛn0ɪk,sch/iz/ophr/en/ic
θ2ɜɹd#kw1ɔɹt0əɹ,th/ird#qu/art/er
ɡɹ1ædʒ0u0əl,gr/ad/u/al
ɡɹ1æm,gr/am
ɡɹ1æm0əɹ,gr/amm/ar
ɡɹ1ænd#f2ɑð0əɹ,gr/and#f/ath/er
ɡɹ1ænd#m2ʌð0əɹ,gr/and#m/oth/er
ɡɹ1ænd,gr/and
ɡɹ1ænt,gr/ant
ɡɹ1æs#ɡɹ2in,gr/ass#gr/een
ɡɹ1æs,gr/ass
ɡɹ1æs0ɪz,gr/ass/es
ɡɹ1aɪnd,gr/ind
ɡɹ1aʊnd,gr/ound
ɡɹ1aʊtʃ,gr/ouch
ɡɹ1eɪ,gr/ay
ɡɹ1eɪn,gr/ain
ɡɹ1eɪs,gr/ace
ɡɹ1eɪs#f0əl,gr/ace#f/ul
ɡɹ1eɪt,gr/eat
ɡɹ1eɪt#f0əl,gr/ate#f/ul
ɡɹ1eɪt0əɹ,gr/eat/er
ɡɹ1eɪv#j2ɑɹdz,gr/ave#y/ards
ɡɹ1eɪv,gr/ave
θɹ1i,thr/ee
ɡɹ1id,gr/eed
ɡɹ1if,gr/ief
ɡɹ1in,gr/een
ɡɹ1is,gr/ease
ɡɹ1it,gr/eet
ɡɹ1it0ɪŋ,gr/eet/ing
ɡɹ1iv,gr/ieve
ɡɹ2id0ɪ0ɪst,gr/eed/i/est
ɡɹ1oʊ,gr/ow
θɹ1oʊ,thr/ow
ɡɹ1oʊbn0əɹ,gr/oebn/er
θɹ1oʊt,thr/oat
ɡɹ1oʊθ,gr/owth
ɡɹ1oʊ0ɪŋ,gr/ow/ing
θɹ0u#1aʊt,thr/ough#/out
ɡɹ1u,gr/ew
θɹ1u,thr/ough
ɡɹ1ul0ɪŋ,gr/uel/ing
ɡɹ1up,gr/oup
θɹ1up,thr/oop
ɡɹ1ups,gr/oups
ɹ0əʊm1æns0ɪz,r/om/anc/es
ɡɹ0əm1æt0ək0əl,gr/amm/at/ic/al
θɹ1ɛd,thr/ead
ɡɹ1ʌmb0əl0ɪŋz,gr/umb/l/ings
ɡɹ1ɛn0ɪtʃ,gr/eenw/ich
θɹ1ɛt,thr/eat
θɹ1ɛtn,thr/eaten
θɹ1ɛt0ən,thr/eat/en
ɹ1ɔɪj0əlt0ɪ,r/oy/alt/y
ɹ1ɔɪ0əl,r/oy/al
ɹ1ɔɪj0əl,r/oy/al
ɹ1ɔɪ0əlt0ɪ,r/oy/alt/y
